Name,"Modified Time","Change Time","Access Time","Created Time",Size,"Flags(Dir)","Flags(Meta)",Known,Location,"MD5 Hash","SHA-256 Hash","MIME Type",Extension
chat.txt,"2025-06-23 10:40:35 EDT","2025-06-23 10:41:08 EDT","2025-08-01 03:55:51 EDT","2025-06-23 10:40:35 EDT",139,Allocated,Allocated,unknown,"/img_imagen_victima.img/vol_vol5/home/reports/chat.txt",,,text/plain,txt
gfxblacklist.txt,"2025-06-21 14:36:46 EDT","2025-06-21 14:36:46 EDT","2025-06-21 14:36:46 EDT","2025-06-21 14:36:46 EDT",712,Allocated,Allocated,unknown,"/img_imagen_victima.img/vol_vol5/boot/grub/gfxblacklist.txt",,,text/plain,txt
credentials.txt,"2025-06-23 10:09:58 EDT","2025-06-23 10:10:41 EDT","2025-06-23 10:09:58 EDT","2025-06-23 10:09:58 EDT",19,Allocated,Allocated,unknown,"/img_imagen_victima.img/vol_vol5/opt/.archive/credentials.txt",,,text/plain,txt
log_failed_password.txt,"2025-08-07 06:52:37 EDT","2025-08-07 06:52:37 EDT","2025-08-01 13:10:58 EDT","2025-08-01 12:52:55 EDT",0,Unallocated,Unallocated,unknown,"/img_imagen_victima.img/vol_vol5/tmp/log_failed_password.txt",,,application/octet-stream,txt
"log_accepted_password.txt","2025-08-07 06:52:37 EDT","2025-08-07 06:52:37 EDT","2025-08-01 13:10:58 EDT","2025-08-01 12:54:00 EDT",0,Unallocated,Unallocated,unknown,"/img_imagen_victima.img/vol_vol5/tmp/log_accepted_password.txt",,,application/octet-stream,txt
log_sudo_commands.txt,"2025-08-07 06:52:37 EDT","2025-08-07 06:52:37 EDT","2025-08-01 13:10:58 EDT","2025-08-01 12:55:36 EDT",0,Unallocated,Unallocated,unknown,"/img_imagen_victima.img/vol_vol5/tmp/log_sudo_commands.txt",,,application/octet-stream,txt
log_cron.txt,"2025-08-07 06:52:37 EDT","2025-08-07 06:52:37 EDT","2025-08-01 13:10:58 EDT","2025-08-01 12:56:18 EDT",0,Unallocated,Unallocated,unknown,"/img_imagen_victima.img/vol_vol5/tmp/log_cron.txt",,,application/octet-stream,txt
log_installs.txt,"2025-08-07 06:52:37 EDT","2025-08-07 06:52:37 EDT","2025-08-01 13:10:58 EDT","2025-08-01 12:57:31 EDT",0,Unallocated,Unallocated,unknown,"/img_imagen_victima.img/vol_vol5/tmp/log_installs.txt",,,application/octet-stream,txt
log_upgrades.txt,"2025-08-07 06:52:37 EDT","2025-08-07 06:52:37 EDT","2025-08-01 13:10:58 EDT","2025-08-01 12:58:17 EDT",0,Unallocated,Unallocated,unknown,"/img_imagen_victima.img/vol_vol5/tmp/log_upgrades.txt",,,application/octet-stream,txt
PatternGrammar.txt,"2021-05-11 04:35:23 EDT","2025-06-21 14:34:51 EDT","2025-06-21 14:34:51 EDT","2025-06-21 14:34:51 EDT",793,Allocated,Allocated,unknown,"/img_imagen_victima.img/vol_vol5/usr/lib/python3.8/lib2to3/PatternGrammar.txt",,,text/plain,txt
Grammar.txt,"2021-05-11 04:35:23 EDT","2025-06-21 14:34:51 EDT","2025-06-21 14:34:51 EDT","2025-06-21 14:34:51 EDT",8676,Allocated,Allocated,unknown,"/img_imagen_victima.img/vol_vol5/usr/lib/python3.8/lib2to3/Grammar.txt",,,text/plain,txt
LICENSE.txt,"2025-03-18 16:04:55 EDT","2025-06-21 14:45:07 EDT","2025-06-21 14:45:04 EDT","2025-06-21 14:45:07 EDT",72,Unallocated,Allocated,unknown,"/img_imagen_victima.img/vol_vol5/usr/lib/python3.8/LICENSE.txt",,,text/plain,txt
LICENSE.txt,"2025-03-18 16:04:55 EDT","2025-06-21 14:45:05 EDT","2025-06-21 14:45:04 EDT","2025-06-21 14:45:05 EDT",13925,Allocated,Allocated,unknown,"/img_imagen_victima.img/vol_vol5/usr/lib/python3.8/LICENSE.txt",,,text/plain,txt
PatternGrammar.txt,"2021-05-11 04:35:23 EDT","2025-06-21 14:34:51 EDT","2025-06-21 14:34:51 EDT","2025-06-21 14:34:51 EDT",793,Allocated,Allocated,unknown,"/img_imagen_victima.img/vol_vol5/usr/lib/python3.9/lib2to3/PatternGrammar.txt",,,text/plain,txt
Grammar.txt,"2021-05-11 04:35:23 EDT","2025-06-21 14:34:52 EDT","2025-06-21 14:34:52 EDT","2025-06-21 14:34:52 EDT",8696,Allocated,Allocated,unknown,"/img_imagen_victima.img/vol_vol5/usr/lib/python3.9/lib2to3/Grammar.txt",,,text/plain,txt
entry_points.txt,"2020-03-21 11:50:44 EDT","2025-06-21 14:34:52 EDT","2025-06-21 14:34:52 EDT","2025-06-21 14:34:52 EDT",63,Allocated,Allocated,unknown,"/img_imagen_victima.img/vol_vol5/usr/lib/python3/dist-packages/Automat-0.8.0.egg-info/entry_points.txt",,,text/plain,txt
dependency_links.txt,"2020-03-21 11:50:44 EDT","2025-06-21 14:34:52 EDT","2025-06-21 14:34:52 EDT","2025-06-21 14:34:52 EDT",1,Allocated,Allocated,unknown,"/img_imagen_victima.img/vol_vol5/usr/lib/python3/dist-packages/Automat-0.8.0.egg-info/dependency_links.txt",,,text/plain,txt
requires.txt,"2020-03-21 11:50:44 EDT","2025-06-21 14:34:52 EDT","2025-06-21 14:34:52 EDT","2025-06-21 14:34:52 EDT",44,Allocated,Allocated,unknown,"/img_imagen_victima.img/vol_vol5/usr/lib/python3/dist-packages/Automat-0.8.0.egg-info/requires.txt",,,text/plain,txt
top_level.txt,"2020-03-21 11:50:44 EDT","2025-06-21 14:34:52 EDT","2025-06-21 14:34:52 EDT","2025-06-21 14:34:52 EDT",8,Allocated,Allocated,unknown,"/img_imagen_victima.img/vol_vol5/usr/lib/python3/dist-packages/Automat-0.8.0.egg-info/top_level.txt",,,text/plain,txt
top_level.txt,"2020-01-02 22:56:09 EST","2025-06-21 14:34:52 EDT","2025-06-21 14:34:52 EDT","2025-06-21 14:34:52 EDT",6,Allocated,Allocated,unknown,"/img_imagen_victima.img/vol_vol5/usr/lib/python3/dist-packages/Click-7.0.egg-info/top_level.txt",,,text/plain,txt
dependency_links.txt,"2020-01-02 22:56:09 EST","2025-06-21 14:34:52 EDT","2025-06-21 14:34:52 EDT","2025-06-21 14:34:52 EDT",1,Allocated,Allocated,unknown,"/img_imagen_victima.img/vol_vol5/usr/lib/python3/dist-packages/Click-7.0.egg-info/dependency_links.txt",,,text/plain,txt
entry_points.txt,"2025-03-12 12:53:04 EDT","2025-06-21 14:46:14 EDT","2025-06-21 14:46:14 EDT","2025-06-21 14:46:14 EDT",72,Allocated,Allocated,unknown,"/img_imagen_victima.img/vol_vol5/usr/lib/python3/dist-packages/Jinja2-2.10.1.egg-info/entry_points.txt",,,text/plain,txt
dependency_links.txt,"2025-03-12 12:53:04 EDT","2025-06-21 14:46:14 EDT","2025-06-21 14:46:14 EDT","2025-06-21 14:46:14 EDT",1,Allocated,Allocated,unknown,"/img_imagen_victima.img/vol_vol5/usr/lib/python3/dist-packages/Jinja2-2.10.1.egg-info/dependency_links.txt",,,text/plain,txt
requires.txt,"2025-03-12 12:53:04 EDT","2025-06-21 14:46:14 EDT","2025-06-21 14:46:14 EDT","2025-06-21 14:46:14 EDT",19,Allocated,Allocated,unknown,"/img_imagen_victima.img/vol_vol5/usr/lib/python3/dist-packages/Jinja2-2.10.1.egg-info/requires.txt",,,text/plain,txt
top_level.txt,"2025-03-12 12:53:04 EDT","2025-06-21 14:46:14 EDT","2025-06-21 14:46:14 EDT","2025-06-21 14:46:14 EDT",7,Allocated,Allocated,unknown,"/img_imagen_victima.img/vol_vol5/usr/lib/python3/dist-packages/Jinja2-2.10.1.egg-info/top_level.txt",,,text/plain,txt
top_level.txt,"2020-02-18 04:44:10 EST","2025-06-21 14:34:52 EDT","2025-06-21 14:34:52 EDT","2025-06-21 14:34:52 EDT",11,Allocated,Allocated,unknown,"/img_imagen_victima.img/vol_vol5/usr/lib/python3/dist-packages/MarkupSafe-1.1.0.egg-info/top_level.txt",,,text/plain,txt
dependency_links.txt,"2020-02-18 04:44:10 EST","2025-06-21 14:34:52 EDT","2025-06-21 14:34:52 EDT","2025-06-21 14:34:52 EDT",1,Allocated,Allocated,unknown,"/img_imagen_victima.img/vol_vol5/usr/lib/python3/dist-packages/MarkupSafe-1.1.0.egg-info/dependency_links.txt",,,text/plain,txt
dependency_links.txt,"2020-03-15 07:35:24 EDT","2025-06-21 14:34:52 EDT","2025-06-21 14:34:52 EDT","2025-06-21 14:34:52 EDT",1,Allocated,Allocated,unknown,"/img_imagen_victima.img/vol_vol5/usr/lib/python3/dist-packages/PyGObject-3.36.0.egg-info/dependency_links.txt",,,text/plain,txt
requires.txt,"2020-03-15 07:35:24 EDT","2025-06-21 14:34:52 EDT","2025-06-21 14:34:52 EDT","2025-06-21 14:34:52 EDT",16,Allocated,Allocated,unknown,"/img_imagen_victima.img/vol_vol5/usr/lib/python3/dist-packages/PyGObject-3.36.0.egg-info/requires.txt",,,text/plain,txt
top_level.txt,"2020-03-15 07:35:24 EDT","2025-06-21 14:34:52 EDT","2025-06-21 14:34:52 EDT","2025-06-21 14:34:52 EDT",15,Allocated,Allocated,unknown,"/img_imagen_victima.img/vol_vol5/usr/lib/python3/dist-packages/PyGObject-3.36.0.egg-info/top_level.txt",,,text/plain,txt
requires.txt,"2020-04-01 23:29:39 EDT","2025-06-21 14:34:52 EDT","2025-06-21 14:34:52 EDT","2025-06-21 14:34:52 EDT",0,Allocated,Allocated,unknown,"/img_imagen_victima.img/vol_vol5/usr/lib/python3/dist-packages/PyHamcrest-1.9.0.egg-info/requires.txt",,,application/octet-stream,txt
dependency_links.txt,"2020-04-01 23:29:39 EDT","2025-06-21 14:34:52 EDT","2025-06-21 14:34:52 EDT","2025-06-21 14:34:52 EDT",1,Allocated,Allocated,unknown,"/img_imagen_victima.img/vol_vol5/usr/lib/python3/dist-packages/PyHamcrest-1.9.0.egg-info/dependency_links.txt",,,text/plain,txt
top_level.txt,"2020-04-01 23:29:39 EDT","2025-06-21 14:34:52 EDT","2025-06-21 14:34:52 EDT","2025-06-21 14:34:52 EDT",9,Allocated,Allocated,unknown,"/img_imagen_victima.img/vol_vol5/usr/lib/python3/dist-packages/PyHamcrest-1.9.0.egg-info/top_level.txt",,,text/plain,txt
entry_points.txt,"2022-07-19 01:41:38 EDT","2025-06-21 14:34:52 EDT","2025-06-21 14:34:52 EDT","2025-06-21 14:34:52 EDT",45,Allocated,Allocated,unknown,"/img_imagen_victima.img/vol_vol5/usr/lib/python3/dist-packages/PyJWT-1.7.1.egg-info/entry_points.txt",,,text/plain,txt
dependency_links.txt,"2022-07-19 01:41:38 EDT","2025-06-21 14:34:52 EDT","2025-06-21 14:34:52 EDT","2025-06-21 14:34:52 EDT",1,Allocated,Allocated,unknown,"/img_imagen_victima.img/vol_vol5/usr/lib/python3/dist-packages/PyJWT-1.7.1.egg-info/dependency_links.txt",,,text/plain,txt
requires.txt,"2022-07-19 01:41:38 EDT","2025-06-21 14:34:52 EDT","2025-06-21 14:34:52 EDT","2025-06-21 14:34:52 EDT",157,Allocated,Allocated,unknown,"/img_imagen_victima.img/vol_vol5/usr/lib/python3/dist-packages/PyJWT-1.7.1.egg-info/requires.txt",,,text/plain,txt
top_level.txt,"2022-07-19 01:41:38 EDT","2025-06-21 14:34:52 EDT","2025-06-21 14:34:52 EDT","2025-06-21 14:34:52 EDT",4,Allocated,Allocated,unknown,"/img_imagen_victima.img/vol_vol5/usr/lib/python3/dist-packages/PyJWT-1.7.1.egg-info/top_level.txt",,,text/plain,txt
dependency_links.txt,"2020-03-18 18:55:06 EDT","2025-06-21 14:34:52 EDT","2025-06-21 14:34:52 EDT","2025-06-21 14:34:52 EDT",1,Allocated,Allocated,unknown,"/img_imagen_victima.img/vol_vol5/usr/lib/python3/dist-packages/PyNaCl-1.3.0.egg-info/dependency_links.txt",,,text/plain,txt
requires.txt,"2020-03-18 18:55:06 EDT","2025-06-21 14:34:52 EDT","2025-06-21 14:34:52 EDT","2025-06-21 14:34:52 EDT",89,Allocated,Allocated,unknown,"/img_imagen_victima.img/vol_vol5/usr/lib/python3/dist-packages/PyNaCl-1.3.0.egg-info/requires.txt",,,text/plain,txt
top_level.txt,"2020-03-18 18:55:06 EDT","2025-06-21 14:34:52 EDT","2025-06-21 14:34:52 EDT","2025-06-21 14:34:52 EDT",13,Allocated,Allocated,unknown,"/img_imagen_victima.img/vol_vol5/usr/lib/python3/dist-packages/PyNaCl-1.3.0.egg-info/top_level.txt",,,text/plain,txt
requires.txt,"2020-02-07 16:10:02 EST","2025-06-21 14:34:52 EDT","2025-06-21 14:34:52 EDT","2025-06-21 14:34:52 EDT",27,Allocated,Allocated,unknown,"/img_imagen_victima.img/vol_vol5/usr/lib/python3/dist-packages/SecretStorage-2.3.1.egg-info/requires.txt",,,text/plain,txt
dependency_links.txt,"2020-02-07 16:10:02 EST","2025-06-21 14:34:52 EDT","2025-06-21 14:34:52 EDT","2025-06-21 14:34:52 EDT",1,Allocated,Allocated,unknown,"/img_imagen_victima.img/vol_vol5/usr/lib/python3/dist-packages/SecretStorage-2.3.1.egg-info/dependency_links.txt",,,text/plain,txt
top_level.txt,"2020-02-07 16:10:02 EST","2025-06-21 14:34:52 EDT","2025-06-21 14:34:52 EDT","2025-06-21 14:34:52 EDT",14,Allocated,Allocated,unknown,"/img_imagen_victima.img/vol_vol5/usr/lib/python3/dist-packages/SecretStorage-2.3.1.egg-info/top_level.txt",,,text/plain,txt
entry_points.txt,"2024-11-22 13:29:07 EST","2025-06-21 14:42:15 EDT","2025-06-21 14:42:14 EDT","2025-06-21 14:42:15 EDT",394,Allocated,Allocated,unknown,"/img_imagen_victima.img/vol_vol5/usr/lib/python3/dist-packages/Twisted-18.9.0.egg-info/entry_points.txt",,,text/plain,txt
dependency_links.txt,"2024-11-22 13:29:07 EST","2025-06-21 14:42:15 EDT","2025-06-21 14:42:14 EDT","2025-06-21 14:42:15 EDT",1,Allocated,Allocated,unknown,"/img_imagen_victima.img/vol_vol5/usr/lib/python3/dist-packages/Twisted-18.9.0.egg-info/dependency_links.txt",,,text/plain,txt
requires.txt,"2024-11-22 13:29:07 EST","2025-06-21 14:42:15 EDT","2025-06-21 14:42:14 EDT","2025-06-21 14:42:15 EDT",1074,Allocated,Allocated,unknown,"/img_imagen_victima.img/vol_vol5/usr/lib/python3/dist-packages/Twisted-18.9.0.egg-info/requires.txt",,,text/plain,txt
top_level.txt,"2024-11-22 13:29:07 EST","2025-06-21 14:42:15 EDT","2025-06-21 14:42:14 EDT","2025-06-21 14:42:15 EDT",8,Allocated,Allocated,unknown,"/img_imagen_victima.img/vol_vol5/usr/lib/python3/dist-packages/Twisted-18.9.0.egg-info/top_level.txt",,,text/plain,txt
dependency_links.txt,"2020-03-20 13:23:32 EDT","2025-06-21 14:34:52 EDT","2025-06-21 14:34:52 EDT","2025-06-21 14:34:52 EDT",1,Allocated,Allocated,unknown,"/img_imagen_victima.img/vol_vol5/usr/lib/python3/dist-packages/attrs-19.3.0.egg-info/dependency_links.txt",,,text/plain,txt
requires.txt,"2020-03-20 13:23:32 EDT","2025-06-21 14:34:52 EDT","2025-06-21 14:34:52 EDT","2025-06-21 14:34:52 EDT",303,Allocated,Allocated,unknown,"/img_imagen_victima.img/vol_vol5/usr/lib/python3/dist-packages/attrs-19.3.0.egg-info/requires.txt",,,text/plain,txt
top_level.txt,"2020-03-20 13:23:32 EDT","2025-06-21 14:34:52 EDT","2025-06-21 14:34:52 EDT","2025-06-21 14:34:52 EDT",5,Allocated,Allocated,unknown,"/img_imagen_victima.img/vol_vol5/usr/lib/python3/dist-packages/attrs-19.3.0.egg-info/top_level.txt",,,text/plain,txt
dependency_links.txt,"2019-12-16 06:56:55 EST","2025-06-21 14:34:52 EDT","2025-06-21 14:34:52 EDT","2025-06-21 14:34:52 EDT",1,Allocated,Allocated,unknown,"/img_imagen_victima.img/vol_vol5/usr/lib/python3/dist-packages/certifi-2019.11.28.egg-info/dependency_links.txt",,,text/plain,txt
top_level.txt,"2019-12-16 06:56:55 EST","2025-06-21 14:34:52 EDT","2025-06-21 14:34:52 EDT","2025-06-21 14:34:52 EDT",8,Allocated,Allocated,unknown,"/img_imagen_victima.img/vol_vol5/usr/lib/python3/dist-packages/certifi-2019.11.28.egg-info/top_level.txt",,,text/plain,txt
entry_points.txt,"2019-12-17 07:31:30 EST","2025-06-21 14:34:52 EDT","2025-06-21 14:34:52 EDT","2025-06-21 14:34:52 EDT",60,Allocated,Allocated,unknown,"/img_imagen_victima.img/vol_vol5/usr/lib/python3/dist-packages/chardet-3.0.4.egg-info/entry_points.txt",,,text/plain,txt
dependency_links.txt,"2019-12-17 07:31:30 EST","2025-06-21 14:34:52 EDT","2025-06-21 14:34:52 EDT","2025-06-21 14:34:52 EDT",1,Allocated,Allocated,unknown,"/img_imagen_victima.img/vol_vol5/usr/lib/python3/dist-packages/chardet-3.0.4.egg-info/dependency_links.txt",,,text/plain,txt
top_level.txt,"2019-12-17 07:31:30 EST","2025-06-21 14:34:52 EDT","2025-06-21 14:34:52 EDT","2025-06-21 14:34:52 EDT",8,Allocated,Allocated,unknown,"/img_imagen_victima.img/vol_vol5/usr/lib/python3/dist-packages/chardet-3.0.4.egg-info/top_level.txt",,,text/plain,txt
top_level.txt,"2019-12-17 07:52:47 EST","2025-06-21 14:34:52 EDT","2025-06-21 14:34:52 EDT","2025-06-21 14:34:52 EDT",9,Allocated,Allocated,unknown,"/img_imagen_victima.img/vol_vol5/usr/lib/python3/dist-packages/colorama-0.4.3.egg-info/top_level.txt",,,text/plain,txt
dependency_links.txt,"2019-12-17 07:52:47 EST","2025-06-21 14:34:52 EDT","2025-06-21 14:34:52 EDT","2025-06-21 14:34:52 EDT",1,Allocated,Allocated,unknown,"/img_imagen_victima.img/vol_vol5/usr/lib/python3/dist-packages/colorama-0.4.3.egg-info/dependency_links.txt",,,text/plain,txt
requires.txt,"2024-09-20 08:02:40 EDT","2025-06-21 14:53:15 EDT","2025-06-21 14:53:15 EDT","2025-06-21 14:53:15 EDT",0,Allocated,Allocated,unknown,"/img_imagen_victima.img/vol_vol5/usr/lib/python3/dist-packages/configobj-5.0.6.egg-info/requires.txt",,,application/octet-stream,txt
dependency_links.txt,"2024-09-20 08:02:40 EDT","2025-06-21 14:53:15 EDT","2025-06-21 14:53:15 EDT","2025-06-21 14:53:15 EDT",1,Allocated,Allocated,unknown,"/img_imagen_victima.img/vol_vol5/usr/lib/python3/dist-packages/configobj-5.0.6.egg-info/dependency_links.txt",,,text/plain,txt
top_level.txt,"2024-09-20 08:02:40 EDT","2025-06-21 14:53:15 EDT","2025-06-21 14:53:15 EDT","2025-06-21 14:53:15 EDT",28,Allocated,Allocated,unknown,"/img_imagen_victima.img/vol_vol5/usr/lib/python3/dist-packages/configobj-5.0.6.egg-info/top_level.txt",,,text/plain,txt
top_level.txt,"2019-12-17 07:31:50 EST","2025-06-21 14:34:52 EDT","2025-06-21 14:34:52 EDT","2025-06-21 14:34:52 EDT",11,Allocated,Allocated,unknown,"/img_imagen_victima.img/vol_vol5/usr/lib/python3/dist-packages/constantly-15.1.0.egg-info/top_level.txt",,,text/plain,txt
dependency_links.txt,"2019-12-17 07:31:50 EST","2025-06-21 14:34:52 EDT","2025-06-21 14:34:52 EDT","2025-06-21 14:34:52 EDT",1,Allocated,Allocated,unknown,"/img_imagen_victima.img/vol_vol5/usr/lib/python3/dist-packages/constantly-15.1.0.egg-info/dependency_links.txt",,,text/plain,txt
dependency_links.txt,"2024-02-29 05:30:05 EST","2025-06-21 14:50:49 EDT","2025-06-21 14:50:49 EDT","2025-06-21 14:50:49 EDT",1,Allocated,Allocated,unknown,"/img_imagen_victima.img/vol_vol5/usr/lib/python3/dist-packages/cryptography-2.8.egg-info/dependency_links.txt",,,text/plain,txt
requires.txt,"2024-02-29 05:30:05 EST","2025-06-21 14:50:49 EDT","2025-06-21 14:50:49 EDT","2025-06-21 14:50:49 EDT",332,Allocated,Allocated,unknown,"/img_imagen_victima.img/vol_vol5/usr/lib/python3/dist-packages/cryptography-2.8.egg-info/requires.txt",,,text/plain,txt
top_level.txt,"2024-02-29 05:30:05 EST","2025-06-21 14:50:49 EDT","2025-06-21 14:50:49 EDT","2025-06-21 14:50:49 EDT",46,Allocated,Allocated,unknown,"/img_imagen_victima.img/vol_vol5/usr/lib/python3/dist-packages/cryptography-2.8.egg-info/top_level.txt",,,text/plain,txt
dependency_links.txt,"2020-02-18 04:43:22 EST","2025-06-21 14:34:52 EDT","2025-06-21 14:34:52 EDT","2025-06-21 14:34:52 EDT",1,Allocated,Allocated,unknown,"/img_imagen_victima.img/vol_vol5/usr/lib/python3/dist-packages/dbus_python-1.2.16.egg-info/dependency_links.txt",,,text/plain,txt
top_level.txt,"2020-02-18 04:43:22 EST","2025-06-21 14:34:52 EDT","2025-06-21 14:34:52 EDT","2025-06-21 14:34:52 EDT",40,Allocated,Allocated,unknown,"/img_imagen_victima.img/vol_vol5/usr/lib/python3/dist-packages/dbus_python-1.2.16.egg-info/top_level.txt",,,text/plain,txt
entry_points.txt,"2020-01-24 15:44:05 EST","2025-06-21 14:34:52 EDT","2025-06-21 14:34:52 EDT","2025-06-21 14:34:52 EDT",40,Allocated,Allocated,unknown,"/img_imagen_victima.img/vol_vol5/usr/lib/python3/dist-packages/distro-1.4.0.egg-info/entry_points.txt",,,text/plain,txt
dependency_links.txt,"2020-01-24 15:44:05 EST","2025-06-21 14:34:52 EDT","2025-06-21 14:34:52 EDT","2025-06-21 14:34:52 EDT",1,Allocated,Allocated,unknown,"/img_imagen_victima.img/vol_vol5/usr/lib/python3/dist-packages/distro-1.4.0.egg-info/dependency_links.txt",,,text/plain,txt
top_level.txt,"2020-01-24 15:44:05 EST","2025-06-21 14:34:52 EDT","2025-06-21 14:34:52 EDT","2025-06-21 14:34:52 EDT",7,Allocated,Allocated,unknown,"/img_imagen_victima.img/vol_vol5/usr/lib/python3/dist-packages/distro-1.4.0.egg-info/top_level.txt",,,text/plain,txt
top_level.txt,"2020-02-13 15:10:55 EST","2025-06-21 14:34:52 EDT","2025-06-21 14:34:52 EDT","2025-06-21 14:34:52 EDT",12,Allocated,Allocated,unknown,"/img_imagen_victima.img/vol_vol5/usr/lib/python3/dist-packages/distro_info-0.23ubuntu1.egg-info/top_level.txt",,,text/plain,txt
dependency_links.txt,"2020-02-13 15:10:55 EST","2025-06-21 14:34:52 EDT","2025-06-21 14:34:52 EDT","2025-06-21 14:34:52 EDT",1,Allocated,Allocated,unknown,"/img_imagen_victima.img/vol_vol5/usr/lib/python3/dist-packages/distro_info-0.23ubuntu1.egg-info/dependency_links.txt",,,text/plain,txt
top_level.txt,"2020-04-11 04:59:51 EDT","2025-06-21 14:34:52 EDT","2025-06-21 14:34:52 EDT","2025-06-21 14:34:52 EDT",9,Allocated,Allocated,unknown,"/img_imagen_victima.img/vol_vol5/usr/lib/python3/dist-packages/httplib2-0.14.0.egg-info/top_level.txt",,,text/plain,txt
dependency_links.txt,"2020-04-11 04:59:51 EDT","2025-06-21 14:34:52 EDT","2025-06-21 14:34:52 EDT","2025-06-21 14:34:52 EDT",1,Allocated,Allocated,unknown,"/img_imagen_victima.img/vol_vol5/usr/lib/python3/dist-packages/httplib2-0.14.0.egg-info/dependency_links.txt",,,text/plain,txt
dependency_links.txt,"2019-11-19 08:16:42 EST","2025-06-21 14:34:52 EDT","2025-06-21 14:34:52 EDT","2025-06-21 14:34:52 EDT",1,Allocated,Allocated,unknown,"/img_imagen_victima.img/vol_vol5/usr/lib/python3/dist-packages/hyperlink-19.0.0.egg-info/dependency_links.txt",,,text/plain,txt
requires.txt,"2019-11-19 08:16:42 EST","2025-06-21 14:34:52 EDT","2025-06-21 14:34:52 EDT","2025-06-21 14:34:52 EDT",0,Allocated,Allocated,unknown,"/img_imagen_victima.img/vol_vol5/usr/lib/python3/dist-packages/hyperlink-19.0.0.egg-info/requires.txt",,,application/octet-stream,txt
top_level.txt,"2019-11-19 08:16:42 EST","2025-06-21 14:34:52 EDT","2025-06-21 14:34:52 EDT","2025-06-21 14:34:52 EDT",10,Allocated,Allocated,unknown,"/img_imagen_victima.img/vol_vol5/usr/lib/python3/dist-packages/hyperlink-19.0.0.egg-info/top_level.txt",,,text/plain,txt
top_level.txt,"2024-05-10 05:13:36 EDT","2025-06-21 14:46:58 EDT","2025-06-21 14:46:58 EDT","2025-06-21 14:46:58 EDT",5,Allocated,Allocated,unknown,"/img_imagen_victima.img/vol_vol5/usr/lib/python3/dist-packages/idna-2.8.egg-info/top_level.txt",,,text/plain,txt
dependency_links.txt,"2024-05-10 05:13:36 EDT","2025-06-21 14:46:58 EDT","2025-06-21 14:46:58 EDT","2025-06-21 14:46:58 EDT",1,Allocated,Allocated,unknown,"/img_imagen_victima.img/vol_vol5/usr/lib/python3/dist-packages/idna-2.8.egg-info/dependency_links.txt",,,text/plain,txt
requires.txt,"2020-02-03 10:53:45 EST","2025-06-21 14:34:53 EDT","2025-06-21 14:34:53 EDT","2025-06-21 14:34:53 EDT",160,Allocated,Allocated,unknown,"/img_imagen_victima.img/vol_vol5/usr/lib/python3/dist-packages/importlib_metadata-1.5.0.egg-info/requires.txt",,,text/plain,txt
dependency_links.txt,"2020-02-03 10:53:45 EST","2025-06-21 14:34:53 EDT","2025-06-21 14:34:53 EDT","2025-06-21 14:34:53 EDT",1,Allocated,Allocated,unknown,"/img_imagen_victima.img/vol_vol5/usr/lib/python3/dist-packages/importlib_metadata-1.5.0.egg-info/dependency_links.txt",,,text/plain,txt
top_level.txt,"2020-02-03 10:53:45 EST","2025-06-21 14:34:53 EDT","2025-06-21 14:34:53 EDT","2025-06-21 14:34:53 EDT",19,Allocated,Allocated,unknown,"/img_imagen_victima.img/vol_vol5/usr/lib/python3/dist-packages/importlib_metadata-1.5.0.egg-info/top_level.txt",,,text/plain,txt
entry_points.txt,"2020-04-01 20:51:18 EDT","2025-06-21 14:34:53 EDT","2025-06-21 14:34:53 EDT","2025-06-21 14:34:53 EDT",83,Allocated,Allocated,unknown,"/img_imagen_victima.img/vol_vol5/usr/lib/python3/dist-packages/incremental-16.10.1.egg-info/entry_points.txt",,,text/plain,txt
dependency_links.txt,"2020-04-01 20:51:18 EDT","2025-06-21 14:34:53 EDT","2025-06-21 14:34:53 EDT","2025-06-21 14:34:53 EDT",1,Allocated,Allocated,unknown,"/img_imagen_victima.img/vol_vol5/usr/lib/python3/dist-packages/incremental-16.10.1.egg-info/dependency_links.txt",,,text/plain,txt
requires.txt,"2020-04-01 20:51:18 EDT","2025-06-21 14:34:53 EDT","2025-06-21 14:34:53 EDT","2025-06-21 14:34:53 EDT",38,Allocated,Allocated,unknown,"/img_imagen_victima.img/vol_vol5/usr/lib/python3/dist-packages/incremental-16.10.1.egg-info/requires.txt",,,text/plain,txt
top_level.txt,"2020-04-01 20:51:18 EDT","2025-06-21 14:34:53 EDT","2025-06-21 14:34:53 EDT","2025-06-21 14:34:53 EDT",12,Allocated,Allocated,unknown,"/img_imagen_victima.img/vol_vol5/usr/lib/python3/dist-packages/incremental-16.10.1.egg-info/top_level.txt",,,text/plain,txt
requires.txt,"2019-09-05 09:01:23 EDT","2025-06-21 14:34:53 EDT","2025-06-21 14:34:53 EDT","2025-06-21 14:34:53 EDT",0,Allocated,Allocated,unknown,"/img_imagen_victima.img/vol_vol5/usr/lib/python3/dist-packages/jsonpatch-1.22.egg-info/requires.txt",,,application/octet-stream,txt
dependency_links.txt,"2019-09-05 09:01:23 EDT","2025-06-21 14:34:53 EDT","2025-06-21 14:34:53 EDT","2025-06-21 14:34:53 EDT",1,Allocated,Allocated,unknown,"/img_imagen_victima.img/vol_vol5/usr/lib/python3/dist-packages/jsonpatch-1.22.egg-info/dependency_links.txt",,,text/plain,txt
top_level.txt,"2019-09-05 09:01:23 EDT","2025-06-21 14:34:53 EDT","2025-06-21 14:34:53 EDT","2025-06-21 14:34:53 EDT",10,Allocated,Allocated,unknown,"/img_imagen_victima.img/vol_vol5/usr/lib/python3/dist-packages/jsonpatch-1.22.egg-info/top_level.txt",,,text/plain,txt
top_level.txt,"2020-01-23 22:25:15 EST","2025-06-21 14:34:53 EDT","2025-06-21 14:34:53 EDT","2025-06-21 14:34:53 EDT",12,Allocated,Allocated,unknown,"/img_imagen_victima.img/vol_vol5/usr/lib/python3/dist-packages/jsonpointer-2.0.egg-info/top_level.txt",,,text/plain,txt
dependency_links.txt,"2020-01-23 22:25:15 EST","2025-06-21 14:34:53 EDT","2025-06-21 14:34:53 EDT","2025-06-21 14:34:53 EDT",1,Allocated,Allocated,unknown,"/img_imagen_victima.img/vol_vol5/usr/lib/python3/dist-packages/jsonpointer-2.0.egg-info/dependency_links.txt",,,text/plain,txt
entry_points.txt,"2020-01-23 13:44:38 EST","2025-06-21 14:34:53 EDT","2025-06-21 14:34:53 EDT","2025-06-21 14:34:53 EDT",52,Allocated,Allocated,unknown,"/img_imagen_victima.img/vol_vol5/usr/lib/python3/dist-packages/jsonschema-3.2.0.egg-info/entry_points.txt",,,text/plain,txt
dependency_links.txt,"2020-01-23 13:44:38 EST","2025-06-21 14:34:53 EDT","2025-06-21 14:34:53 EDT","2025-06-21 14:34:53 EDT",1,Allocated,Allocated,unknown,"/img_imagen_victima.img/vol_vol5/usr/lib/python3/dist-packages/jsonschema-3.2.0.egg-info/dependency_links.txt",,,text/plain,txt
requires.txt,"2020-01-23 13:44:38 EST","2025-06-21 14:34:53 EDT","2025-06-21 14:34:53 EDT","2025-06-21 14:34:53 EDT",239,Allocated,Allocated,unknown,"/img_imagen_victima.img/vol_vol5/usr/lib/python3/dist-packages/jsonschema-3.2.0.egg-info/requires.txt",,,text/plain,txt
top_level.txt,"2020-01-23 13:44:38 EST","2025-06-21 14:34:53 EDT","2025-06-21 14:34:53 EDT","2025-06-21 14:34:53 EDT",11,Allocated,Allocated,unknown,"/img_imagen_victima.img/vol_vol5/usr/lib/python3/dist-packages/jsonschema-3.2.0.egg-info/top_level.txt",,,text/plain,txt
entry_points.txt,"2020-03-14 07:45:55 EDT","2025-06-21 14:34:53 EDT","2025-06-21 14:34:53 EDT","2025-06-21 14:34:53 EDT",295,Allocated,Allocated,unknown,"/img_imagen_victima.img/vol_vol5/usr/lib/python3/dist-packages/keyring-18.0.1.egg-info/entry_points.txt",,,text/plain,txt
dependency_links.txt,"2020-03-14 07:45:55 EDT","2025-06-21 14:34:53 EDT","2025-06-21 14:34:53 EDT","2025-06-21 14:34:53 EDT",1,Allocated,Allocated,unknown,"/img_imagen_victima.img/vol_vol5/usr/lib/python3/dist-packages/keyring-18.0.1.egg-info/dependency_links.txt",,,text/plain,txt
requires.txt,"2020-03-14 07:45:55 EDT","2025-06-21 14:34:53 EDT","2025-06-21 14:34:53 EDT","2025-06-21 14:34:53 EDT",344,Allocated,Allocated,unknown,"/img_imagen_victima.img/vol_vol5/usr/lib/python3/dist-packages/keyring-18.0.1.egg-info/requires.txt",,,text/plain,txt
top_level.txt,"2020-03-14 07:45:55 EDT","2025-06-21 14:34:53 EDT","2025-06-21 14:34:53 EDT","2025-06-21 14:34:53 EDT",8,Allocated,Allocated,unknown,"/img_imagen_victima.img/vol_vol5/usr/lib/python3/dist-packages/keyring-18.0.1.egg-info/top_level.txt",,,text/plain,txt
entry_points.txt,"2020-09-27 16:07:12 EDT","2025-06-21 14:34:53 EDT","2025-06-21 14:34:53 EDT","2025-06-21 14:34:53 EDT",183,Allocated,Allocated,unknown,"/img_imagen_victima.img/vol_vol5/usr/lib/python3/dist-packages/language_selector-0.1.egg-info/entry_points.txt",,,text/plain,txt
dependency_links.txt,"2020-09-27 16:07:12 EDT","2025-06-21 14:34:53 EDT","2025-06-21 14:34:53 EDT","2025-06-21 14:34:53 EDT",1,Allocated,Allocated,unknown,"/img_imagen_victima.img/vol_vol5/usr/lib/python3/dist-packages/language_selector-0.1.egg-info/dependency_links.txt",,,text/plain,txt
top_level.txt,"2020-09-27 16:07:12 EDT","2025-06-21 14:34:53 EDT","2025-06-21 14:34:53 EDT","2025-06-21 14:34:53 EDT",39,Allocated,Allocated,unknown,"/img_imagen_victima.img/vol_vol5/usr/lib/python3/dist-packages/language_selector-0.1.egg-info/top_level.txt",,,text/plain,txt
dependency_links.txt,"2020-04-19 05:35:39 EDT","2025-06-21 14:34:53 EDT","2025-06-21 14:34:53 EDT","2025-06-21 14:34:53 EDT",1,Allocated,Allocated,unknown,"/img_imagen_victima.img/vol_vol5/usr/lib/python3/dist-packages/launchpadlib-1.10.13.egg-info/dependency_links.txt",,,text/plain,txt
requires.txt,"2020-04-19 05:35:39 EDT","2025-06-21 14:34:53 EDT","2025-06-21 14:34:53 EDT","2025-06-21 14:34:53 EDT",147,Allocated,Allocated,unknown,"/img_imagen_victima.img/vol_vol5/usr/lib/python3/dist-packages/launchpadlib-1.10.13.egg-info/requires.txt",,,text/plain,txt
top_level.txt,"2020-04-19 05:35:39 EDT","2025-06-21 14:34:53 EDT","2025-06-21 14:34:53 EDT","2025-06-21 14:34:53 EDT",13,Allocated,Allocated,unknown,"/img_imagen_victima.img/vol_vol5/usr/lib/python3/dist-packages/launchpadlib-1.10.13.egg-info/top_level.txt",,,text/plain,txt
version.txt,"2020-04-19 05:31:34 EDT","2025-06-21 14:34:53 EDT","2025-06-21 14:34:53 EDT","2025-06-21 14:34:53 EDT",8,Allocated,Allocated,unknown,"/img_imagen_victima.img/vol_vol5/usr/lib/python3/dist-packages/launchpadlib/version.txt",,,text/plain,txt
namespace_packages.txt,"2019-12-17 07:35:11 EST","2025-06-21 14:34:53 EDT","2025-08-07 06:52:38 EDT","2025-06-21 14:34:53 EDT",5,Allocated,Allocated,unknown,"/img_imagen_victima.img/vol_vol5/usr/lib/python3/dist-packages/lazr.restfulclient-0.14.2.egg-info/namespace_packages.txt",,,text/plain,txt
dependency_links.txt,"2019-12-17 07:35:11 EST","2025-06-21 14:34:53 EDT","2025-06-21 14:34:53 EDT","2025-06-21 14:34:53 EDT",1,Allocated,Allocated,unknown,"/img_imagen_victima.img/vol_vol5/usr/lib/python3/dist-packages/lazr.restfulclient-0.14.2.egg-info/dependency_links.txt",,,text/plain,txt
top_level.txt,"2019-12-17 07:35:11 EST","2025-06-21 14:34:53 EDT","2025-06-21 14:34:53 EDT","2025-06-21 14:34:53 EDT",5,Allocated,Allocated,unknown,"/img_imagen_victima.img/vol_vol5/usr/lib/python3/dist-packages/lazr.restfulclient-0.14.2.egg-info/top_level.txt",,,text/plain,txt
requires.txt,"2019-12-17 07:35:11 EST","2025-06-21 14:34:53 EDT","2025-06-21 14:34:53 EDT","2025-06-21 14:34:53 EDT",237,Allocated,Allocated,unknown,"/img_imagen_victima.img/vol_vol5/usr/lib/python3/dist-packages/lazr.restfulclient-0.14.2.egg-info/requires.txt",,,text/plain,txt
namespace_packages.txt,"2019-12-17 07:35:12 EST","2025-06-21 14:34:53 EDT","2025-08-07 06:52:38 EDT","2025-06-21 14:34:53 EDT",5,Allocated,Allocated,unknown,"/img_imagen_victima.img/vol_vol5/usr/lib/python3/dist-packages/lazr.uri-1.0.3.egg-info/namespace_packages.txt",,,text/plain,txt
dependency_links.txt,"2019-12-17 07:35:12 EST","2025-06-21 14:34:53 EDT","2025-06-21 14:34:53 EDT","2025-06-21 14:34:53 EDT",1,Allocated,Allocated,unknown,"/img_imagen_victima.img/vol_vol5/usr/lib/python3/dist-packages/lazr.uri-1.0.3.egg-info/dependency_links.txt",,,text/plain,txt
top_level.txt,"2019-12-17 07:35:12 EST","2025-06-21 14:34:53 EDT","2025-06-21 14:34:53 EDT","2025-06-21 14:34:53 EDT",5,Allocated,Allocated,unknown,"/img_imagen_victima.img/vol_vol5/usr/lib/python3/dist-packages/lazr.uri-1.0.3.egg-info/top_level.txt",,,text/plain,txt
requires.txt,"2019-12-17 07:35:12 EST","2025-06-21 14:34:53 EDT","2025-06-21 14:34:53 EDT","2025-06-21 14:34:53 EDT",36,Allocated,Allocated,unknown,"/img_imagen_victima.img/vol_vol5/usr/lib/python3/dist-packages/lazr.uri-1.0.3.egg-info/requires.txt",,,text/plain,txt
version.txt,"2018-11-17 12:09:20 EST","2025-06-21 14:34:53 EDT","2025-06-21 14:34:53 EDT","2025-06-21 14:34:53 EDT",7,Allocated,Allocated,unknown,"/img_imagen_victima.img/vol_vol5/usr/lib/python3/dist-packages/lazr/restfulclient/version.txt",,,text/plain,txt
README.txt,"2012-01-18 06:53:31 EST","2025-06-21 14:34:53 EDT","2025-06-21 14:34:53 EDT","2025-06-21 14:34:53 EDT",4046,Allocated,Allocated,unknown,"/img_imagen_victima.img/vol_vol5/usr/lib/python3/dist-packages/lazr/uri/README.txt",,,text/plain,txt
version.txt,"2012-01-18 09:10:19 EST","2025-06-21 14:34:53 EDT","2025-06-21 14:34:53 EDT","2025-06-21 14:34:53 EDT",6,Allocated,Allocated,unknown,"/img_imagen_victima.img/vol_vol5/usr/lib/python3/dist-packages/lazr/uri/version.txt",,,text/plain,txt
requires.txt,"2019-12-17 07:37:37 EST","2025-06-21 14:34:53 EDT","2025-06-21 14:34:53 EDT","2025-06-21 14:34:53 EDT",0,Allocated,Allocated,unknown,"/img_imagen_victima.img/vol_vol5/usr/lib/python3/dist-packages/more_itertools-4.2.0.egg-info/requires.txt",,,application/octet-stream,txt
dependency_links.txt,"2019-12-17 07:37:37 EST","2025-06-21 14:34:53 EDT","2025-06-21 14:34:53 EDT","2025-06-21 14:34:53 EDT",1,Allocated,Allocated,unknown,"/img_imagen_victima.img/vol_vol5/usr/lib/python3/dist-packages/more_itertools-4.2.0.egg-info/dependency_links.txt",,,text/plain,txt
top_level.txt,"2019-12-17 07:37:37 EST","2025-06-21 14:34:53 EDT","2025-06-21 14:34:53 EDT","2025-06-21 14:34:53 EDT",15,Allocated,Allocated,unknown,"/img_imagen_victima.img/vol_vol5/usr/lib/python3/dist-packages/more_itertools-4.2.0.egg-info/top_level.txt",,,text/plain,txt
top_level.txt,"2020-02-18 04:44:33 EST","2025-06-21 14:34:53 EDT","2025-06-21 14:34:53 EDT","2025-06-21 14:34:53 EDT",10,Allocated,Allocated,unknown,"/img_imagen_victima.img/vol_vol5/usr/lib/python3/dist-packages/netifaces-0.10.4.egg-info/top_level.txt",,,text/plain,txt
dependency_links.txt,"2020-02-18 04:44:33 EST","2025-06-21 14:34:53 EDT","2025-06-21 14:34:53 EDT","2025-06-21 14:34:53 EDT",1,Allocated,Allocated,unknown,"/img_imagen_victima.img/vol_vol5/usr/lib/python3/dist-packages/netifaces-0.10.4.egg-info/dependency_links.txt",,,text/plain,txt
requires.txt,"2020-04-04 12:17:37 EDT","2025-06-21 14:34:53 EDT","2025-06-21 14:34:53 EDT","2025-06-21 14:34:53 EDT",80,Allocated,Allocated,unknown,"/img_imagen_victima.img/vol_vol5/usr/lib/python3/dist-packages/oauthlib-3.1.0.egg-info/requires.txt",,,text/plain,txt
dependency_links.txt,"2020-04-04 12:17:37 EDT","2025-06-21 14:34:53 EDT","2025-06-21 14:34:53 EDT","2025-06-21 14:34:53 EDT",1,Allocated,Allocated,unknown,"/img_imagen_victima.img/vol_vol5/usr/lib/python3/dist-packages/oauthlib-3.1.0.egg-info/dependency_links.txt",,,text/plain,txt
top_level.txt,"2020-04-04 12:17:37 EDT","2025-06-21 14:34:53 EDT","2025-06-21 14:34:53 EDT","2025-06-21 14:34:53 EDT",9,Allocated,Allocated,unknown,"/img_imagen_victima.img/vol_vol5/usr/lib/python3/dist-packages/oauthlib-3.1.0.egg-info/top_level.txt",,,text/plain,txt
requires.txt,"2019-12-17 07:40:45 EST","2025-06-21 14:34:53 EDT","2025-06-21 14:34:53 EDT","2025-06-21 14:34:53 EDT",68,Allocated,Allocated,unknown,"/img_imagen_victima.img/vol_vol5/usr/lib/python3/dist-packages/pyOpenSSL-19.0.0.egg-info/requires.txt",,,text/plain,txt
dependency_links.txt,"2019-12-17 07:40:45 EST","2025-06-21 14:34:53 EDT","2025-06-21 14:34:53 EDT","2025-06-21 14:34:53 EDT",1,Allocated,Allocated,unknown,"/img_imagen_victima.img/vol_vol5/usr/lib/python3/dist-packages/pyOpenSSL-19.0.0.egg-info/dependency_links.txt",,,text/plain,txt
top_level.txt,"2019-12-17 07:40:45 EST","2025-06-21 14:34:53 EDT","2025-06-21 14:34:53 EDT","2025-06-21 14:34:53 EDT",8,Allocated,Allocated,unknown,"/img_imagen_victima.img/vol_vol5/usr/lib/python3/dist-packages/pyOpenSSL-19.0.0.egg-info/top_level.txt",,,text/plain,txt
top_level.txt,"2019-12-17 07:39:43 EST","2025-06-21 14:34:53 EDT","2025-06-21 14:34:53 EDT","2025-06-21 14:34:53 EDT",7,Allocated,Allocated,unknown,"/img_imagen_victima.img/vol_vol5/usr/lib/python3/dist-packages/pyasn1-0.4.2.egg-info/top_level.txt",,,text/plain,txt
dependency_links.txt,"2019-12-17 07:39:43 EST","2025-06-21 14:34:53 EDT","2025-06-21 14:34:53 EDT","2025-06-21 14:34:53 EDT",1,Allocated,Allocated,unknown,"/img_imagen_victima.img/vol_vol5/usr/lib/python3/dist-packages/pyasn1-0.4.2.egg-info/dependency_links.txt",,,text/plain,txt
requires.txt,"2019-08-03 06:26:28 EDT","2025-06-21 14:34:53 EDT","2025-06-21 14:34:53 EDT","2025-06-21 14:34:53 EDT",0,Allocated,Allocated,unknown,"/img_imagen_victima.img/vol_vol5/usr/lib/python3/dist-packages/pymacaroons-0.13.0.egg-info/requires.txt",,,application/octet-stream,txt
dependency_links.txt,"2019-08-03 06:26:28 EDT","2025-06-21 14:34:53 EDT","2025-06-21 14:34:53 EDT","2025-06-21 14:34:53 EDT",1,Allocated,Allocated,unknown,"/img_imagen_victima.img/vol_vol5/usr/lib/python3/dist-packages/pymacaroons-0.13.0.egg-info/dependency_links.txt",,,text/plain,txt
top_level.txt,"2019-08-03 06:26:28 EDT","2025-06-21 14:34:53 EDT","2025-06-21 14:34:53 EDT","2025-06-21 14:34:53 EDT",12,Allocated,Allocated,unknown,"/img_imagen_victima.img/vol_vol5/usr/lib/python3/dist-packages/pymacaroons-0.13.0.egg-info/top_level.txt",,,text/plain,txt
requires.txt,"2020-02-18 04:45:13 EST","2025-06-21 14:34:53 EDT","2025-06-21 14:34:53 EDT","2025-06-21 14:34:53 EDT",0,Allocated,Allocated,unknown,"/img_imagen_victima.img/vol_vol5/usr/lib/python3/dist-packages/pyrsistent-0.15.5.egg-info/requires.txt",,,application/octet-stream,txt
dependency_links.txt,"2020-02-18 04:45:13 EST","2025-06-21 14:34:53 EDT","2025-06-21 14:34:53 EDT","2025-06-21 14:34:53 EDT",1,Allocated,Allocated,unknown,"/img_imagen_victima.img/vol_vol5/usr/lib/python3/dist-packages/pyrsistent-0.15.5.egg-info/dependency_links.txt",,,text/plain,txt
top_level.txt,"2020-02-18 04:45:13 EST","2025-06-21 14:34:53 EDT","2025-06-21 14:34:53 EDT","2025-06-21 14:34:53 EDT",40,Allocated,Allocated,unknown,"/img_imagen_victima.img/vol_vol5/usr/lib/python3/dist-packages/pyrsistent-0.15.5.egg-info/top_level.txt",,,text/plain,txt
top_level.txt,"2020-02-03 11:29:07 EST","2025-06-21 14:34:53 EDT","2025-06-21 14:34:53 EDT","2025-06-21 14:34:53 EDT",7,Allocated,Allocated,unknown,"/img_imagen_victima.img/vol_vol5/usr/lib/python3/dist-packages/pyserial-3.4.egg-info/top_level.txt",,,text/plain,txt
dependency_links.txt,"2020-02-03 11:29:07 EST","2025-06-21 14:34:53 EDT","2025-06-21 14:34:53 EDT","2025-06-21 14:34:53 EDT",1,Allocated,Allocated,unknown,"/img_imagen_victima.img/vol_vol5/usr/lib/python3/dist-packages/pyserial-3.4.egg-info/dependency_links.txt",,,text/plain,txt
top_level.txt,"2023-03-14 08:07:38 EDT","2025-06-21 14:34:53 EDT","2025-06-21 14:34:53 EDT","2025-06-21 14:34:53 EDT",32,Allocated,Allocated,unknown,"/img_imagen_victima.img/vol_vol5/usr/lib/python3/dist-packages/python_apt-2.0.1+ubuntu0.20.4.1.egg-info/top_level.txt",,,text/plain,txt
dependency_links.txt,"2023-03-14 08:07:38 EDT","2025-06-21 14:34:53 EDT","2025-06-21 14:34:53 EDT","2025-06-21 14:34:53 EDT",1,Allocated,Allocated,unknown,"/img_imagen_victima.img/vol_vol5/usr/lib/python3/dist-packages/python_apt-2.0.1+ubuntu0.20.4.1.egg-info/dependency_links.txt",,,text/plain,txt
requires.txt,"2020-04-08 01:17:21 EDT","2025-06-21 14:34:53 EDT","2025-06-21 14:34:53 EDT","2025-06-21 14:34:53 EDT",0,Allocated,Allocated,unknown,"/img_imagen_victima.img/vol_vol5/usr/lib/python3/dist-packages/python_debian-0.1.36ubuntu1.egg-info/requires.txt",,,application/octet-stream,txt
dependency_links.txt,"2020-04-08 01:17:21 EDT","2025-06-21 14:34:53 EDT","2025-06-21 14:34:53 EDT","2025-06-21 14:34:53 EDT",1,Allocated,Allocated,unknown,"/img_imagen_victima.img/vol_vol5/usr/lib/python3/dist-packages/python_debian-0.1.36ubuntu1.egg-info/dependency_links.txt",,,text/plain,txt
top_level.txt,"2020-04-08 01:17:21 EDT","2025-06-21 14:34:53 EDT","2025-06-21 14:34:53 EDT","2025-06-21 14:34:53 EDT",28,Allocated,Allocated,unknown,"/img_imagen_victima.img/vol_vol5/usr/lib/python3/dist-packages/python_debian-0.1.36ubuntu1.egg-info/top_level.txt",,,text/plain,txt
dependency_links.txt,"2023-06-05 13:13:31 EDT","2025-06-21 14:53:59 EDT","2025-06-21 14:53:58 EDT","2025-06-21 14:53:59 EDT",1,Allocated,Allocated,unknown,"/img_imagen_victima.img/vol_vol5/usr/lib/python3/dist-packages/requests-2.22.0.egg-info/dependency_links.txt",,,text/plain,txt
requires.txt,"2023-06-05 13:13:31 EDT","2025-06-21 14:53:59 EDT","2025-06-21 14:53:58 EDT","2025-06-21 14:53:59 EDT",167,Allocated,Allocated,unknown,"/img_imagen_victima.img/vol_vol5/usr/lib/python3/dist-packages/requests-2.22.0.egg-info/requires.txt",,,text/plain,txt
top_level.txt,"2023-06-05 13:13:31 EDT","2025-06-21 14:53:59 EDT","2025-06-21 14:53:58 EDT","2025-06-21 14:53:59 EDT",9,Allocated,Allocated,unknown,"/img_imagen_victima.img/vol_vol5/usr/lib/python3/dist-packages/requests-2.22.0.egg-info/top_level.txt",,,text/plain,txt
dependency_links.txt,"2019-10-21 04:19:02 EDT","2025-06-21 14:34:53 EDT","2025-06-21 14:34:53 EDT","2025-06-21 14:34:53 EDT",1,Allocated,Allocated,unknown,"/img_imagen_victima.img/vol_vol5/usr/lib/python3/dist-packages/requests_unixsocket-0.2.0.egg-info/dependency_links.txt",,,text/plain,txt
requires.txt,"2019-10-21 04:19:02 EDT","2025-06-21 14:34:53 EDT","2025-06-21 14:34:53 EDT","2025-06-21 14:34:53 EDT",0,Allocated,Allocated,unknown,"/img_imagen_victima.img/vol_vol5/usr/lib/python3/dist-packages/requests_unixsocket-0.2.0.egg-info/requires.txt",,,application/octet-stream,txt
top_level.txt,"2019-10-21 04:19:02 EDT","2025-06-21 14:34:53 EDT","2025-06-21 14:34:53 EDT","2025-06-21 14:34:53 EDT",20,Allocated,Allocated,unknown,"/img_imagen_victima.img/vol_vol5/usr/lib/python3/dist-packages/requests_unixsocket-0.2.0.egg-info/top_level.txt",,,text/plain,txt
dependency_links.txt,"2019-12-17 07:44:17 EST","2025-06-21 14:34:53 EDT","2025-06-21 14:34:53 EDT","2025-06-21 14:34:53 EDT",1,Allocated,Allocated,unknown,"/img_imagen_victima.img/vol_vol5/usr/lib/python3/dist-packages/service_identity-18.1.0.egg-info/dependency_links.txt",,,text/plain,txt
requires.txt,"2019-12-17 07:44:17 EST","2025-06-21 14:34:53 EDT","2025-06-21 14:34:53 EDT","2025-06-21 14:34:53 EDT",149,Allocated,Allocated,unknown,"/img_imagen_victima.img/vol_vol5/usr/lib/python3/dist-packages/service_identity-18.1.0.egg-info/requires.txt",,,text/plain,txt
top_level.txt,"2019-12-17 07:44:17 EST","2025-06-21 14:34:53 EDT","2025-06-21 14:34:53 EDT","2025-06-21 14:34:53 EDT",17,Allocated,Allocated,unknown,"/img_imagen_victima.img/vol_vol5/usr/lib/python3/dist-packages/service_identity-18.1.0.egg-info/top_level.txt",,,text/plain,txt
entry_points.txt,"2025-05-28 13:14:28 EDT","2025-06-21 14:48:24 EDT","2025-06-21 14:48:24 EDT","2025-06-21 14:48:24 EDT",3150,Allocated,Allocated,unknown,"/img_imagen_victima.img/vol_vol5/usr/lib/python3/dist-packages/setuptools-45.2.0.egg-info/entry_points.txt",,,text/plain,txt
dependency_links.txt,"2025-05-28 13:14:28 EDT","2025-06-21 14:48:24 EDT","2025-06-21 14:48:24 EDT","2025-06-21 14:48:24 EDT",239,Allocated,Allocated,unknown,"/img_imagen_victima.img/vol_vol5/usr/lib/python3/dist-packages/setuptools-45.2.0.egg-info/dependency_links.txt",,,text/plain,txt
top_level.txt,"2025-05-28 13:14:28 EDT","2025-06-21 14:48:24 EDT","2025-06-21 14:48:24 EDT","2025-06-21 14:48:24 EDT",38,Allocated,Allocated,unknown,"/img_imagen_victima.img/vol_vol5/usr/lib/python3/dist-packages/setuptools-45.2.0.egg-info/top_level.txt",,,text/plain,txt
top_level.txt,"2020-01-21 04:44:26 EST","2025-06-21 14:34:53 EDT","2025-06-21 14:34:53 EDT","2025-06-21 14:34:53 EDT",4,Allocated,Allocated,unknown,"/img_imagen_victima.img/vol_vol5/usr/lib/python3/dist-packages/six-1.14.0.egg-info/top_level.txt",,,text/plain,txt
dependency_links.txt,"2020-01-21 04:44:26 EST","2025-06-21 14:34:53 EDT","2025-06-21 14:34:53 EDT","2025-06-21 14:34:53 EDT",1,Allocated,Allocated,unknown,"/img_imagen_victima.img/vol_vol5/usr/lib/python3/dist-packages/six-1.14.0.egg-info/dependency_links.txt",,,text/plain,txt
notes.txt,"2018-07-24 07:14:11 EDT","2025-06-21 14:42:16 EDT","2025-06-21 14:42:14 EDT","2025-06-21 14:42:15 EDT",890,Allocated,Allocated,unknown,"/img_imagen_victima.img/vol_vol5/usr/lib/python3/dist-packages/twisted/internet/iocpreactor/notes.txt",,,text/plain,txt
entry_points.txt,"2023-02-28 14:17:46 EST","2025-06-21 14:34:54 EDT","2025-06-21 14:34:54 EDT","2025-06-21 14:34:54 EDT",79,Allocated,Allocated,unknown,"/img_imagen_victima.img/vol_vol5/usr/lib/python3/dist-packages/ubuntu_advantage_tools-8001.egg-info/entry_points.txt",,,text/plain,txt
dependency_links.txt,"2023-02-28 14:17:46 EST","2025-06-21 14:34:54 EDT","2025-06-21 14:34:54 EDT","2025-06-21 14:34:54 EDT",1,Allocated,Allocated,unknown,"/img_imagen_victima.img/vol_vol5/usr/lib/python3/dist-packages/ubuntu_advantage_tools-8001.egg-info/dependency_links.txt",,,text/plain,txt
requires.txt,"2023-02-28 14:17:46 EST","2025-06-21 14:34:54 EDT","2025-06-21 14:34:54 EDT","2025-06-21 14:34:54 EDT",50,Allocated,Allocated,unknown,"/img_imagen_victima.img/vol_vol5/usr/lib/python3/dist-packages/ubuntu_advantage_tools-8001.egg-info/requires.txt",,,text/plain,txt
top_level.txt,"2023-02-28 14:17:46 EST","2025-06-21 14:34:54 EDT","2025-06-21 14:34:54 EDT","2025-06-21 14:34:54 EDT",9,Allocated,Allocated,unknown,"/img_imagen_victima.img/vol_vol5/usr/lib/python3/dist-packages/ubuntu_advantage_tools-8001.egg-info/top_level.txt",,,text/plain,txt
top_level.txt,"2022-05-19 13:38:48 EDT","2025-06-21 14:34:55 EDT","2025-06-21 14:34:55 EDT","2025-06-21 14:34:55 EDT",1,Allocated,Allocated,unknown,"/img_imagen_victima.img/vol_vol5/usr/lib/python3/dist-packages/unattended_upgrades-0.1.egg-info/top_level.txt",,,text/plain,txt
dependency_links.txt,"2022-05-19 13:38:48 EDT","2025-06-21 14:34:55 EDT","2025-06-21 14:34:55 EDT","2025-06-21 14:34:55 EDT",1,Allocated,Allocated,unknown,"/img_imagen_victima.img/vol_vol5/usr/lib/python3/dist-packages/unattended_upgrades-0.1.egg-info/dependency_links.txt",,,text/plain,txt
requires.txt,"2024-10-16 16:28:58 EDT","2025-06-21 14:54:13 EDT","2025-06-21 14:54:12 EDT","2025-06-21 14:54:13 EDT",173,Allocated,Allocated,unknown,"/img_imagen_victima.img/vol_vol5/usr/lib/python3/dist-packages/urllib3-1.25.8.egg-info/requires.txt",,,text/plain,txt
dependency_links.txt,"2024-10-16 16:28:58 EDT","2025-06-21 14:54:13 EDT","2025-06-21 14:54:12 EDT","2025-06-21 14:54:13 EDT",1,Allocated,Allocated,unknown,"/img_imagen_victima.img/vol_vol5/usr/lib/python3/dist-packages/urllib3-1.25.8.egg-info/dependency_links.txt",,,text/plain,txt
top_level.txt,"2024-10-16 16:28:58 EDT","2025-06-21 14:54:13 EDT","2025-06-21 14:54:12 EDT","2025-06-21 14:54:13 EDT",8,Allocated,Allocated,unknown,"/img_imagen_victima.img/vol_vol5/usr/lib/python3/dist-packages/urllib3-1.25.8.egg-info/top_level.txt",,,text/plain,txt
dependency_links.txt,"2019-12-17 07:44:49 EST","2025-06-21 14:34:55 EDT","2025-06-21 14:34:55 EDT","2025-06-21 14:34:55 EDT",1,Allocated,Allocated,unknown,"/img_imagen_victima.img/vol_vol5/usr/lib/python3/dist-packages/wadllib-1.3.3.egg-info/dependency_links.txt",,,text/plain,txt
requires.txt,"2019-12-17 07:44:49 EST","2025-06-21 14:34:55 EDT","2025-06-21 14:34:55 EDT","2025-06-21 14:34:55 EDT",36,Allocated,Allocated,unknown,"/img_imagen_victima.img/vol_vol5/usr/lib/python3/dist-packages/wadllib-1.3.3.egg-info/requires.txt",,,text/plain,txt
top_level.txt,"2019-12-17 07:44:49 EST","2025-06-21 14:34:55 EDT","2025-06-21 14:34:55 EDT","2025-06-21 14:34:55 EDT",8,Allocated,Allocated,unknown,"/img_imagen_victima.img/vol_vol5/usr/lib/python3/dist-packages/wadllib-1.3.3.egg-info/top_level.txt",,,text/plain,txt
README.txt,"2018-07-20 04:53:12 EDT","2025-06-21 14:34:55 EDT","2025-06-21 14:34:55 EDT","2025-06-21 14:34:55 EDT",25819,Allocated,Allocated,unknown,"/img_imagen_victima.img/vol_vol5/usr/lib/python3/dist-packages/wadllib/README.txt",,,text/html,txt
NEWS.txt,"2018-07-20 04:55:14 EDT","2025-06-21 14:34:55 EDT","2025-06-21 14:34:55 EDT","2025-06-21 14:34:55 EDT",2848,Allocated,Allocated,unknown,"/img_imagen_victima.img/vol_vol5/usr/lib/python3/dist-packages/wadllib/NEWS.txt",,,text/plain,txt
version.txt,"2018-07-20 04:55:31 EDT","2025-06-21 14:34:55 EDT","2025-06-21 14:34:55 EDT","2025-06-21 14:34:55 EDT",6,Allocated,Allocated,unknown,"/img_imagen_victima.img/vol_vol5/usr/lib/python3/dist-packages/wadllib/version.txt",,,text/plain,txt
requires.txt,"2024-07-21 10:28:09 EDT","2025-06-21 14:54:41 EDT","2025-06-21 14:54:40 EDT","2025-06-21 14:54:41 EDT",95,Allocated,Allocated,unknown,"/img_imagen_victima.img/vol_vol5/usr/lib/python3/dist-packages/zipp-1.0.0.egg-info/requires.txt",,,text/plain,txt
dependency_links.txt,"2024-07-21 10:28:09 EDT","2025-06-21 14:54:41 EDT","2025-06-21 14:54:40 EDT","2025-06-21 14:54:41 EDT",1,Allocated,Allocated,unknown,"/img_imagen_victima.img/vol_vol5/usr/lib/python3/dist-packages/zipp-1.0.0.egg-info/dependency_links.txt",,,text/plain,txt
top_level.txt,"2024-07-21 10:28:09 EDT","2025-06-21 14:54:41 EDT","2025-06-21 14:54:40 EDT","2025-06-21 14:54:41 EDT",5,Allocated,Allocated,unknown,"/img_imagen_victima.img/vol_vol5/usr/lib/python3/dist-packages/zipp-1.0.0.egg-info/top_level.txt",,,text/plain,txt
namespace_packages.txt,"2020-02-26 06:27:19 EST","2025-06-21 14:34:55 EDT","2025-08-07 06:52:38 EDT","2025-06-21 14:34:55 EDT",5,Allocated,Allocated,unknown,"/img_imagen_victima.img/vol_vol5/usr/lib/python3/dist-packages/zope.interface-4.7.1.egg-info/namespace_packages.txt",,,text/plain,txt
dependency_links.txt,"2020-02-26 06:27:19 EST","2025-06-21 14:34:55 EDT","2025-06-21 14:34:55 EDT","2025-06-21 14:34:55 EDT",1,Allocated,Allocated,unknown,"/img_imagen_victima.img/vol_vol5/usr/lib/python3/dist-packages/zope.interface-4.7.1.egg-info/dependency_links.txt",,,text/plain,txt
top_level.txt,"2020-02-26 06:27:19 EST","2025-06-21 14:34:55 EDT","2025-06-21 14:34:55 EDT","2025-06-21 14:34:55 EDT",5,Allocated,Allocated,unknown,"/img_imagen_victima.img/vol_vol5/usr/lib/python3/dist-packages/zope.interface-4.7.1.egg-info/top_level.txt",,,text/plain,txt
requires.txt,"2020-02-26 06:27:19 EST","2025-06-21 14:34:55 EDT","2025-06-21 14:34:55 EDT","2025-06-21 14:34:55 EDT",98,Allocated,Allocated,unknown,"/img_imagen_victima.img/vol_vol5/usr/lib/python3/dist-packages/zope.interface-4.7.1.egg-info/requires.txt",,,text/plain,txt
dependency_links.txt,"2023-05-19 13:57:02 EDT","2025-06-21 14:51:13 EDT","2025-06-21 14:51:12 EDT","2025-06-21 14:51:13 EDT",1,Allocated,Allocated,unknown,"/img_imagen_victima.img/vol_vol5/usr/lib/python3/dist-packages/cloud_init-23.1.2.egg-info/dependency_links.txt",,,text/plain,txt
entry_points.txt,"2023-05-19 13:57:02 EDT","2025-06-21 14:51:13 EDT","2025-08-07 06:52:38 EDT","2025-06-21 14:51:13 EDT",95,Allocated,Allocated,unknown,"/img_imagen_victima.img/vol_vol5/usr/lib/python3/dist-packages/cloud_init-23.1.2.egg-info/entry_points.txt",,,text/plain,txt
requires.txt,"2023-05-19 13:57:02 EDT","2025-06-21 14:51:13 EDT","2025-08-07 06:52:38 EDT","2025-06-21 14:51:13 EDT",0,Allocated,Allocated,unknown,"/img_imagen_victima.img/vol_vol5/usr/lib/python3/dist-packages/cloud_init-23.1.2.egg-info/requires.txt",,,application/octet-stream,txt
top_level.txt,"2023-05-19 13:57:02 EDT","2025-06-21 14:51:13 EDT","2025-06-21 14:51:12 EDT","2025-06-21 14:51:13 EDT",10,Allocated,Allocated,unknown,"/img_imagen_victima.img/vol_vol5/usr/lib/python3/dist-packages/cloud_init-23.1.2.egg-info/top_level.txt",,,text/plain,txt
dependency_links.txt,"2020-02-28 11:03:41 EST","2025-06-21 14:38:33 EDT","2025-06-21 14:38:32 EDT","2025-06-21 14:38:33 EDT",1,Allocated,Allocated,unknown,"/img_imagen_victima.img/vol_vol5/usr/lib/python3/dist-packages/ssh_import_id-5.10.egg-info/dependency_links.txt",,,text/plain,txt
entry_points.txt,"2020-02-28 11:03:41 EST","2025-06-21 14:38:33 EDT","2025-06-21 14:38:32 EDT","2025-06-21 14:38:33 EDT",54,Allocated,Allocated,unknown,"/img_imagen_victima.img/vol_vol5/usr/lib/python3/dist-packages/ssh_import_id-5.10.egg-info/entry_points.txt",,,text/plain,txt
requires.txt,"2020-02-28 11:03:41 EST","2025-06-21 14:38:33 EDT","2025-06-21 14:38:32 EDT","2025-06-21 14:38:33 EDT",0,Allocated,Allocated,unknown,"/img_imagen_victima.img/vol_vol5/usr/lib/python3/dist-packages/ssh_import_id-5.10.egg-info/requires.txt",,,application/octet-stream,txt
top_level.txt,"2020-02-28 11:03:41 EST","2025-06-21 14:38:33 EDT","2025-06-21 14:38:32 EDT","2025-06-21 14:38:33 EDT",14,Allocated,Allocated,unknown,"/img_imagen_victima.img/vol_vol5/usr/lib/python3/dist-packages/ssh_import_id-5.10.egg-info/top_level.txt",,,text/plain,txt
Notice.txt,"2023-04-21 01:26:52 EDT","2025-06-21 14:36:18 EDT","2025-06-21 14:35:58 EDT","2025-06-21 14:36:03 EDT",152394,Allocated,Allocated,unknown,"/img_imagen_victima.img/vol_vol5/usr/lib/firmware/ath11k/WCN6855/hw2.0/Notice.txt",,,text/plain,txt
"brcmfmac4330-sdio.Prowise-PT301.txt","2023-04-21 01:26:52 EDT","2025-06-21 14:36:18 EDT","2025-06-21 14:35:58 EDT","2025-06-21 14:36:04 EDT",1509,Allocated,Allocated,unknown,"/img_imagen_victima.img/vol_vol5/usr/lib/firmware/brcm/brcmfmac4330-sdio.Prowise-PT301.txt",,,text/plain,txt
"brcmfmac43340-sdio.meegopad-t08.txt","2023-04-21 01:26:52 EDT","2025-06-21 14:36:18 EDT","2025-06-21 14:35:58 EDT","2025-06-21 14:36:04 EDT",1693,Allocated,Allocated,unknown,"/img_imagen_victima.img/vol_vol5/usr/lib/firmware/brcm/brcmfmac43340-sdio.meegopad-t08.txt",,,text/plain,txt
"brcmfmac43340-sdio.pov-tab-p1006w-data.txt","2023-04-21 01:26:52 EDT","2025-06-21 14:36:18 EDT","2025-06-21 14:35:58 EDT","2025-06-21 14:36:04 EDT",1724,Allocated,Allocated,unknown,"/img_imagen_victima.img/vol_vol5/usr/lib/firmware/brcm/brcmfmac43340-sdio.pov-tab-p1006w-data.txt",,,text/plain,txt
"brcmfmac43340-sdio.predia-basic.txt","2023-04-21 01:26:52 EDT","2025-06-21 14:36:18 EDT","2025-06-21 14:35:58 EDT","2025-06-21 14:36:04 EDT",1689,Allocated,Allocated,unknown,"/img_imagen_victima.img/vol_vol5/usr/lib/firmware/brcm/brcmfmac43340-sdio.predia-basic.txt",,,text/plain,txt
"brcmfmac43362-sdio.cubietech,cubietruck.txt","2023-04-21 01:26:52 EDT","2025-06-21 14:36:18 EDT","2025-06-21 14:35:58 EDT","2025-06-21 14:36:04 EDT",803,Allocated,Allocated,unknown,"/img_imagen_victima.img/vol_vol5/usr/lib/firmware/brcm/brcmfmac43362-sdio.cubietech,cubietruck.txt",,,text/plain,txt
"brcmfmac43430-sdio.AP6212.txt","2023-04-21 01:26:52 EDT","2025-06-21 14:36:18 EDT","2025-06-21 14:35:58 EDT","2025-06-21 14:36:04 EDT",875,Allocated,Allocated,unknown,"/img_imagen_victima.img/vol_vol5/usr/lib/firmware/brcm/brcmfmac43430-sdio.AP6212.txt",,,text/plain,txt
"brcmfmac43430-sdio.Hampoo-D2D3_Vi8A1.txt","2023-04-21 01:26:52 EDT","2025-06-21 14:36:18 EDT","2025-06-21 14:35:58 EDT","2025-06-21 14:36:04 EDT",928,Allocated,Allocated,unknown,"/img_imagen_victima.img/vol_vol5/usr/lib/firmware/brcm/brcmfmac43430-sdio.Hampoo-D2D3_Vi8A1.txt",,,text/plain,txt
"brcmfmac43430-sdio.MUR1DX.txt","2023-04-21 01:26:52 EDT","2025-06-21 14:36:18 EDT","2025-06-21 14:35:58 EDT","2025-06-21 14:36:04 EDT",831,Allocated,Allocated,unknown,"/img_imagen_victima.img/vol_vol5/usr/lib/firmware/brcm/brcmfmac43430-sdio.MUR1DX.txt",,,text/plain,txt
"brcmfmac43430-sdio.raspberrypi,3-model-b.txt","2023-04-21 01:26:52 EDT","2025-06-21 14:36:18 EDT","2025-06-21 14:35:58 EDT","2025-06-21 14:36:04 EDT",874,Allocated,Allocated,unknown,"/img_imagen_victima.img/vol_vol5/usr/lib/firmware/brcm/brcmfmac43430-sdio.raspberrypi,3-model-b.txt",,,text/plain,txt
"brcmfmac43430a0-sdio.ONDA-V80 PLUS.txt","2023-04-21 01:26:52 EDT","2025-06-21 14:36:18 EDT","2025-06-21 14:35:58 EDT","2025-06-21 14:36:04 EDT",989,Allocated,Allocated,unknown,"/img_imagen_victima.img/vol_vol5/usr/lib/firmware/brcm/brcmfmac43430a0-sdio.ONDA-V80 PLUS.txt",,,text/plain,txt
"brcmfmac43430a0-sdio.ilife-S806.txt","2023-04-21 01:26:52 EDT","2025-06-21 14:36:18 EDT","2025-06-21 14:35:58 EDT","2025-06-21 14:36:04 EDT",908,Allocated,Allocated,unknown,"/img_imagen_victima.img/vol_vol5/usr/lib/firmware/brcm/brcmfmac43430a0-sdio.ilife-S806.txt",,,text/plain,txt
"brcmfmac43430a0-sdio.jumper-ezpad-mini3.txt","2023-04-21 01:26:52 EDT","2025-06-21 14:36:18 EDT","2025-06-21 14:35:58 EDT","2025-06-21 14:36:04 EDT",951,Allocated,Allocated,unknown,"/img_imagen_victima.img/vol_vol5/usr/lib/firmware/brcm/brcmfmac43430a0-sdio.jumper-ezpad-mini3.txt",,,text/plain,txt
"brcmfmac43455-sdio.MINIX-NEO Z83-4.txt","2023-04-21 01:26:52 EDT","2025-06-21 14:36:18 EDT","2025-06-21 14:35:58 EDT","2025-06-21 14:36:04 EDT",2510,Allocated,Allocated,unknown,"/img_imagen_victima.img/vol_vol5/usr/lib/firmware/brcm/brcmfmac43455-sdio.MINIX-NEO Z83-4.txt",,,text/plain,txt
"brcmfmac43455-sdio.acepc-t8.txt","2023-04-21 01:26:52 EDT","2025-06-21 14:36:18 EDT","2025-06-21 14:35:58 EDT","2025-06-21 14:36:04 EDT",1723,Allocated,Allocated,unknown,"/img_imagen_victima.img/vol_vol5/usr/lib/firmware/brcm/brcmfmac43455-sdio.acepc-t8.txt",,,text/plain,txt
"brcmfmac43455-sdio.raspberrypi,3-model-b-plus.txt","2023-04-21 01:26:52 EDT","2025-06-21 14:36:18 EDT","2025-06-21 14:35:58 EDT","2025-06-21 14:36:04 EDT",1864,Allocated,Allocated,unknown,"/img_imagen_victima.img/vol_vol5/usr/lib/firmware/brcm/brcmfmac43455-sdio.raspberrypi,3-model-b-plus.txt",,,text/plain,txt
"brcmfmac43455-sdio.raspberrypi,4-model-b.txt","2023-04-21 01:26:52 EDT","2025-06-21 14:36:18 EDT","2025-06-21 14:35:58 EDT","2025-06-21 14:36:04 EDT",1863,Allocated,Allocated,unknown,"/img_imagen_victima.img/vol_vol5/usr/lib/firmware/brcm/brcmfmac43455-sdio.raspberrypi,4-model-b.txt",,,text/plain,txt
"brcmfmac4356-pcie.gpd-win-pocket.txt","2023-04-21 01:26:52 EDT","2025-06-21 14:36:18 EDT","2025-06-21 14:35:58 EDT","2025-06-21 14:36:04 EDT",2515,Allocated,Allocated,unknown,"/img_imagen_victima.img/vol_vol5/usr/lib/firmware/brcm/brcmfmac4356-pcie.gpd-win-pocket.txt",,,text/plain,txt
"brcmfmac4356-sdio.vamrs,rock960.txt","2023-04-21 01:26:52 EDT","2025-06-21 14:36:18 EDT","2025-06-21 14:35:58 EDT","2025-06-21 14:36:04 EDT",2610,Allocated,Allocated,unknown,"/img_imagen_victima.img/vol_vol5/usr/lib/firmware/brcm/brcmfmac4356-sdio.vamrs,rock960.txt",,,text/plain,txt
t5-config-default.txt,"2023-04-21 01:26:52 EDT","2025-06-21 14:36:18 EDT","2025-06-21 14:35:58 EDT","2025-06-21 14:36:05 EDT",21855,Allocated,Allocated,unknown,"/img_imagen_victima.img/vol_vol5/usr/lib/firmware/cxgb4/configs/t5-config-default.txt",,,text/plain,txt
t5-config-hashfilter.txt,"2023-04-21 01:26:52 EDT","2025-06-21 14:36:18 EDT","2025-06-21 14:35:58 EDT","2025-06-21 14:36:05 EDT",16714,Allocated,Allocated,unknown,"/img_imagen_victima.img/vol_vol5/usr/lib/firmware/cxgb4/configs/t5-config-hashfilter.txt",,,text/plain,txt
t6-config-default.txt,"2023-04-21 01:26:52 EDT","2025-06-21 14:36:18 EDT","2025-06-21 14:35:58 EDT","2025-06-21 14:36:05 EDT",22557,Allocated,Allocated,unknown,"/img_imagen_victima.img/vol_vol5/usr/lib/firmware/cxgb4/configs/t6-config-default.txt",,,text/plain,txt
t6-config-hashfilter.txt,"2023-04-21 01:26:52 EDT","2025-06-21 14:36:18 EDT","2025-06-21 14:35:58 EDT","2025-06-21 14:36:05 EDT",16097,Allocated,Allocated,unknown,"/img_imagen_victima.img/vol_vol5/usr/lib/firmware/cxgb4/configs/t6-config-hashfilter.txt",,,text/plain,txt
t4-config-default.txt,"2023-04-21 01:26:52 EDT","2025-06-21 14:36:18 EDT","2025-06-21 14:35:58 EDT","2025-06-21 14:36:05 EDT",21429,Allocated,Allocated,unknown,"/img_imagen_victima.img/vol_vol5/usr/lib/firmware/cxgb4/configs/t4-config-default.txt",,,text/plain,txt
symptoms.txt,"2023-04-13 19:03:54 EDT","2025-07-25 12:09:13 EDT","2025-07-25 12:09:13 EDT","2025-07-25 12:09:13 EDT",2511,Allocated,Allocated,unknown,"/img_imagen_victima.img/vol_vol5/usr/share/doc/apport/symptoms.txt",,,text/plain,txt
syslog.conf.txt,"2018-12-05 09:44:34 EST","2025-06-21 14:43:27 EDT","2025-06-21 14:43:27 EDT","2025-06-21 14:43:27 EDT",1384,Allocated,Allocated,unknown,"/img_imagen_victima.img/vol_vol5/usr/share/doc/busybox-static/syslog.conf.txt",,,text/plain,txt
help.screen.txt,"2020-02-17 09:11:50 EST","2025-06-21 14:35:07 EDT","2025-06-21 14:35:07 EDT","2025-06-21 14:35:07 EDT",498,Allocated,Allocated,unknown,"/img_imagen_victima.img/vol_vol5/usr/share/doc/byobu/help.screen.txt",,,text/plain,txt
help.tmux.txt,"2020-02-17 09:11:50 EST","2025-06-21 14:35:07 EDT","2025-06-21 14:35:07 EDT","2025-06-21 14:35:07 EDT",2811,Allocated,Allocated,unknown,"/img_imagen_victima.img/vol_vol5/usr/share/doc/byobu/help.tmux.txt",,,text/plain,txt
"cloud-config-add-apt-repos.txt","2025-05-06 09:36:15 EDT","2025-06-21 14:52:37 EDT","2025-06-21 14:52:39 EDT","2025-06-21 14:52:37 EDT",673824,Unallocated,Allocated,unknown,"/img_imagen_victima.img/vol_vol5/usr/share/doc/cloud-init/examples/cloud-config-add-apt-repos.txt",,,application/x-sharedlib,txt
"cloud-config-archive-launch-index.txt","2025-05-06 09:36:15 EDT","2025-06-21 14:52:37 EDT","2025-06-21 14:52:37 EDT","2025-06-21 14:52:37 EDT",57832,Unallocated,Allocated,unknown,"/img_imagen_victima.img/vol_vol5/usr/share/doc/cloud-init/examples/cloud-config-archive-launch-index.txt",,,application/x-sharedlib,txt
"cloud-config-ansible-managed.txt","2025-05-06 09:36:15 EDT","2025-06-21 14:52:37 EDT","2025-06-21 14:52:37 EDT","2025-06-21 14:52:37 EDT",135024,Unallocated,Allocated,unknown,"/img_imagen_victima.img/vol_vol5/usr/share/doc/cloud-init/examples/cloud-config-ansible-managed.txt",,,application/x-sharedlib,txt
"cloud-config-ansible-pull.txt","2025-05-06 09:36:15 EDT","2025-06-21 14:52:37 EDT","2025-06-21 14:52:37 EDT","2025-06-21 14:52:37 EDT",23368,Unallocated,Allocated,unknown,"/img_imagen_victima.img/vol_vol5/usr/share/doc/cloud-init/examples/cloud-config-ansible-pull.txt",,,application/x-sharedlib,txt
"cloud-config-boot-cmds.txt","2025-05-06 09:36:15 EDT","2025-06-21 14:52:37 EDT","2025-06-21 14:52:37 EDT","2025-06-21 14:52:37 EDT",23240,Unallocated,Allocated,unknown,"/img_imagen_victima.img/vol_vol5/usr/share/doc/cloud-init/examples/cloud-config-boot-cmds.txt",,,application/x-sharedlib,txt
cloud-config-archive.txt,"2025-05-06 09:36:15 EDT","2025-06-21 14:52:37 EDT","2025-06-21 14:52:37 EDT","2025-06-21 14:52:37 EDT",15056,Unallocated,Allocated,unknown,"/img_imagen_victima.img/vol_vol5/usr/share/doc/cloud-init/examples/cloud-config-archive.txt",,,application/x-sharedlib,txt
"cloud-config-chef-oneiric.txt","2025-05-06 09:36:15 EDT","2025-06-21 14:52:37 EDT","2025-06-21 14:52:37 EDT","2025-06-21 14:52:37 EDT",44048,Unallocated,Allocated,unknown,"/img_imagen_victima.img/vol_vol5/usr/share/doc/cloud-init/examples/cloud-config-chef-oneiric.txt",,,application/x-sharedlib,txt
"cloud-config-ca-certs.txt","2025-05-06 09:36:15 EDT","2025-06-21 14:52:37 EDT","2025-06-21 14:52:37 EDT","2025-06-21 14:52:37 EDT",23112,Unallocated,Allocated,unknown,"/img_imagen_victima.img/vol_vol5/usr/share/doc/cloud-init/examples/cloud-config-ca-certs.txt",,,application/x-sharedlib,txt
"cloud-config-datasources.txt","2022-09-08 00:08:51 EDT","2025-06-21 14:52:37 EDT","2025-06-21 14:52:37 EDT","2025-06-21 14:52:37 EDT",8159,Unallocated,Allocated,unknown,"/img_imagen_victima.img/vol_vol5/usr/share/doc/cloud-init/examples/cloud-config-datasources.txt",,,text/plain,txt
"cloud-config-install-packages.txt","2025-05-06 09:36:15 EDT","2025-06-21 14:52:37 EDT","2025-06-21 14:52:38 EDT","2025-06-21 14:52:37 EDT",523,Unallocated,Allocated,unknown,"/img_imagen_victima.img/vol_vol5/usr/share/doc/cloud-init/examples/cloud-config-install-packages.txt",,,application/x-gzip,txt
cloud-config-gluster.txt,"2025-05-06 09:36:15 EDT","2025-06-21 14:52:37 EDT","2025-06-21 14:52:38 EDT","2025-06-21 14:52:37 EDT",541,Unallocated,Allocated,unknown,"/img_imagen_victima.img/vol_vol5/usr/share/doc/cloud-init/examples/cloud-config-gluster.txt",,,application/x-gzip,txt
kernel-cmdline.txt,"2025-05-06 09:36:15 EDT","2025-06-21 14:52:37 EDT","2025-06-21 14:52:37 EDT","2025-06-21 14:52:37 EDT",1159,Unallocated,Allocated,unknown,"/img_imagen_victima.img/vol_vol5/usr/share/doc/cloud-init/examples/kernel-cmdline.txt",,,text/plain,txt
include.txt,"2025-05-06 09:36:15 EDT","2025-06-21 14:52:37 EDT","2025-06-21 14:52:37 EDT","2025-06-21 14:52:37 EDT",2777,Unallocated,Allocated,unknown,"/img_imagen_victima.img/vol_vol5/usr/share/doc/cloud-init/examples/include.txt",,,text/plain,txt
"cloud-config-launch-index.txt","2025-05-06 09:36:15 EDT","2025-06-21 14:52:37 EDT","2025-06-21 14:52:38 EDT","2025-06-21 14:52:37 EDT",934,Unallocated,Allocated,unknown,"/img_imagen_victima.img/vol_vol5/usr/share/doc/cloud-init/examples/cloud-config-launch-index.txt",,,application/x-gzip,txt
cloud-config-lxd.txt,"2025-05-06 09:36:15 EDT","2025-06-21 14:52:37 EDT","2025-06-21 14:52:38 EDT","2025-06-21 14:52:37 EDT",518,Unallocated,Allocated,unknown,"/img_imagen_victima.img/vol_vol5/usr/share/doc/cloud-init/examples/cloud-config-lxd.txt",,,application/x-gzip,txt
"cloud-config-mount-points.txt","2025-05-06 09:36:15 EDT","2025-06-21 14:52:37 EDT","2025-06-21 14:52:38 EDT","2025-06-21 14:52:37 EDT",493,Unallocated,Allocated,unknown,"/img_imagen_victima.img/vol_vol5/usr/share/doc/cloud-init/examples/cloud-config-mount-points.txt",,,application/x-gzip,txt
cloud-config-ntp.txt,"2025-05-06 09:36:15 EDT","2025-06-21 14:52:37 EDT","2025-06-21 14:52:38 EDT","2025-06-21 14:52:37 EDT",842,Unallocated,Allocated,unknown,"/img_imagen_victima.img/vol_vol5/usr/share/doc/cloud-init/examples/cloud-config-ntp.txt",,,application/x-gzip,txt
"cloud-config-reporting.txt","2025-05-06 09:36:15 EDT","2025-06-21 14:52:37 EDT","2025-06-21 14:52:37 EDT","2025-06-21 14:52:37 EDT",3432,Unallocated,Allocated,unknown,"/img_imagen_victima.img/vol_vol5/usr/share/doc/cloud-init/examples/cloud-config-reporting.txt",,,text/plain,txt
"cloud-config-run-cmds.txt","2025-05-06 09:36:15 EDT","2025-06-21 14:52:37 EDT","2025-06-21 14:52:37 EDT","2025-06-21 14:52:37 EDT",2902,Unallocated,Allocated,unknown,"/img_imagen_victima.img/vol_vol5/usr/share/doc/cloud-init/examples/cloud-config-run-cmds.txt",,,text/plain,txt
"cloud-config-ssh-keys.txt","2025-05-06 09:36:15 EDT","2025-06-21 14:52:37 EDT","2025-06-21 14:52:37 EDT","2025-06-21 14:52:37 EDT",1160,Unallocated,Allocated,unknown,"/img_imagen_victima.img/vol_vol5/usr/share/doc/cloud-init/examples/cloud-config-ssh-keys.txt",,,text/plain,txt
"cloud-config-update-apt.txt","2025-05-06 09:36:15 EDT","2025-06-21 14:52:37 EDT","2025-06-21 14:52:37 EDT","2025-06-21 14:52:37 EDT",13550,Unallocated,Allocated,unknown,"/img_imagen_victima.img/vol_vol5/usr/share/doc/cloud-init/examples/cloud-config-update-apt.txt",,,text/plain,txt
"cloud-config-update-packages.txt","2025-05-06 09:36:15 EDT","2025-06-21 14:52:37 EDT","2025-06-21 14:52:37 EDT","2025-06-21 14:52:37 EDT",2727,Unallocated,Allocated,unknown,"/img_imagen_victima.img/vol_vol5/usr/share/doc/cloud-init/examples/cloud-config-update-packages.txt",,,text/plain,txt
"cloud-config-wireguard.txt","2025-05-06 09:36:15 EDT","2025-06-21 14:52:37 EDT","2025-06-21 14:52:37 EDT","2025-06-21 14:52:37 EDT",2415,Unallocated,Allocated,unknown,"/img_imagen_victima.img/vol_vol5/usr/share/doc/cloud-init/examples/cloud-config-wireguard.txt",,,text/plain,txt
"cloud-config-write-files.txt","2025-05-06 09:36:15 EDT","2025-06-21 14:52:37 EDT","2025-06-21 14:52:37 EDT","2025-06-21 14:52:37 EDT",1108,Unallocated,Allocated,unknown,"/img_imagen_victima.img/vol_vol5/usr/share/doc/cloud-init/examples/cloud-config-write-files.txt",,,text/plain,txt
"cloud-config-yum-repo.txt","2025-05-06 09:36:15 EDT","2025-06-21 14:52:37 EDT","2025-06-21 14:52:37 EDT","2025-06-21 14:52:37 EDT",11439,Unallocated,Allocated,unknown,"/img_imagen_victima.img/vol_vol5/usr/share/doc/cloud-init/examples/cloud-config-yum-repo.txt",,,text/plain,txt
include-once.txt,"2025-05-06 09:36:15 EDT","2025-06-21 14:52:37 EDT","2025-06-21 14:52:37 EDT","2025-06-21 14:52:37 EDT",3362,Unallocated,Allocated,unknown,"/img_imagen_victima.img/vol_vol5/usr/share/doc/cloud-init/examples/include-once.txt",,,text/plain,txt
part-handler-v2.txt,"2025-05-06 09:36:15 EDT","2025-06-21 14:52:37 EDT","2025-06-21 14:52:37 EDT","2025-06-21 14:52:37 EDT",13535,Unallocated,Allocated,unknown,"/img_imagen_victima.img/vol_vol5/usr/share/doc/cloud-init/examples/part-handler-v2.txt",,,text/plain,txt
part-handler.txt,"2025-05-06 09:36:15 EDT","2025-06-21 14:52:37 EDT","2025-06-21 14:52:37 EDT","2025-06-21 14:52:37 EDT",2786,Unallocated,Allocated,unknown,"/img_imagen_victima.img/vol_vol5/usr/share/doc/cloud-init/examples/part-handler.txt",,,text/plain,txt
plain-ignored.txt,"2025-05-06 09:36:15 EDT","2025-06-21 14:52:37 EDT","2025-06-21 14:52:37 EDT","2025-06-21 14:52:37 EDT",3531,Unallocated,Allocated,unknown,"/img_imagen_victima.img/vol_vol5/usr/share/doc/cloud-init/examples/plain-ignored.txt",,,text/plain,txt
user-script.txt,"2025-05-06 09:36:15 EDT","2025-06-21 14:52:37 EDT","2025-06-21 14:52:37 EDT","2025-06-21 14:52:37 EDT",2800,Unallocated,Allocated,unknown,"/img_imagen_victima.img/vol_vol5/usr/share/doc/cloud-init/examples/user-script.txt",,,text/plain,txt
"cloud-config-boot-cmds.txt","2023-04-20 17:31:09 EDT","2025-06-21 14:51:13 EDT","2025-06-21 14:51:12 EDT","2025-06-21 14:51:13 EDT",636,Allocated,Allocated,unknown,"/img_imagen_victima.img/vol_vol5/usr/share/doc/cloud-init/examples/cloud-config-boot-cmds.txt",,,text/plain,txt
"cloud-config-ca-certs.txt","2023-04-20 17:31:09 EDT","2025-06-21 14:51:13 EDT","2025-06-21 14:51:12 EDT","2025-06-21 14:51:13 EDT",1184,Allocated,Allocated,unknown,"/img_imagen_victima.img/vol_vol5/usr/share/doc/cloud-init/examples/cloud-config-ca-certs.txt",,,text/plain,txt
"cloud-config-datasources.txt","2023-04-20 17:31:09 EDT","2025-06-21 14:51:13 EDT","2025-06-21 14:51:12 EDT","2025-06-21 14:51:13 EDT",2320,Allocated,Allocated,unknown,"/img_imagen_victima.img/vol_vol5/usr/share/doc/cloud-init/examples/cloud-config-datasources.txt",,,text/plain,txt
"cloud-config-install-packages.txt","2023-04-20 17:31:09 EDT","2025-06-21 14:51:13 EDT","2025-06-21 14:51:12 EDT","2025-06-21 14:51:13 EDT",383,Allocated,Allocated,unknown,"/img_imagen_victima.img/vol_vol5/usr/share/doc/cloud-init/examples/cloud-config-install-packages.txt",,,text/plain,txt
kernel-cmdline.txt,"2023-04-20 17:31:09 EDT","2025-06-21 14:51:14 EDT","2025-06-21 14:51:12 EDT","2025-06-21 14:51:13 EDT",1029,Allocated,Allocated,unknown,"/img_imagen_victima.img/vol_vol5/usr/share/doc/cloud-init/examples/kernel-cmdline.txt",,,text/plain,txt
include.txt,"2023-04-20 17:31:09 EDT","2025-06-21 14:51:14 EDT","2025-06-21 14:51:12 EDT","2025-06-21 14:51:13 EDT",434,Allocated,Allocated,unknown,"/img_imagen_victima.img/vol_vol5/usr/share/doc/cloud-init/examples/include.txt",,,text/plain,txt
"cloud-config-reporting.txt","2023-04-20 17:31:09 EDT","2025-06-21 14:51:13 EDT","2025-06-21 14:51:12 EDT","2025-06-21 14:51:13 EDT",335,Allocated,Allocated,unknown,"/img_imagen_victima.img/vol_vol5/usr/share/doc/cloud-init/examples/cloud-config-reporting.txt",,,text/plain,txt
"cloud-config-update-apt.txt","2023-04-20 17:31:09 EDT","2025-06-21 14:51:13 EDT","2025-06-21 14:51:12 EDT","2025-06-21 14:51:13 EDT",229,Allocated,Allocated,unknown,"/img_imagen_victima.img/vol_vol5/usr/share/doc/cloud-init/examples/cloud-config-update-apt.txt",,,text/plain,txt
"cloud-config-wireguard.txt","2023-04-20 17:31:09 EDT","2025-06-21 14:51:13 EDT","2025-06-21 14:51:12 EDT","2025-06-21 14:51:13 EDT",1183,Allocated,Allocated,unknown,"/img_imagen_victima.img/vol_vol5/usr/share/doc/cloud-init/examples/cloud-config-wireguard.txt",,,text/plain,txt
"cloud-config-write-files.txt","2023-04-20 17:31:09 EDT","2025-06-21 14:51:13 EDT","2025-06-21 14:51:12 EDT","2025-06-21 14:51:13 EDT",1078,Allocated,Allocated,unknown,"/img_imagen_victima.img/vol_vol5/usr/share/doc/cloud-init/examples/cloud-config-write-files.txt",,,text/plain,txt
"cloud-config-yum-repo.txt","2023-04-20 17:31:09 EDT","2025-06-21 14:51:14 EDT","2025-06-21 14:51:12 EDT","2025-06-21 14:51:13 EDT",639,Allocated,Allocated,unknown,"/img_imagen_victima.img/vol_vol5/usr/share/doc/cloud-init/examples/cloud-config-yum-repo.txt",,,text/plain,txt
include-once.txt,"2023-04-20 17:31:09 EDT","2025-06-21 14:51:14 EDT","2025-06-21 14:51:12 EDT","2025-06-21 14:51:13 EDT",353,Allocated,Allocated,unknown,"/img_imagen_victima.img/vol_vol5/usr/share/doc/cloud-init/examples/include-once.txt",,,text/plain,txt
plain-ignored.txt,"2023-04-20 17:31:09 EDT","2025-06-21 14:51:14 EDT","2025-06-21 14:51:12 EDT","2025-06-21 14:51:13 EDT",68,Allocated,Allocated,unknown,"/img_imagen_victima.img/vol_vol5/usr/share/doc/cloud-init/examples/plain-ignored.txt",,,text/plain,txt
user-script.txt,"2023-04-20 17:31:09 EDT","2025-06-21 14:51:14 EDT","2025-06-21 14:51:12 EDT","2025-06-21 14:51:13 EDT",125,Allocated,Allocated,unknown,"/img_imagen_victima.img/vol_vol5/usr/share/doc/cloud-init/examples/user-script.txt",,,application/x-sh,txt
"cloud-config-run-cmds.txt","2023-04-20 17:31:09 EDT","2025-06-21 14:51:13 EDT","2025-06-21 14:51:12 EDT","2025-06-21 14:51:13 EDT",963,Allocated,Allocated,unknown,"/img_imagen_victima.img/vol_vol5/usr/share/doc/cloud-init/examples/cloud-config-run-cmds.txt",,,text/plain,txt
"cloud-config-add-apt-repos.txt","2023-04-20 17:31:09 EDT","2025-06-21 14:51:13 EDT","2025-06-21 14:51:12 EDT","2025-06-21 14:51:13 EDT",1578,Allocated,Allocated,unknown,"/img_imagen_victima.img/vol_vol5/usr/share/doc/cloud-init/examples/cloud-config-add-apt-repos.txt",,,text/plain,txt
cloud-config-ntp.txt,"2023-04-20 17:31:09 EDT","2025-06-21 14:51:13 EDT","2025-06-21 14:51:12 EDT","2025-06-21 14:51:13 EDT",835,Allocated,Allocated,unknown,"/img_imagen_victima.img/vol_vol5/usr/share/doc/cloud-init/examples/cloud-config-ntp.txt",,,text/plain,txt
"cloud-config-ssh-keys.txt","2023-04-20 17:31:09 EDT","2025-06-21 14:51:13 EDT","2025-06-21 14:51:12 EDT","2025-06-21 14:51:13 EDT",3654,Allocated,Allocated,unknown,"/img_imagen_victima.img/vol_vol5/usr/share/doc/cloud-init/examples/cloud-config-ssh-keys.txt",,,text/plain,txt
part-handler-v2.txt,"2023-04-20 17:31:09 EDT","2025-06-21 14:51:14 EDT","2025-06-21 14:51:12 EDT","2025-06-21 14:51:13 EDT",1562,Allocated,Allocated,unknown,"/img_imagen_victima.img/vol_vol5/usr/share/doc/cloud-init/examples/part-handler-v2.txt",,,text/plain,txt
part-handler.txt,"2023-04-20 17:31:09 EDT","2025-06-21 14:51:14 EDT","2025-06-21 14:51:12 EDT","2025-06-21 14:51:13 EDT",806,Allocated,Allocated,unknown,"/img_imagen_victima.img/vol_vol5/usr/share/doc/cloud-init/examples/part-handler.txt",,,text/plain,txt
"cloud-config-update-packages.txt","2023-04-20 17:31:09 EDT","2025-06-21 14:51:13 EDT","2025-06-21 14:51:12 EDT","2025-06-21 14:51:13 EDT",93,Allocated,Allocated,unknown,"/img_imagen_victima.img/vol_vol5/usr/share/doc/cloud-init/examples/cloud-config-update-packages.txt",,,text/plain,txt
"cloud-config-launch-index.txt","2023-04-20 17:31:09 EDT","2025-06-21 14:51:13 EDT","2025-06-21 14:51:12 EDT","2025-06-21 14:51:13 EDT",570,Allocated,Allocated,unknown,"/img_imagen_victima.img/vol_vol5/usr/share/doc/cloud-init/examples/cloud-config-launch-index.txt",,,text/plain,txt
"cloud-config-archive-launch-index.txt","2023-04-20 17:31:09 EDT","2025-06-21 14:51:13 EDT","2025-06-21 14:51:12 EDT","2025-06-21 14:51:13 EDT",802,Allocated,Allocated,unknown,"/img_imagen_victima.img/vol_vol5/usr/share/doc/cloud-init/examples/cloud-config-archive-launch-index.txt",,,text/plain,txt
"cloud-config-ansible-managed.txt","2023-04-20 17:31:09 EDT","2025-06-21 14:51:13 EDT","2025-06-21 14:51:12 EDT","2025-06-21 14:51:13 EDT",3821,Allocated,Allocated,unknown,"/img_imagen_victima.img/vol_vol5/usr/share/doc/cloud-init/examples/cloud-config-ansible-managed.txt",,,text/plain,txt
cloud-config-gluster.txt,"2023-04-20 17:31:09 EDT","2025-06-21 14:51:13 EDT","2025-06-21 14:51:12 EDT","2025-06-21 14:51:13 EDT",456,Allocated,Allocated,unknown,"/img_imagen_victima.img/vol_vol5/usr/share/doc/cloud-init/examples/cloud-config-gluster.txt",,,text/plain,txt
cloud-config-lxd.txt,"2023-04-20 17:31:09 EDT","2025-06-21 14:51:13 EDT","2025-06-21 14:51:12 EDT","2025-06-21 14:51:13 EDT",1814,Allocated,Allocated,unknown,"/img_imagen_victima.img/vol_vol5/usr/share/doc/cloud-init/examples/cloud-config-lxd.txt",,,text/plain,txt
"cloud-config-mount-points.txt","2023-04-20 17:31:09 EDT","2025-06-21 14:51:13 EDT","2025-06-21 14:51:12 EDT","2025-06-21 14:51:13 EDT",1504,Allocated,Allocated,unknown,"/img_imagen_victima.img/vol_vol5/usr/share/doc/cloud-init/examples/cloud-config-mount-points.txt",,,text/plain,txt
"cloud-config-ansible-pull.txt","2023-04-20 17:31:09 EDT","2025-06-21 14:51:13 EDT","2025-06-21 14:51:12 EDT","2025-06-21 14:51:13 EDT",334,Allocated,Allocated,unknown,"/img_imagen_victima.img/vol_vol5/usr/share/doc/cloud-init/examples/cloud-config-ansible-pull.txt",,,text/plain,txt
cloud-config-archive.txt,"2023-04-20 17:31:09 EDT","2025-06-21 14:51:13 EDT","2025-06-21 14:51:12 EDT","2025-06-21 14:51:13 EDT",239,Allocated,Allocated,unknown,"/img_imagen_victima.img/vol_vol5/usr/share/doc/cloud-init/examples/cloud-config-archive.txt",,,text/plain,txt
"cloud-config-chef-oneiric.txt","2023-04-20 17:31:09 EDT","2025-06-21 14:51:13 EDT","2025-06-21 14:51:12 EDT","2025-06-21 14:51:13 EDT",3611,Allocated,Allocated,unknown,"/img_imagen_victima.img/vol_vol5/usr/share/doc/cloud-init/examples/cloud-config-chef-oneiric.txt",,,text/plain,txt
status.txt,"2023-04-20 17:31:09 EDT","2025-06-21 14:51:14 EDT","2025-06-21 14:51:12 EDT","2025-06-21 14:51:13 EDT",1787,Allocated,Allocated,unknown,"/img_imagen_victima.img/vol_vol5/usr/share/doc/cloud-init/status.txt",,,text/plain,txt
userdata.txt,"2023-04-20 17:31:09 EDT","2025-06-21 14:51:14 EDT","2025-06-21 14:51:12 EDT","2025-06-21 14:51:13 EDT",3191,Allocated,Allocated,unknown,"/img_imagen_victima.img/vol_vol5/usr/share/doc/cloud-init/userdata.txt",,,text/plain,txt
var-lib-cloud.txt,"2023-04-20 17:31:09 EDT","2025-06-21 14:51:14 EDT","2025-06-21 14:51:12 EDT","2025-06-21 14:51:13 EDT",1888,Allocated,Allocated,unknown,"/img_imagen_victima.img/vol_vol5/usr/share/doc/cloud-init/var-lib-cloud.txt",,,text/plain,txt
Keyring.txt,"2019-11-01 04:02:46 EDT","2025-06-21 14:35:07 EDT","2025-06-21 14:35:07 EDT","2025-06-21 14:35:07 EDT",2724,Allocated,Allocated,unknown,"/img_imagen_victima.img/vol_vol5/usr/share/doc/cryptsetup/Keyring.txt",,,text/plain,txt
LUKS2-locking.txt,"2019-11-01 04:02:46 EDT","2025-06-21 14:35:07 EDT","2025-06-21 14:35:07 EDT","2025-06-21 14:35:07 EDT",2711,Allocated,Allocated,unknown,"/img_imagen_victima.img/vol_vol5/usr/share/doc/cryptsetup/LUKS2-locking.txt",,,text/plain,txt
stoxdata.txt,"2019-06-18 13:10:16 EDT","2025-06-21 14:55:24 EDT","2025-06-21 14:55:23 EDT","2025-06-21 14:55:24 EDT",165,Allocated,Allocated,unknown,"/img_imagen_victima.img/vol_vol5/usr/share/doc/gawk/examples/network/stoxdata.txt",,,text/plain,txt
1.5.0.4.txt,"2025-04-22 06:20:10 EDT","2025-06-21 14:55:49 EDT","2025-06-21 14:55:47 EDT","2025-06-21 14:55:48 EDT",194,Unallocated,Allocated,unknown,"/img_imagen_victima.img/vol_vol5/usr/share/doc/git/RelNotes/1.5.0.4.txt",,,text/plain,txt
1.5.0.5.txt,"2025-04-22 06:20:10 EDT","2025-06-21 14:55:49 EDT","2025-06-21 14:55:47 EDT","2025-06-21 14:55:48 EDT",282,Unallocated,Allocated,unknown,"/img_imagen_victima.img/vol_vol5/usr/share/doc/git/RelNotes/1.5.0.5.txt",,,text/plain,txt
1.5.0.6.txt,"2025-04-22 06:20:10 EDT","2025-06-21 14:55:49 EDT","2025-06-21 14:55:47 EDT","2025-06-21 14:55:48 EDT",360,Unallocated,Allocated,unknown,"/img_imagen_victima.img/vol_vol5/usr/share/doc/git/RelNotes/1.5.0.6.txt",,,text/plain,txt
1.5.0.7.txt,"2025-04-22 06:20:10 EDT","2025-06-21 14:55:49 EDT","2025-06-21 14:55:47 EDT","2025-06-21 14:55:48 EDT",1446,Unallocated,Allocated,unknown,"/img_imagen_victima.img/vol_vol5/usr/share/doc/git/RelNotes/1.5.0.7.txt",,,text/plain,txt
1.5.0.txt,"2025-04-22 06:20:10 EDT","2025-06-21 14:55:49 EDT","2025-06-21 14:55:47 EDT","2025-06-21 14:55:48 EDT",156,Unallocated,Allocated,unknown,"/img_imagen_victima.img/vol_vol5/usr/share/doc/git/RelNotes/1.5.0.txt",,,text/plain,txt
1.5.1.1.txt,"2025-05-26 04:09:37 EDT","2025-06-21 14:56:30 EDT","2025-06-21 14:56:29 EDT","2025-06-21 14:56:30 EDT",2838,Unallocated,Allocated,unknown,"/img_imagen_victima.img/vol_vol5/usr/share/doc/git/RelNotes/1.5.1.1.txt",,,application/x-gzip,txt
1.5.1.2.txt,"2025-04-22 06:20:10 EDT","2025-06-21 14:55:49 EDT","2025-06-21 14:55:47 EDT","2025-06-21 14:55:48 EDT",588,Unallocated,Allocated,unknown,"/img_imagen_victima.img/vol_vol5/usr/share/doc/git/RelNotes/1.5.1.2.txt",,,text/plain,txt
1.5.1.3.txt,"2025-04-22 06:20:10 EDT","2025-06-21 14:55:49 EDT","2025-06-21 14:55:47 EDT","2025-06-21 14:55:48 EDT",246,Unallocated,Allocated,unknown,"/img_imagen_victima.img/vol_vol5/usr/share/doc/git/RelNotes/1.5.1.3.txt",,,text/plain,txt
1.5.1.4.txt,"2025-04-22 06:20:10 EDT","2025-06-21 14:55:49 EDT","2025-06-21 14:55:47 EDT","2025-06-21 14:55:48 EDT",1916,Unallocated,Allocated,unknown,"/img_imagen_victima.img/vol_vol5/usr/share/doc/git/RelNotes/1.5.1.4.txt",,,text/plain,txt
1.5.1.5.txt,"2025-04-22 06:20:10 EDT","2025-06-21 14:55:49 EDT","2025-06-21 14:55:47 EDT","2025-06-21 14:55:48 EDT",2086,Unallocated,Allocated,unknown,"/img_imagen_victima.img/vol_vol5/usr/share/doc/git/RelNotes/1.5.1.5.txt",,,text/plain,txt
1.5.1.6.txt,"2025-04-22 06:20:10 EDT","2025-06-21 14:55:49 EDT","2025-06-21 14:55:47 EDT","2025-06-21 14:55:48 EDT",728,Unallocated,Allocated,unknown,"/img_imagen_victima.img/vol_vol5/usr/share/doc/git/RelNotes/1.5.1.6.txt",,,text/plain,txt
1.5.1.txt,"2025-04-22 06:20:10 EDT","2025-06-21 14:55:49 EDT","2025-06-21 14:55:47 EDT","2025-06-21 14:55:48 EDT",980,Unallocated,Allocated,unknown,"/img_imagen_victima.img/vol_vol5/usr/share/doc/git/RelNotes/1.5.1.txt",,,application/octet-stream,txt
1.5.2.1.txt,"2025-04-22 06:20:10 EDT","2025-06-21 14:55:49 EDT","2025-06-21 14:55:47 EDT","2025-06-21 14:55:48 EDT",2086,Unallocated,Allocated,unknown,"/img_imagen_victima.img/vol_vol5/usr/share/doc/git/RelNotes/1.5.2.1.txt",,,text/plain,txt
1.5.2.2.txt,"2025-04-22 06:20:10 EDT","2025-06-21 14:55:49 EDT","2025-06-21 14:55:47 EDT","2025-06-21 14:55:48 EDT",648,Unallocated,Allocated,unknown,"/img_imagen_victima.img/vol_vol5/usr/share/doc/git/RelNotes/1.5.2.2.txt",,,text/plain,txt
1.5.2.3.txt,"2025-04-22 06:20:10 EDT","2025-06-21 14:55:49 EDT","2025-06-21 14:55:47 EDT","2025-06-21 14:55:48 EDT",618,Unallocated,Allocated,unknown,"/img_imagen_victima.img/vol_vol5/usr/share/doc/git/RelNotes/1.5.2.3.txt",,,text/plain,txt
1.5.2.4.txt,"2025-04-22 06:20:10 EDT","2025-06-21 14:55:49 EDT","2025-06-21 14:55:47 EDT","2025-06-21 14:55:48 EDT",2529,Unallocated,Allocated,unknown,"/img_imagen_victima.img/vol_vol5/usr/share/doc/git/RelNotes/1.5.2.4.txt",,,text/plain,txt
1.5.2.5.txt,"2025-04-22 06:20:10 EDT","2025-06-21 14:55:49 EDT","2025-06-21 14:55:47 EDT","2025-06-21 14:55:48 EDT",482,Unallocated,Allocated,unknown,"/img_imagen_victima.img/vol_vol5/usr/share/doc/git/RelNotes/1.5.2.5.txt",,,text/plain,txt
1.5.2.txt,"2025-04-22 06:20:10 EDT","2025-06-21 14:55:49 EDT","2025-06-21 14:55:47 EDT","2025-06-21 14:55:48 EDT",1456,Unallocated,Allocated,unknown,"/img_imagen_victima.img/vol_vol5/usr/share/doc/git/RelNotes/1.5.2.txt",,,text/plain,txt
1.5.3.1.txt,"2025-04-22 06:20:10 EDT","2025-06-21 14:55:49 EDT","2025-06-21 14:55:47 EDT","2025-06-21 14:55:48 EDT",1949,Unallocated,Allocated,unknown,"/img_imagen_victima.img/vol_vol5/usr/share/doc/git/RelNotes/1.5.3.1.txt",,,text/plain,txt
1.5.3.2.txt,"2025-04-22 06:20:10 EDT","2025-06-21 14:55:49 EDT","2025-06-21 14:55:47 EDT","2025-06-21 14:55:48 EDT",2329,Unallocated,Allocated,unknown,"/img_imagen_victima.img/vol_vol5/usr/share/doc/git/RelNotes/1.5.3.2.txt",,,text/plain,txt
1.5.3.3.txt,"2025-04-22 06:20:10 EDT","2025-06-21 14:55:49 EDT","2025-06-21 14:55:47 EDT","2025-06-21 14:55:48 EDT",3655,Unallocated,Allocated,unknown,"/img_imagen_victima.img/vol_vol5/usr/share/doc/git/RelNotes/1.5.3.3.txt",,,text/plain,txt
1.5.3.4.txt,"2025-04-22 06:20:10 EDT","2025-06-21 14:55:49 EDT","2025-06-21 14:55:47 EDT","2025-06-21 14:55:48 EDT",156,Unallocated,Allocated,unknown,"/img_imagen_victima.img/vol_vol5/usr/share/doc/git/RelNotes/1.5.3.4.txt",,,text/plain,txt
1.5.3.5.txt,"2025-05-26 04:09:37 EDT","2025-06-21 14:56:30 EDT","2025-06-21 14:56:29 EDT","2025-06-21 14:56:30 EDT",2872,Unallocated,Allocated,unknown,"/img_imagen_victima.img/vol_vol5/usr/share/doc/git/RelNotes/1.5.3.5.txt",,,application/x-gzip,txt
1.5.3.6.txt,"2025-04-22 06:20:10 EDT","2025-06-21 14:55:49 EDT","2025-06-21 14:55:47 EDT","2025-06-21 14:55:48 EDT",194,Unallocated,Allocated,unknown,"/img_imagen_victima.img/vol_vol5/usr/share/doc/git/RelNotes/1.5.3.6.txt",,,text/plain,txt
1.5.3.7.txt,"2025-05-26 04:09:37 EDT","2025-06-21 14:56:30 EDT","2025-06-21 14:56:29 EDT","2025-06-21 14:56:30 EDT",2700,Unallocated,Allocated,unknown,"/img_imagen_victima.img/vol_vol5/usr/share/doc/git/RelNotes/1.5.3.7.txt",,,application/x-gzip,txt
1.5.3.8.txt,"2025-04-22 06:20:10 EDT","2025-06-21 14:55:49 EDT","2025-06-21 14:55:47 EDT","2025-06-21 14:55:48 EDT",156,Unallocated,Allocated,unknown,"/img_imagen_victima.img/vol_vol5/usr/share/doc/git/RelNotes/1.5.3.8.txt",,,text/plain,txt
1.5.3.txt,"2025-05-26 04:09:37 EDT","2025-06-21 14:56:30 EDT","2025-06-21 14:56:29 EDT","2025-06-21 14:56:30 EDT",2860,Unallocated,Allocated,unknown,"/img_imagen_victima.img/vol_vol5/usr/share/doc/git/RelNotes/1.5.3.txt",,,application/x-gzip,txt
1.5.4.1.txt,"2025-04-22 06:20:10 EDT","2025-06-21 14:55:49 EDT","2025-06-21 14:55:47 EDT","2025-06-21 14:55:48 EDT",194,Unallocated,Allocated,unknown,"/img_imagen_victima.img/vol_vol5/usr/share/doc/git/RelNotes/1.5.4.1.txt",,,text/plain,txt
1.5.4.2.txt,"2025-05-26 04:09:37 EDT","2025-06-21 14:56:30 EDT","2025-06-21 14:56:29 EDT","2025-06-21 14:56:30 EDT",2743,Unallocated,Allocated,unknown,"/img_imagen_victima.img/vol_vol5/usr/share/doc/git/RelNotes/1.5.4.2.txt",,,application/x-gzip,txt
1.5.4.3.txt,"2025-04-22 06:20:10 EDT","2025-06-21 14:55:49 EDT","2025-06-21 14:55:47 EDT","2025-06-21 14:55:48 EDT",560,Unallocated,Allocated,unknown,"/img_imagen_victima.img/vol_vol5/usr/share/doc/git/RelNotes/1.5.4.3.txt",,,text/plain,txt
1.5.4.4.txt,"2025-04-22 06:20:10 EDT","2025-06-21 14:55:49 EDT","2025-06-21 14:55:47 EDT","2025-06-21 14:55:48 EDT",264,Unallocated,Allocated,unknown,"/img_imagen_victima.img/vol_vol5/usr/share/doc/git/RelNotes/1.5.4.4.txt",,,text/plain,txt
1.5.4.5.txt,"2025-04-22 06:20:10 EDT","2025-06-21 14:55:49 EDT","2025-06-21 14:55:47 EDT","2025-06-21 14:55:48 EDT",1514,Unallocated,Allocated,unknown,"/img_imagen_victima.img/vol_vol5/usr/share/doc/git/RelNotes/1.5.4.5.txt",,,text/plain,txt
1.5.4.6.txt,"2025-04-22 06:20:10 EDT","2025-06-21 14:55:49 EDT","2025-06-21 14:55:47 EDT","2025-06-21 14:55:48 EDT",2458,Unallocated,Allocated,unknown,"/img_imagen_victima.img/vol_vol5/usr/share/doc/git/RelNotes/1.5.4.6.txt",,,text/plain,txt
1.5.4.7.txt,"2025-04-22 06:20:10 EDT","2025-06-21 14:55:49 EDT","2025-06-21 14:55:47 EDT","2025-06-21 14:55:48 EDT",3494,Unallocated,Allocated,unknown,"/img_imagen_victima.img/vol_vol5/usr/share/doc/git/RelNotes/1.5.4.7.txt",,,text/plain,txt
1.5.4.txt,"2025-04-22 06:20:10 EDT","2025-06-21 14:55:49 EDT","2025-06-21 14:55:47 EDT","2025-06-21 14:55:48 EDT",156,Unallocated,Allocated,unknown,"/img_imagen_victima.img/vol_vol5/usr/share/doc/git/RelNotes/1.5.4.txt",,,text/plain,txt
1.5.5.1.txt,"2025-05-26 04:09:37 EDT","2025-06-21 14:56:30 EDT","2025-06-21 14:56:29 EDT","2025-06-21 14:56:30 EDT",2966,Unallocated,Allocated,unknown,"/img_imagen_victima.img/vol_vol5/usr/share/doc/git/RelNotes/1.5.5.1.txt",,,application/x-gzip,txt
1.5.5.2.txt,"2025-04-22 06:20:10 EDT","2025-06-21 14:55:49 EDT","2025-06-21 14:55:47 EDT","2025-06-21 14:55:48 EDT",2892,Unallocated,Allocated,unknown,"/img_imagen_victima.img/vol_vol5/usr/share/doc/git/RelNotes/1.5.5.2.txt",,,text/plain,txt
1.5.5.3.txt,"2025-04-22 06:20:10 EDT","2025-06-21 14:55:49 EDT","2025-06-21 14:55:47 EDT","2025-06-21 14:55:48 EDT",1614,Unallocated,Allocated,unknown,"/img_imagen_victima.img/vol_vol5/usr/share/doc/git/RelNotes/1.5.5.3.txt",,,text/plain,txt
1.5.5.4.txt,"2025-04-22 06:20:10 EDT","2025-06-21 14:55:49 EDT","2025-06-21 14:55:47 EDT","2025-06-21 14:55:48 EDT",2882,Unallocated,Allocated,unknown,"/img_imagen_victima.img/vol_vol5/usr/share/doc/git/RelNotes/1.5.5.4.txt",,,text/plain,txt
1.5.5.5.txt,"2025-04-22 06:20:10 EDT","2025-06-21 14:55:49 EDT","2025-06-21 14:55:47 EDT","2025-06-21 14:55:48 EDT",2305,Unallocated,Allocated,unknown,"/img_imagen_victima.img/vol_vol5/usr/share/doc/git/RelNotes/1.5.5.5.txt",,,text/plain,txt
1.5.5.6.txt,"2025-04-22 06:20:10 EDT","2025-06-21 14:55:49 EDT","2025-06-21 14:55:47 EDT","2025-06-21 14:55:48 EDT",437,Unallocated,Allocated,unknown,"/img_imagen_victima.img/vol_vol5/usr/share/doc/git/RelNotes/1.5.5.6.txt",,,text/plain,txt
1.5.5.txt,"2025-04-22 06:20:10 EDT","2025-06-21 14:55:49 EDT","2025-06-21 14:55:47 EDT","2025-06-21 14:55:48 EDT",297,Unallocated,Allocated,unknown,"/img_imagen_victima.img/vol_vol5/usr/share/doc/git/RelNotes/1.5.5.txt",,,text/plain,txt
1.5.6.1.txt,"2025-04-22 06:20:10 EDT","2025-06-21 14:55:49 EDT","2025-06-21 14:55:47 EDT","2025-06-21 14:55:48 EDT",202,Unallocated,Allocated,unknown,"/img_imagen_victima.img/vol_vol5/usr/share/doc/git/RelNotes/1.5.6.1.txt",,,text/plain,txt
1.5.6.2.txt,"2025-05-26 04:09:37 EDT","2025-06-21 14:56:30 EDT","2025-06-21 14:56:29 EDT","2025-06-21 14:56:30 EDT",2813,Unallocated,Allocated,unknown,"/img_imagen_victima.img/vol_vol5/usr/share/doc/git/RelNotes/1.5.6.2.txt",,,application/x-gzip,txt
1.5.6.3.txt,"2025-04-22 06:20:10 EDT","2025-06-21 14:55:49 EDT","2025-06-21 14:55:47 EDT","2025-06-21 14:55:48 EDT",2288,Unallocated,Allocated,unknown,"/img_imagen_victima.img/vol_vol5/usr/share/doc/git/RelNotes/1.5.6.3.txt",,,text/plain,txt
1.5.6.4.txt,"2025-04-22 06:20:10 EDT","2025-06-21 14:55:49 EDT","2025-06-21 14:55:47 EDT","2025-06-21 14:55:48 EDT",211,Unallocated,Allocated,unknown,"/img_imagen_victima.img/vol_vol5/usr/share/doc/git/RelNotes/1.5.6.4.txt",,,text/plain,txt
1.5.6.5.txt,"2025-04-22 06:20:10 EDT","2025-06-21 14:55:49 EDT","2025-06-21 14:55:47 EDT","2025-06-21 14:55:48 EDT",2001,Unallocated,Allocated,unknown,"/img_imagen_victima.img/vol_vol5/usr/share/doc/git/RelNotes/1.5.6.5.txt",,,text/plain,txt
1.5.6.6.txt,"2025-05-26 04:09:37 EDT","2025-06-21 14:56:30 EDT","2025-06-21 14:56:29 EDT","2025-06-21 14:56:30 EDT",2728,Unallocated,Allocated,unknown,"/img_imagen_victima.img/vol_vol5/usr/share/doc/git/RelNotes/1.5.6.6.txt",,,application/x-gzip,txt
1.5.6.txt,"2025-04-22 06:20:10 EDT","2025-06-21 14:55:49 EDT","2025-06-21 14:55:47 EDT","2025-06-21 14:55:48 EDT",1418,Unallocated,Allocated,unknown,"/img_imagen_victima.img/vol_vol5/usr/share/doc/git/RelNotes/1.5.6.txt",,,text/plain,txt
1.6.0.1.txt,"2025-04-22 06:20:10 EDT","2025-06-21 14:55:49 EDT","2025-06-21 14:55:47 EDT","2025-06-21 14:55:48 EDT",172,Unallocated,Allocated,unknown,"/img_imagen_victima.img/vol_vol5/usr/share/doc/git/RelNotes/1.6.0.1.txt",,,text/plain,txt
1.6.0.2.txt,"2025-04-22 06:20:10 EDT","2025-06-21 14:55:49 EDT","2025-06-21 14:55:47 EDT","2025-06-21 14:55:48 EDT",173,Unallocated,Allocated,unknown,"/img_imagen_victima.img/vol_vol5/usr/share/doc/git/RelNotes/1.6.0.2.txt",,,text/plain,txt
1.6.0.3.txt,"2025-05-26 04:09:37 EDT","2025-06-21 14:56:30 EDT","2025-06-21 14:56:29 EDT","2025-06-21 14:56:30 EDT",2897,Unallocated,Allocated,unknown,"/img_imagen_victima.img/vol_vol5/usr/share/doc/git/RelNotes/1.6.0.3.txt",,,application/x-gzip,txt
1.6.0.4.txt,"2025-04-22 06:20:10 EDT","2025-06-21 14:55:49 EDT","2025-06-21 14:55:47 EDT","2025-06-21 14:55:48 EDT",1162,Unallocated,Allocated,unknown,"/img_imagen_victima.img/vol_vol5/usr/share/doc/git/RelNotes/1.6.0.4.txt",,,text/plain,txt
1.6.0.5.txt,"2025-04-22 06:20:10 EDT","2025-06-21 14:55:49 EDT","2025-06-21 14:55:47 EDT","2025-06-21 14:55:48 EDT",239,Unallocated,Allocated,unknown,"/img_imagen_victima.img/vol_vol5/usr/share/doc/git/RelNotes/1.6.0.5.txt",,,text/plain,txt
1.6.0.6.txt,"2025-05-26 04:09:37 EDT","2025-06-21 14:56:30 EDT","2025-06-21 14:56:29 EDT","2025-06-21 14:56:30 EDT",2808,Unallocated,Allocated,unknown,"/img_imagen_victima.img/vol_vol5/usr/share/doc/git/RelNotes/1.6.0.6.txt",,,application/x-gzip,txt
1.6.0.txt,"2025-04-22 06:20:10 EDT","2025-06-21 14:55:49 EDT","2025-06-21 14:55:47 EDT","2025-06-21 14:55:48 EDT",173,Unallocated,Allocated,unknown,"/img_imagen_victima.img/vol_vol5/usr/share/doc/git/RelNotes/1.6.0.txt",,,text/plain,txt
1.6.1.1.txt,"2025-05-26 04:09:37 EDT","2025-06-21 14:56:30 EDT","2025-06-21 14:56:29 EDT","2025-06-21 14:56:30 EDT",2633,Unallocated,Allocated,unknown,"/img_imagen_victima.img/vol_vol5/usr/share/doc/git/RelNotes/1.6.1.1.txt",,,application/x-gzip,txt
1.6.1.2.txt,"2025-04-22 06:20:10 EDT","2025-06-21 14:55:49 EDT","2025-06-21 14:55:47 EDT","2025-06-21 14:55:48 EDT",1015,Unallocated,Allocated,unknown,"/img_imagen_victima.img/vol_vol5/usr/share/doc/git/RelNotes/1.6.1.2.txt",,,text/plain,txt
1.6.1.3.txt,"2025-04-22 06:20:10 EDT","2025-06-21 14:55:49 EDT","2025-06-21 14:55:47 EDT","2025-06-21 14:55:48 EDT",1459,Unallocated,Allocated,unknown,"/img_imagen_victima.img/vol_vol5/usr/share/doc/git/RelNotes/1.6.1.3.txt",,,text/plain,txt
1.6.1.4.txt,"2025-04-22 06:20:10 EDT","2025-06-21 14:55:49 EDT","2025-06-21 14:55:47 EDT","2025-06-21 14:55:48 EDT",1208,Unallocated,Allocated,unknown,"/img_imagen_victima.img/vol_vol5/usr/share/doc/git/RelNotes/1.6.1.4.txt",,,text/plain,txt
1.6.1.txt,"2025-04-22 06:20:10 EDT","2025-06-21 14:55:49 EDT","2025-06-21 14:55:47 EDT","2025-06-21 14:55:48 EDT",1003,Unallocated,Allocated,unknown,"/img_imagen_victima.img/vol_vol5/usr/share/doc/git/RelNotes/1.6.1.txt",,,text/plain,txt
1.6.2.1.txt,"2025-04-22 06:20:10 EDT","2025-06-21 14:55:49 EDT","2025-06-21 14:55:47 EDT","2025-06-21 14:55:48 EDT",1033,Unallocated,Allocated,unknown,"/img_imagen_victima.img/vol_vol5/usr/share/doc/git/RelNotes/1.6.2.1.txt",,,text/plain,txt
1.6.2.2.txt,"2025-04-22 06:20:10 EDT","2025-06-21 14:55:49 EDT","2025-06-21 14:55:47 EDT","2025-06-21 14:55:48 EDT",637,Unallocated,Allocated,unknown,"/img_imagen_victima.img/vol_vol5/usr/share/doc/git/RelNotes/1.6.2.2.txt",,,text/plain,txt
1.6.2.3.txt,"2025-04-22 06:20:10 EDT","2025-06-21 14:55:49 EDT","2025-06-21 14:55:47 EDT","2025-06-21 14:55:48 EDT",1011,Unallocated,Allocated,unknown,"/img_imagen_victima.img/vol_vol5/usr/share/doc/git/RelNotes/1.6.2.3.txt",,,text/plain,txt
1.6.2.4.txt,"2025-04-22 06:20:10 EDT","2025-06-21 14:55:49 EDT","2025-06-21 14:55:47 EDT","2025-06-21 14:55:48 EDT",995,Unallocated,Allocated,unknown,"/img_imagen_victima.img/vol_vol5/usr/share/doc/git/RelNotes/1.6.2.4.txt",,,text/plain,txt
1.6.2.5.txt,"2025-04-22 06:20:10 EDT","2025-06-21 14:55:49 EDT","2025-06-21 14:55:47 EDT","2025-06-21 14:55:48 EDT",253,Unallocated,Allocated,unknown,"/img_imagen_victima.img/vol_vol5/usr/share/doc/git/RelNotes/1.6.2.5.txt",,,text/plain,txt
1.6.2.txt,"2025-05-26 04:09:37 EDT","2025-06-21 14:56:30 EDT","2025-06-21 14:56:29 EDT","2025-06-21 14:56:30 EDT",2679,Unallocated,Allocated,unknown,"/img_imagen_victima.img/vol_vol5/usr/share/doc/git/RelNotes/1.6.2.txt",,,application/x-gzip,txt
1.6.3.1.txt,"2025-04-22 06:20:10 EDT","2025-06-21 14:55:49 EDT","2025-06-21 14:55:47 EDT","2025-06-21 14:55:48 EDT",1255,Unallocated,Allocated,unknown,"/img_imagen_victima.img/vol_vol5/usr/share/doc/git/RelNotes/1.6.3.1.txt",,,text/plain,txt
1.6.3.2.txt,"2025-04-22 06:20:10 EDT","2025-06-21 14:55:49 EDT","2025-06-21 14:55:47 EDT","2025-06-21 14:55:48 EDT",211,Unallocated,Allocated,unknown,"/img_imagen_victima.img/vol_vol5/usr/share/doc/git/RelNotes/1.6.3.2.txt",,,text/plain,txt
1.6.3.3.txt,"2025-04-22 06:20:10 EDT","2025-06-21 14:55:49 EDT","2025-06-21 14:55:47 EDT","2025-06-21 14:55:48 EDT",1241,Unallocated,Allocated,unknown,"/img_imagen_victima.img/vol_vol5/usr/share/doc/git/RelNotes/1.6.3.3.txt",,,text/plain,txt
1.6.3.4.txt,"2025-04-22 06:20:10 EDT","2025-06-21 14:55:49 EDT","2025-06-21 14:55:47 EDT","2025-06-21 14:55:48 EDT",2166,Unallocated,Allocated,unknown,"/img_imagen_victima.img/vol_vol5/usr/share/doc/git/RelNotes/1.6.3.4.txt",,,text/plain,txt
1.6.3.txt,"2025-04-22 06:20:10 EDT","2025-06-21 14:55:49 EDT","2025-06-21 14:55:47 EDT","2025-06-21 14:55:48 EDT",999,Unallocated,Allocated,unknown,"/img_imagen_victima.img/vol_vol5/usr/share/doc/git/RelNotes/1.6.3.txt",,,text/plain,txt
1.6.4.1.txt,"2025-04-22 06:20:10 EDT","2025-06-21 14:55:49 EDT","2025-06-21 14:55:47 EDT","2025-06-21 14:55:48 EDT",215,Unallocated,Allocated,unknown,"/img_imagen_victima.img/vol_vol5/usr/share/doc/git/RelNotes/1.6.4.1.txt",,,text/plain,txt
1.6.4.2.txt,"2025-05-26 04:09:37 EDT","2025-06-21 14:56:30 EDT","2025-06-21 14:56:29 EDT","2025-06-21 14:56:30 EDT",2741,Unallocated,Allocated,unknown,"/img_imagen_victima.img/vol_vol5/usr/share/doc/git/RelNotes/1.6.4.2.txt",,,application/x-gzip,txt
1.6.4.3.txt,"2025-04-22 06:20:10 EDT","2025-06-21 14:55:49 EDT","2025-06-21 14:55:47 EDT","2025-06-21 14:55:48 EDT",1243,Unallocated,Allocated,unknown,"/img_imagen_victima.img/vol_vol5/usr/share/doc/git/RelNotes/1.6.4.3.txt",,,text/plain,txt
1.6.4.4.txt,"2025-04-22 06:20:10 EDT","2025-06-21 14:55:49 EDT","2025-06-21 14:55:47 EDT","2025-06-21 14:55:48 EDT",404,Unallocated,Allocated,unknown,"/img_imagen_victima.img/vol_vol5/usr/share/doc/git/RelNotes/1.6.4.4.txt",,,text/plain,txt
1.6.4.5.txt,"2025-04-22 06:20:10 EDT","2025-06-21 14:55:49 EDT","2025-06-21 14:55:47 EDT","2025-06-21 14:55:48 EDT",1903,Unallocated,Allocated,unknown,"/img_imagen_victima.img/vol_vol5/usr/share/doc/git/RelNotes/1.6.4.5.txt",,,text/plain,txt
1.6.4.txt,"2025-04-22 06:20:10 EDT","2025-06-21 14:55:49 EDT","2025-06-21 14:55:47 EDT","2025-06-21 14:55:48 EDT",361,Unallocated,Allocated,unknown,"/img_imagen_victima.img/vol_vol5/usr/share/doc/git/RelNotes/1.6.4.txt",,,text/plain,txt
1.6.5.1.txt,"2025-04-22 06:20:10 EDT","2025-06-21 14:55:49 EDT","2025-06-21 14:55:47 EDT","2025-06-21 14:55:48 EDT",271,Unallocated,Allocated,unknown,"/img_imagen_victima.img/vol_vol5/usr/share/doc/git/RelNotes/1.6.5.1.txt",,,text/plain,txt
1.6.5.2.txt,"2025-04-22 06:20:10 EDT","2025-06-21 14:55:49 EDT","2025-06-21 14:55:47 EDT","2025-06-21 14:55:48 EDT",173,Unallocated,Allocated,unknown,"/img_imagen_victima.img/vol_vol5/usr/share/doc/git/RelNotes/1.6.5.2.txt",,,text/plain,txt
1.6.5.3.txt,"2025-04-22 06:20:10 EDT","2025-06-21 14:55:49 EDT","2025-06-21 14:55:47 EDT","2025-06-21 14:55:48 EDT",607,Unallocated,Allocated,unknown,"/img_imagen_victima.img/vol_vol5/usr/share/doc/git/RelNotes/1.6.5.3.txt",,,text/plain,txt
1.6.5.4.txt,"2025-04-22 06:20:10 EDT","2025-06-21 14:55:49 EDT","2025-06-21 14:55:47 EDT","2025-06-21 14:55:48 EDT",2028,Unallocated,Allocated,unknown,"/img_imagen_victima.img/vol_vol5/usr/share/doc/git/RelNotes/1.6.5.4.txt",,,text/plain,txt
1.6.5.5.txt,"2025-04-22 06:20:10 EDT","2025-06-21 14:55:49 EDT","2025-06-21 14:55:47 EDT","2025-06-21 14:55:48 EDT",3872,Unallocated,Allocated,unknown,"/img_imagen_victima.img/vol_vol5/usr/share/doc/git/RelNotes/1.6.5.5.txt",,,text/plain,txt
1.6.5.6.txt,"2025-04-22 06:20:10 EDT","2025-06-21 14:55:49 EDT","2025-06-21 14:55:47 EDT","2025-06-21 14:55:48 EDT",3900,Unallocated,Allocated,unknown,"/img_imagen_victima.img/vol_vol5/usr/share/doc/git/RelNotes/1.6.5.6.txt",,,text/plain,txt
1.6.5.7.txt,"2025-04-22 06:20:10 EDT","2025-06-21 14:55:49 EDT","2025-06-21 14:55:47 EDT","2025-06-21 14:55:48 EDT",375,Unallocated,Allocated,unknown,"/img_imagen_victima.img/vol_vol5/usr/share/doc/git/RelNotes/1.6.5.7.txt",,,text/plain,txt
1.6.5.8.txt,"2025-04-22 06:20:10 EDT","2025-06-21 14:55:49 EDT","2025-06-21 14:55:47 EDT","2025-06-21 14:55:48 EDT",1233,Unallocated,Allocated,unknown,"/img_imagen_victima.img/vol_vol5/usr/share/doc/git/RelNotes/1.6.5.8.txt",,,text/plain,txt
1.6.5.9.txt,"2025-04-22 06:20:10 EDT","2025-06-21 14:55:49 EDT","2025-06-21 14:55:47 EDT","2025-06-21 14:55:48 EDT",907,Unallocated,Allocated,unknown,"/img_imagen_victima.img/vol_vol5/usr/share/doc/git/RelNotes/1.6.5.9.txt",,,text/plain,txt
1.6.5.txt,"2025-04-22 06:20:10 EDT","2025-06-21 14:55:49 EDT","2025-06-21 14:55:47 EDT","2025-06-21 14:55:48 EDT",1267,Unallocated,Allocated,unknown,"/img_imagen_victima.img/vol_vol5/usr/share/doc/git/RelNotes/1.6.5.txt",,,text/plain,txt
1.6.6.1.txt,"2025-04-22 06:20:10 EDT","2025-06-21 14:55:49 EDT","2025-06-21 14:55:47 EDT","2025-06-21 14:55:48 EDT",383,Unallocated,Allocated,unknown,"/img_imagen_victima.img/vol_vol5/usr/share/doc/git/RelNotes/1.6.6.1.txt",,,text/plain,txt
1.6.6.2.txt,"2025-04-22 06:20:10 EDT","2025-06-21 14:55:49 EDT","2025-06-21 14:55:47 EDT","2025-06-21 14:55:48 EDT",237,Unallocated,Allocated,unknown,"/img_imagen_victima.img/vol_vol5/usr/share/doc/git/RelNotes/1.6.6.2.txt",,,text/plain,txt
1.6.6.3.txt,"2025-04-22 06:20:10 EDT","2025-06-21 14:55:49 EDT","2025-06-21 14:55:47 EDT","2025-06-21 14:55:48 EDT",2388,Unallocated,Allocated,unknown,"/img_imagen_victima.img/vol_vol5/usr/share/doc/git/RelNotes/1.6.6.3.txt",,,text/plain,txt
1.6.6.txt,"2025-04-22 06:20:10 EDT","2025-06-21 14:55:49 EDT","2025-06-21 14:55:47 EDT","2025-06-21 14:55:48 EDT",220,Unallocated,Allocated,unknown,"/img_imagen_victima.img/vol_vol5/usr/share/doc/git/RelNotes/1.6.6.txt",,,text/plain,txt
1.7.0.1.txt,"2025-04-22 06:20:10 EDT","2025-06-21 14:55:49 EDT","2025-06-21 14:55:47 EDT","2025-06-21 14:55:48 EDT",1184,Unallocated,Allocated,unknown,"/img_imagen_victima.img/vol_vol5/usr/share/doc/git/RelNotes/1.7.0.1.txt",,,text/plain,txt
1.7.0.2.txt,"2025-04-22 06:20:10 EDT","2025-06-21 14:55:49 EDT","2025-06-21 14:55:47 EDT","2025-06-21 14:55:48 EDT",403,Unallocated,Allocated,unknown,"/img_imagen_victima.img/vol_vol5/usr/share/doc/git/RelNotes/1.7.0.2.txt",,,text/plain,txt
1.7.0.3.txt,"2025-04-22 06:20:10 EDT","2025-06-21 14:55:49 EDT","2025-06-21 14:55:47 EDT","2025-06-21 14:55:48 EDT",224,Unallocated,Allocated,unknown,"/img_imagen_victima.img/vol_vol5/usr/share/doc/git/RelNotes/1.7.0.3.txt",,,text/plain,txt
1.7.0.4.txt,"2025-04-22 06:20:10 EDT","2025-06-21 14:55:49 EDT","2025-06-21 14:55:47 EDT","2025-06-21 14:55:48 EDT",1297,Unallocated,Allocated,unknown,"/img_imagen_victima.img/vol_vol5/usr/share/doc/git/RelNotes/1.7.0.4.txt",,,text/plain,txt
1.7.0.5.txt,"2025-04-22 06:20:10 EDT","2025-06-21 14:55:49 EDT","2025-06-21 14:55:47 EDT","2025-06-21 14:55:48 EDT",303,Unallocated,Allocated,unknown,"/img_imagen_victima.img/vol_vol5/usr/share/doc/git/RelNotes/1.7.0.5.txt",,,text/plain,txt
1.7.0.6.txt,"2025-04-22 06:20:10 EDT","2025-06-21 14:55:49 EDT","2025-06-21 14:55:47 EDT","2025-06-21 14:55:48 EDT",1229,Unallocated,Allocated,unknown,"/img_imagen_victima.img/vol_vol5/usr/share/doc/git/RelNotes/1.7.0.6.txt",,,text/plain,txt
1.7.0.7.txt,"2025-04-22 06:20:10 EDT","2025-06-21 14:55:49 EDT","2025-06-21 14:55:47 EDT","2025-06-21 14:55:48 EDT",415,Unallocated,Allocated,unknown,"/img_imagen_victima.img/vol_vol5/usr/share/doc/git/RelNotes/1.7.0.7.txt",,,text/plain,txt
1.7.0.8.txt,"2025-05-26 04:09:37 EDT","2025-06-21 14:56:30 EDT","2025-06-21 14:56:29 EDT","2025-06-21 14:56:30 EDT",2811,Unallocated,Allocated,unknown,"/img_imagen_victima.img/vol_vol5/usr/share/doc/git/RelNotes/1.7.0.8.txt",,,application/x-gzip,txt
1.7.0.9.txt,"2025-04-22 06:20:10 EDT","2025-06-21 14:55:49 EDT","2025-06-21 14:55:47 EDT","2025-06-21 14:55:48 EDT",507,Unallocated,Allocated,unknown,"/img_imagen_victima.img/vol_vol5/usr/share/doc/git/RelNotes/1.7.0.9.txt",,,text/plain,txt
1.7.0.txt,"2025-04-22 06:20:10 EDT","2025-06-21 14:55:49 EDT","2025-06-21 14:55:47 EDT","2025-06-21 14:55:48 EDT",173,Unallocated,Allocated,unknown,"/img_imagen_victima.img/vol_vol5/usr/share/doc/git/RelNotes/1.7.0.txt",,,text/plain,txt
1.7.1.1.txt,"2025-05-26 04:09:37 EDT","2025-06-21 14:56:30 EDT","2025-06-21 14:56:29 EDT","2025-06-21 14:56:30 EDT",2982,Unallocated,Allocated,unknown,"/img_imagen_victima.img/vol_vol5/usr/share/doc/git/RelNotes/1.7.1.1.txt",,,application/x-gzip,txt
1.7.1.2.txt,"2025-04-22 06:20:10 EDT","2025-06-21 14:55:49 EDT","2025-06-21 14:55:47 EDT","2025-06-21 14:55:48 EDT",1241,Unallocated,Allocated,unknown,"/img_imagen_victima.img/vol_vol5/usr/share/doc/git/RelNotes/1.7.1.2.txt",,,text/plain,txt
1.7.1.3.txt,"2025-04-22 06:20:10 EDT","2025-06-21 14:55:49 EDT","2025-06-21 14:55:47 EDT","2025-06-21 14:55:48 EDT",1244,Unallocated,Allocated,unknown,"/img_imagen_victima.img/vol_vol5/usr/share/doc/git/RelNotes/1.7.1.3.txt",,,text/plain,txt
1.7.1.4.txt,"2025-04-22 06:20:10 EDT","2025-06-21 14:55:49 EDT","2025-06-21 14:55:47 EDT","2025-06-21 14:55:48 EDT",274,Unallocated,Allocated,unknown,"/img_imagen_victima.img/vol_vol5/usr/share/doc/git/RelNotes/1.7.1.4.txt",,,text/plain,txt
1.7.1.txt,"2025-04-22 06:20:10 EDT","2025-06-21 14:55:49 EDT","2025-06-21 14:55:47 EDT","2025-06-21 14:55:48 EDT",422,Unallocated,Allocated,unknown,"/img_imagen_victima.img/vol_vol5/usr/share/doc/git/RelNotes/1.7.1.txt",,,text/plain,txt
1.7.10.1.txt,"2025-04-22 06:20:10 EDT","2025-06-21 14:55:49 EDT","2025-06-21 14:55:47 EDT","2025-06-21 14:55:48 EDT",173,Unallocated,Allocated,unknown,"/img_imagen_victima.img/vol_vol5/usr/share/doc/git/RelNotes/1.7.10.1.txt",,,text/plain,txt
1.7.10.2.txt,"2025-05-26 04:09:37 EDT","2025-06-21 14:56:30 EDT","2025-06-21 14:56:29 EDT","2025-06-21 14:56:30 EDT",129053,Unallocated,Allocated,unknown,"/img_imagen_victima.img/vol_vol5/usr/share/doc/git/RelNotes/1.7.10.2.txt",,,application/x-gzip,txt
1.7.10.3.txt,"2025-04-22 06:20:10 EDT","2025-06-21 14:55:49 EDT","2025-06-21 14:55:47 EDT","2025-06-21 14:55:48 EDT",2002,Unallocated,Allocated,unknown,"/img_imagen_victima.img/vol_vol5/usr/share/doc/git/RelNotes/1.7.10.3.txt",,,text/plain,txt
1.7.10.4.txt,"2025-04-22 06:20:10 EDT","2025-06-21 14:55:49 EDT","2025-06-21 14:55:47 EDT","2025-06-21 14:55:48 EDT",1183,Unallocated,Allocated,unknown,"/img_imagen_victima.img/vol_vol5/usr/share/doc/git/RelNotes/1.7.10.4.txt",,,text/plain,txt
1.7.10.5.txt,"2025-04-22 06:20:10 EDT","2025-06-21 14:55:49 EDT","2025-06-21 14:55:47 EDT","2025-06-21 14:55:48 EDT",1241,Unallocated,Allocated,unknown,"/img_imagen_victima.img/vol_vol5/usr/share/doc/git/RelNotes/1.7.10.5.txt",,,text/plain,txt
1.7.10.txt,"2025-04-22 06:20:10 EDT","2025-06-21 14:55:49 EDT","2025-06-21 14:55:47 EDT","2025-06-21 14:55:48 EDT",1229,Unallocated,Allocated,unknown,"/img_imagen_victima.img/vol_vol5/usr/share/doc/git/RelNotes/1.7.10.txt",,,text/plain,txt
1.7.11.1.txt,"2025-04-22 06:20:10 EDT","2025-06-21 14:55:49 EDT","2025-06-21 14:55:47 EDT","2025-06-21 14:55:48 EDT",1025,Unallocated,Allocated,unknown,"/img_imagen_victima.img/vol_vol5/usr/share/doc/git/RelNotes/1.7.11.1.txt",,,text/plain,txt
1.7.11.2.txt,"2025-04-22 06:20:10 EDT","2025-06-21 14:55:49 EDT","2025-06-21 14:55:47 EDT","2025-06-21 14:55:48 EDT",319,Unallocated,Allocated,unknown,"/img_imagen_victima.img/vol_vol5/usr/share/doc/git/RelNotes/1.7.11.2.txt",,,text/plain,txt
1.7.11.3.txt,"2025-05-26 04:09:37 EDT","2025-06-21 14:56:30 EDT","2025-06-21 14:56:29 EDT","2025-06-21 14:56:30 EDT",1560,Unallocated,Allocated,unknown,"/img_imagen_victima.img/vol_vol5/usr/share/doc/git/RelNotes/1.7.11.3.txt",,,application/x-gzip,txt
1.7.11.4.txt,"2025-04-22 06:20:10 EDT","2025-06-21 14:55:49 EDT","2025-06-21 14:55:47 EDT","2025-06-21 14:55:48 EDT",381,Unallocated,Allocated,unknown,"/img_imagen_victima.img/vol_vol5/usr/share/doc/git/RelNotes/1.7.11.4.txt",,,text/plain,txt
1.7.11.5.txt,"2025-04-22 06:20:10 EDT","2025-06-21 14:55:49 EDT","2025-06-21 14:55:47 EDT","2025-06-21 14:55:48 EDT",253,Unallocated,Allocated,unknown,"/img_imagen_victima.img/vol_vol5/usr/share/doc/git/RelNotes/1.7.11.5.txt",,,text/plain,txt
1.7.11.6.txt,"2025-04-22 06:20:10 EDT","2025-06-21 14:55:49 EDT","2025-06-21 14:55:47 EDT","2025-06-21 14:55:48 EDT",211,Unallocated,Allocated,unknown,"/img_imagen_victima.img/vol_vol5/usr/share/doc/git/RelNotes/1.7.11.6.txt",,,text/plain,txt
1.7.11.7.txt,"2025-04-22 06:20:10 EDT","2025-06-21 14:55:49 EDT","2025-06-21 14:55:47 EDT","2025-06-21 14:55:48 EDT",1063,Unallocated,Allocated,unknown,"/img_imagen_victima.img/vol_vol5/usr/share/doc/git/RelNotes/1.7.11.7.txt",,,text/plain,txt
1.7.11.txt,"2025-04-22 06:20:10 EDT","2025-06-21 14:55:49 EDT","2025-06-21 14:55:47 EDT","2025-06-21 14:55:48 EDT",1047,Unallocated,Allocated,unknown,"/img_imagen_victima.img/vol_vol5/usr/share/doc/git/RelNotes/1.7.11.txt",,,text/plain,txt
1.7.12.1.txt,"2025-04-22 06:20:10 EDT","2025-06-21 14:55:49 EDT","2025-06-21 14:55:47 EDT","2025-06-21 14:55:48 EDT",173,Unallocated,Allocated,unknown,"/img_imagen_victima.img/vol_vol5/usr/share/doc/git/RelNotes/1.7.12.1.txt",,,text/plain,txt
1.7.12.2.txt,"2025-04-22 06:20:10 EDT","2025-06-21 14:55:49 EDT","2025-06-21 14:55:47 EDT","2025-06-21 14:55:48 EDT",1220,Unallocated,Allocated,unknown,"/img_imagen_victima.img/vol_vol5/usr/share/doc/git/RelNotes/1.7.12.2.txt",,,text/plain,txt
1.7.12.3.txt,"2025-04-22 06:20:10 EDT","2025-06-21 14:55:49 EDT","2025-06-21 14:55:47 EDT","2025-06-21 14:55:48 EDT",605,Unallocated,Allocated,unknown,"/img_imagen_victima.img/vol_vol5/usr/share/doc/git/RelNotes/1.7.12.3.txt",,,text/plain,txt
1.7.12.4.txt,"2025-04-22 06:20:10 EDT","2025-06-21 14:55:49 EDT","2025-06-21 14:55:47 EDT","2025-06-21 14:55:48 EDT",645,Unallocated,Allocated,unknown,"/img_imagen_victima.img/vol_vol5/usr/share/doc/git/RelNotes/1.7.12.4.txt",,,text/plain,txt
1.7.12.txt,"2025-04-22 06:20:10 EDT","2025-06-21 14:55:49 EDT","2025-06-21 14:55:47 EDT","2025-06-21 14:55:48 EDT",573,Unallocated,Allocated,unknown,"/img_imagen_victima.img/vol_vol5/usr/share/doc/git/RelNotes/1.7.12.txt",,,text/plain,txt
1.7.2.1.txt,"2025-04-22 06:20:10 EDT","2025-06-21 14:55:49 EDT","2025-06-21 14:55:47 EDT","2025-06-21 14:55:48 EDT",415,Unallocated,Allocated,unknown,"/img_imagen_victima.img/vol_vol5/usr/share/doc/git/RelNotes/1.7.2.1.txt",,,text/plain,txt
1.7.2.2.txt,"2025-04-22 06:20:10 EDT","2025-06-21 14:55:49 EDT","2025-06-21 14:55:47 EDT","2025-06-21 14:55:48 EDT",1230,Unallocated,Allocated,unknown,"/img_imagen_victima.img/vol_vol5/usr/share/doc/git/RelNotes/1.7.2.2.txt",,,text/plain,txt
1.7.2.3.txt,"2025-04-22 06:20:10 EDT","2025-06-21 14:55:49 EDT","2025-06-21 14:55:47 EDT","2025-06-21 14:55:48 EDT",781,Unallocated,Allocated,unknown,"/img_imagen_victima.img/vol_vol5/usr/share/doc/git/RelNotes/1.7.2.3.txt",,,text/plain,txt
1.7.2.4.txt,"2025-04-22 06:20:10 EDT","2025-06-21 14:55:49 EDT","2025-06-21 14:55:47 EDT","2025-06-21 14:55:48 EDT",621,Unallocated,Allocated,unknown,"/img_imagen_victima.img/vol_vol5/usr/share/doc/git/RelNotes/1.7.2.4.txt",,,text/plain,txt
1.7.2.5.txt,"2025-04-22 06:20:10 EDT","2025-06-21 14:55:49 EDT","2025-06-21 14:55:47 EDT","2025-06-21 14:55:48 EDT",1071,Unallocated,Allocated,unknown,"/img_imagen_victima.img/vol_vol5/usr/share/doc/git/RelNotes/1.7.2.5.txt",,,text/plain,txt
1.7.2.txt,"2025-04-22 06:20:10 EDT","2025-06-21 14:55:49 EDT","2025-06-21 14:55:47 EDT","2025-06-21 14:55:48 EDT",1294,Unallocated,Allocated,unknown,"/img_imagen_victima.img/vol_vol5/usr/share/doc/git/RelNotes/1.7.2.txt",,,text/plain,txt
1.7.3.1.txt,"2025-04-22 06:20:10 EDT","2025-06-21 14:55:49 EDT","2025-06-21 14:55:47 EDT","2025-06-21 14:55:48 EDT",215,Unallocated,Allocated,unknown,"/img_imagen_victima.img/vol_vol5/usr/share/doc/git/RelNotes/1.7.3.1.txt",,,text/plain,txt
1.7.3.2.txt,"2025-04-22 06:20:10 EDT","2025-06-21 14:55:49 EDT","2025-06-21 14:55:47 EDT","2025-06-21 14:55:48 EDT",309,Unallocated,Allocated,unknown,"/img_imagen_victima.img/vol_vol5/usr/share/doc/git/RelNotes/1.7.3.2.txt",,,text/plain,txt
1.7.3.3.txt,"2025-04-22 06:20:10 EDT","2025-06-21 14:55:49 EDT","2025-06-21 14:55:47 EDT","2025-06-21 14:55:48 EDT",1241,Unallocated,Allocated,unknown,"/img_imagen_victima.img/vol_vol5/usr/share/doc/git/RelNotes/1.7.3.3.txt",,,text/plain,txt
1.7.3.4.txt,"2025-04-22 06:20:10 EDT","2025-06-21 14:55:49 EDT","2025-06-21 14:55:47 EDT","2025-06-21 14:55:48 EDT",907,Unallocated,Allocated,unknown,"/img_imagen_victima.img/vol_vol5/usr/share/doc/git/RelNotes/1.7.3.4.txt",,,text/plain,txt
1.7.3.5.txt,"2025-04-22 06:20:10 EDT","2025-06-21 14:55:49 EDT","2025-06-21 14:55:47 EDT","2025-06-21 14:55:48 EDT",173,Unallocated,Allocated,unknown,"/img_imagen_victima.img/vol_vol5/usr/share/doc/git/RelNotes/1.7.3.5.txt",,,text/plain,txt
1.7.3.txt,"2025-04-22 06:20:10 EDT","2025-06-21 14:55:49 EDT","2025-06-21 14:55:47 EDT","2025-06-21 14:55:48 EDT",1276,Unallocated,Allocated,unknown,"/img_imagen_victima.img/vol_vol5/usr/share/doc/git/RelNotes/1.7.3.txt",,,text/plain,txt
1.7.4.1.txt,"2025-04-22 06:20:10 EDT","2025-06-21 14:55:49 EDT","2025-06-21 14:55:47 EDT","2025-06-21 14:55:48 EDT",347,Unallocated,Allocated,unknown,"/img_imagen_victima.img/vol_vol5/usr/share/doc/git/RelNotes/1.7.4.1.txt",,,text/plain,txt
1.7.4.2.txt,"2025-05-26 04:09:37 EDT","2025-06-21 14:56:30 EDT","2025-06-21 14:56:29 EDT","2025-06-21 14:56:30 EDT",1562,Unallocated,Allocated,unknown,"/img_imagen_victima.img/vol_vol5/usr/share/doc/git/RelNotes/1.7.4.2.txt",,,application/x-gzip,txt
1.7.4.3.txt,"2025-04-22 06:20:10 EDT","2025-06-21 14:55:49 EDT","2025-06-21 14:55:47 EDT","2025-06-21 14:55:48 EDT",1230,Unallocated,Allocated,unknown,"/img_imagen_victima.img/vol_vol5/usr/share/doc/git/RelNotes/1.7.4.3.txt",,,text/plain,txt
1.7.4.4.txt,"2025-04-22 06:20:10 EDT","2025-06-21 14:55:49 EDT","2025-06-21 14:55:47 EDT","2025-06-21 14:55:48 EDT",1229,Unallocated,Allocated,unknown,"/img_imagen_victima.img/vol_vol5/usr/share/doc/git/RelNotes/1.7.4.4.txt",,,text/plain,txt
1.7.4.5.txt,"2025-04-22 06:20:10 EDT","2025-06-21 14:55:49 EDT","2025-06-21 14:55:47 EDT","2025-06-21 14:55:48 EDT",288,Unallocated,Allocated,unknown,"/img_imagen_victima.img/vol_vol5/usr/share/doc/git/RelNotes/1.7.4.5.txt",,,text/plain,txt
1.7.4.txt,"2025-04-22 06:20:10 EDT","2025-06-21 14:55:49 EDT","2025-06-21 14:55:47 EDT","2025-06-21 14:55:48 EDT",1267,Unallocated,Allocated,unknown,"/img_imagen_victima.img/vol_vol5/usr/share/doc/git/RelNotes/1.7.4.txt",,,text/plain,txt
1.7.5.1.txt,"2025-04-22 06:20:10 EDT","2025-06-21 14:55:49 EDT","2025-06-21 14:55:47 EDT","2025-06-21 14:55:48 EDT",1199,Unallocated,Allocated,unknown,"/img_imagen_victima.img/vol_vol5/usr/share/doc/git/RelNotes/1.7.5.1.txt",,,text/plain,txt
1.7.5.2.txt,"2025-04-22 06:20:10 EDT","2025-06-21 14:55:49 EDT","2025-06-21 14:55:47 EDT","2025-06-21 14:55:48 EDT",3486,Unallocated,Allocated,unknown,"/img_imagen_victima.img/vol_vol5/usr/share/doc/git/RelNotes/1.7.5.2.txt",,,text/plain,txt
1.7.5.3.txt,"2025-04-22 06:20:10 EDT","2025-06-21 14:55:49 EDT","2025-06-21 14:55:47 EDT","2025-06-21 14:55:48 EDT",2416,Unallocated,Allocated,unknown,"/img_imagen_victima.img/vol_vol5/usr/share/doc/git/RelNotes/1.7.5.3.txt",,,text/plain,txt
1.7.5.4.txt,"2025-04-22 06:20:10 EDT","2025-06-21 14:55:49 EDT","2025-06-21 14:55:47 EDT","2025-06-21 14:55:48 EDT",1897,Unallocated,Allocated,unknown,"/img_imagen_victima.img/vol_vol5/usr/share/doc/git/RelNotes/1.7.5.4.txt",,,text/plain,txt
1.7.5.txt,"2025-04-22 06:20:10 EDT","2025-06-21 14:55:49 EDT","2025-06-21 14:55:47 EDT","2025-06-21 14:55:48 EDT",270,Unallocated,Allocated,unknown,"/img_imagen_victima.img/vol_vol5/usr/share/doc/git/RelNotes/1.7.5.txt",,,text/plain,txt
1.7.6.1.txt,"2025-04-22 06:20:10 EDT","2025-06-21 14:55:49 EDT","2025-06-21 14:55:47 EDT","2025-06-21 14:55:48 EDT",1815,Unallocated,Allocated,unknown,"/img_imagen_victima.img/vol_vol5/usr/share/doc/git/RelNotes/1.7.6.1.txt",,,text/plain,txt
1.7.6.2.txt,"2025-04-22 06:20:10 EDT","2025-06-21 14:55:49 EDT","2025-06-21 14:55:47 EDT","2025-06-21 14:55:48 EDT",3391,Unallocated,Allocated,unknown,"/img_imagen_victima.img/vol_vol5/usr/share/doc/git/RelNotes/1.7.6.2.txt",,,text/plain,txt
1.7.6.3.txt,"2025-04-22 06:20:10 EDT","2025-06-21 14:55:49 EDT","2025-06-21 14:55:47 EDT","2025-06-21 14:55:48 EDT",1174,Unallocated,Allocated,unknown,"/img_imagen_victima.img/vol_vol5/usr/share/doc/git/RelNotes/1.7.6.3.txt",,,application/octet-stream,txt
1.7.6.4.txt,"2025-05-26 04:09:37 EDT","2025-06-21 14:56:30 EDT","2025-06-21 14:56:29 EDT","2025-06-21 14:56:30 EDT",3129,Unallocated,Allocated,unknown,"/img_imagen_victima.img/vol_vol5/usr/share/doc/git/RelNotes/1.7.6.4.txt",,,application/x-gzip,txt
1.7.6.5.txt,"2025-04-22 06:20:10 EDT","2025-06-21 14:55:49 EDT","2025-06-21 14:55:47 EDT","2025-06-21 14:55:48 EDT",172,Unallocated,Allocated,unknown,"/img_imagen_victima.img/vol_vol5/usr/share/doc/git/RelNotes/1.7.6.5.txt",,,text/plain,txt
1.7.6.6.txt,"2025-04-22 06:20:10 EDT","2025-06-21 14:55:49 EDT","2025-06-21 14:55:47 EDT","2025-06-21 14:55:48 EDT",194,Unallocated,Allocated,unknown,"/img_imagen_victima.img/vol_vol5/usr/share/doc/git/RelNotes/1.7.6.6.txt",,,text/plain,txt
1.7.6.txt,"2025-05-26 04:09:37 EDT","2025-06-21 14:56:30 EDT","2025-06-21 14:56:29 EDT","2025-06-21 14:56:30 EDT",3049,Unallocated,Allocated,unknown,"/img_imagen_victima.img/vol_vol5/usr/share/doc/git/RelNotes/1.7.6.txt",,,application/x-gzip,txt
1.7.7.1.txt,"2025-04-22 06:20:10 EDT","2025-06-21 14:55:49 EDT","2025-06-21 14:55:47 EDT","2025-06-21 14:55:48 EDT",1242,Unallocated,Allocated,unknown,"/img_imagen_victima.img/vol_vol5/usr/share/doc/git/RelNotes/1.7.7.1.txt",,,text/plain,txt
1.7.7.2.txt,"2025-04-22 06:20:10 EDT","2025-06-21 14:55:49 EDT","2025-06-21 14:55:47 EDT","2025-06-21 14:55:48 EDT",2231,Unallocated,Allocated,unknown,"/img_imagen_victima.img/vol_vol5/usr/share/doc/git/RelNotes/1.7.7.2.txt",,,text/plain,txt
1.7.7.3.txt,"2025-04-22 06:20:10 EDT","2025-06-21 14:55:49 EDT","2025-06-21 14:55:47 EDT","2025-06-21 14:55:48 EDT",441,Unallocated,Allocated,unknown,"/img_imagen_victima.img/vol_vol5/usr/share/doc/git/RelNotes/1.7.7.3.txt",,,text/plain,txt
1.7.7.4.txt,"2025-04-22 06:20:10 EDT","2025-06-21 14:55:49 EDT","2025-06-21 14:55:47 EDT","2025-06-21 14:55:48 EDT",2283,Unallocated,Allocated,unknown,"/img_imagen_victima.img/vol_vol5/usr/share/doc/git/RelNotes/1.7.7.4.txt",,,text/plain,txt
1.7.7.5.txt,"2025-04-22 06:20:10 EDT","2025-06-21 14:55:49 EDT","2025-06-21 14:55:47 EDT","2025-06-21 14:55:48 EDT",334,Unallocated,Allocated,unknown,"/img_imagen_victima.img/vol_vol5/usr/share/doc/git/RelNotes/1.7.7.5.txt",,,text/plain,txt
1.7.7.6.txt,"2025-04-22 06:20:10 EDT","2025-06-21 14:55:49 EDT","2025-06-21 14:55:47 EDT","2025-06-21 14:55:48 EDT",492,Unallocated,Allocated,unknown,"/img_imagen_victima.img/vol_vol5/usr/share/doc/git/RelNotes/1.7.7.6.txt",,,text/plain,txt
1.7.7.7.txt,"2025-04-22 06:20:10 EDT","2025-06-21 14:55:49 EDT","2025-06-21 14:55:47 EDT","2025-06-21 14:55:48 EDT",2394,Unallocated,Allocated,unknown,"/img_imagen_victima.img/vol_vol5/usr/share/doc/git/RelNotes/1.7.7.7.txt",,,text/plain,txt
1.7.7.txt,"2025-04-22 06:20:10 EDT","2025-06-21 14:55:49 EDT","2025-06-21 14:55:47 EDT","2025-06-21 14:55:48 EDT",511,Unallocated,Allocated,unknown,"/img_imagen_victima.img/vol_vol5/usr/share/doc/git/RelNotes/1.7.7.txt",,,text/plain,txt
1.7.8.1.txt,"2025-04-22 06:20:10 EDT","2025-06-21 14:55:49 EDT","2025-06-21 14:55:47 EDT","2025-06-21 14:55:48 EDT",1880,Unallocated,Allocated,unknown,"/img_imagen_victima.img/vol_vol5/usr/share/doc/git/RelNotes/1.7.8.1.txt",,,text/plain,txt
1.7.8.2.txt,"2025-04-22 06:20:10 EDT","2025-06-21 14:55:49 EDT","2025-06-21 14:55:47 EDT","2025-06-21 14:55:48 EDT",2212,Unallocated,Allocated,unknown,"/img_imagen_victima.img/vol_vol5/usr/share/doc/git/RelNotes/1.7.8.2.txt",,,text/plain,txt
1.7.8.3.txt,"2025-04-22 06:20:10 EDT","2025-06-21 14:55:49 EDT","2025-06-21 14:55:47 EDT","2025-06-21 14:55:48 EDT",468,Unallocated,Allocated,unknown,"/img_imagen_victima.img/vol_vol5/usr/share/doc/git/RelNotes/1.7.8.3.txt",,,text/plain,txt
1.7.8.4.txt,"2025-04-22 06:20:10 EDT","2025-06-21 14:55:49 EDT","2025-06-21 14:55:47 EDT","2025-06-21 14:55:48 EDT",2212,Unallocated,Allocated,unknown,"/img_imagen_victima.img/vol_vol5/usr/share/doc/git/RelNotes/1.7.8.4.txt",,,text/plain,txt
1.7.8.5.txt,"2025-04-22 06:20:10 EDT","2025-06-21 14:55:49 EDT","2025-06-21 14:55:47 EDT","2025-06-21 14:55:48 EDT",2102,Unallocated,Allocated,unknown,"/img_imagen_victima.img/vol_vol5/usr/share/doc/git/RelNotes/1.7.8.5.txt",,,text/plain,txt
1.7.8.6.txt,"2025-04-22 06:20:10 EDT","2025-06-21 14:55:49 EDT","2025-06-21 14:55:47 EDT","2025-06-21 14:55:48 EDT",2294,Unallocated,Allocated,unknown,"/img_imagen_victima.img/vol_vol5/usr/share/doc/git/RelNotes/1.7.8.6.txt",,,text/plain,txt
1.7.8.txt,"2025-04-22 06:20:10 EDT","2025-06-21 14:55:49 EDT","2025-06-21 14:55:47 EDT","2025-06-21 14:55:48 EDT",1876,Unallocated,Allocated,unknown,"/img_imagen_victima.img/vol_vol5/usr/share/doc/git/RelNotes/1.7.8.txt",,,text/plain,txt
1.7.9.1.txt,"2025-04-22 06:20:10 EDT","2025-06-21 14:55:49 EDT","2025-06-21 14:55:47 EDT","2025-06-21 14:55:48 EDT",118,Unallocated,Allocated,unknown,"/img_imagen_victima.img/vol_vol5/usr/share/doc/git/RelNotes/1.7.9.1.txt",,,text/plain,txt
1.7.9.2.txt,"2025-04-22 06:20:10 EDT","2025-06-21 14:55:49 EDT","2025-06-21 14:55:47 EDT","2025-06-21 14:55:48 EDT",2294,Unallocated,Allocated,unknown,"/img_imagen_victima.img/vol_vol5/usr/share/doc/git/RelNotes/1.7.9.2.txt",,,text/plain,txt
1.7.9.3.txt,"2025-04-22 06:20:10 EDT","2025-06-21 14:55:49 EDT","2025-06-21 14:55:47 EDT","2025-06-21 14:55:48 EDT",118,Unallocated,Allocated,unknown,"/img_imagen_victima.img/vol_vol5/usr/share/doc/git/RelNotes/1.7.9.3.txt",,,text/plain,txt
1.7.9.4.txt,"2025-04-22 06:20:10 EDT","2025-06-21 14:55:49 EDT","2025-06-21 14:55:47 EDT","2025-06-21 14:55:48 EDT",120,Unallocated,Allocated,unknown,"/img_imagen_victima.img/vol_vol5/usr/share/doc/git/RelNotes/1.7.9.4.txt",,,text/plain,txt
1.7.9.5.txt,"2025-04-22 06:20:10 EDT","2025-06-21 14:55:49 EDT","2025-06-21 14:55:47 EDT","2025-06-21 14:55:48 EDT",121,Unallocated,Allocated,unknown,"/img_imagen_victima.img/vol_vol5/usr/share/doc/git/RelNotes/1.7.9.5.txt",,,text/plain,txt
1.7.9.6.txt,"2025-04-22 06:20:10 EDT","2025-06-21 14:55:49 EDT","2025-06-21 14:55:47 EDT","2025-06-21 14:55:48 EDT",121,Unallocated,Allocated,unknown,"/img_imagen_victima.img/vol_vol5/usr/share/doc/git/RelNotes/1.7.9.6.txt",,,text/plain,txt
1.7.9.7.txt,"2025-04-22 06:20:10 EDT","2025-06-21 14:55:49 EDT","2025-06-21 14:55:47 EDT","2025-06-21 14:55:48 EDT",121,Unallocated,Allocated,unknown,"/img_imagen_victima.img/vol_vol5/usr/share/doc/git/RelNotes/1.7.9.7.txt",,,text/plain,txt
1.7.9.txt,"2025-04-22 06:20:10 EDT","2025-06-21 14:55:49 EDT","2025-06-21 14:55:47 EDT","2025-06-21 14:55:48 EDT",120,Unallocated,Allocated,unknown,"/img_imagen_victima.img/vol_vol5/usr/share/doc/git/RelNotes/1.7.9.txt",,,text/plain,txt
1.8.0.1.txt,"2025-04-22 06:20:10 EDT","2025-06-21 14:55:49 EDT","2025-06-21 14:55:47 EDT","2025-06-21 14:55:48 EDT",120,Unallocated,Allocated,unknown,"/img_imagen_victima.img/vol_vol5/usr/share/doc/git/RelNotes/1.8.0.1.txt",,,text/plain,txt
1.8.0.2.txt,"2025-04-22 06:20:10 EDT","2025-06-21 14:55:49 EDT","2025-06-21 14:55:47 EDT","2025-06-21 14:55:48 EDT",120,Unallocated,Allocated,unknown,"/img_imagen_victima.img/vol_vol5/usr/share/doc/git/RelNotes/1.8.0.2.txt",,,text/plain,txt
1.8.0.3.txt,"2025-04-22 06:20:10 EDT","2025-06-21 14:55:49 EDT","2025-06-21 14:55:47 EDT","2025-06-21 14:55:48 EDT",120,Unallocated,Allocated,unknown,"/img_imagen_victima.img/vol_vol5/usr/share/doc/git/RelNotes/1.8.0.3.txt",,,text/plain,txt
1.8.0.txt,"2025-04-22 06:20:10 EDT","2025-06-21 14:55:49 EDT","2025-06-21 14:55:47 EDT","2025-06-21 14:55:48 EDT",120,Unallocated,Allocated,unknown,"/img_imagen_victima.img/vol_vol5/usr/share/doc/git/RelNotes/1.8.0.txt",,,text/plain,txt
1.8.1.1.txt,"2025-04-22 06:20:10 EDT","2025-06-21 14:55:49 EDT","2025-06-21 14:55:47 EDT","2025-06-21 14:55:48 EDT",120,Unallocated,Allocated,unknown,"/img_imagen_victima.img/vol_vol5/usr/share/doc/git/RelNotes/1.8.1.1.txt",,,text/plain,txt
1.8.1.2.txt,"2025-04-22 06:20:10 EDT","2025-06-21 14:55:49 EDT","2025-06-21 14:55:47 EDT","2025-06-21 14:55:48 EDT",120,Unallocated,Allocated,unknown,"/img_imagen_victima.img/vol_vol5/usr/share/doc/git/RelNotes/1.8.1.2.txt",,,text/plain,txt
1.8.1.3.txt,"2025-04-22 06:20:10 EDT","2025-06-21 14:55:49 EDT","2025-06-21 14:55:47 EDT","2025-06-21 14:55:48 EDT",120,Unallocated,Allocated,unknown,"/img_imagen_victima.img/vol_vol5/usr/share/doc/git/RelNotes/1.8.1.3.txt",,,text/plain,txt
1.8.1.4.txt,"2025-04-22 06:20:10 EDT","2025-06-21 14:55:49 EDT","2025-06-21 14:55:47 EDT","2025-06-21 14:55:48 EDT",121,Unallocated,Allocated,unknown,"/img_imagen_victima.img/vol_vol5/usr/share/doc/git/RelNotes/1.8.1.4.txt",,,text/plain,txt
1.8.1.5.txt,"2025-04-22 06:20:10 EDT","2025-06-21 14:55:49 EDT","2025-06-21 14:55:47 EDT","2025-06-21 14:55:48 EDT",122,Unallocated,Allocated,unknown,"/img_imagen_victima.img/vol_vol5/usr/share/doc/git/RelNotes/1.8.1.5.txt",,,text/plain,txt
1.8.1.6.txt,"2025-04-22 06:20:10 EDT","2025-06-21 14:55:49 EDT","2025-06-21 14:55:47 EDT","2025-06-21 14:55:48 EDT",122,Unallocated,Allocated,unknown,"/img_imagen_victima.img/vol_vol5/usr/share/doc/git/RelNotes/1.8.1.6.txt",,,text/plain,txt
1.8.1.txt,"2025-04-22 06:20:10 EDT","2025-06-21 14:55:49 EDT","2025-06-21 14:55:47 EDT","2025-06-21 14:55:48 EDT",122,Unallocated,Allocated,unknown,"/img_imagen_victima.img/vol_vol5/usr/share/doc/git/RelNotes/1.8.1.txt",,,text/plain,txt
1.8.2.1.txt,"2025-04-22 06:20:10 EDT","2025-06-21 14:55:49 EDT","2025-06-21 14:55:47 EDT","2025-06-21 14:55:48 EDT",122,Unallocated,Allocated,unknown,"/img_imagen_victima.img/vol_vol5/usr/share/doc/git/RelNotes/1.8.2.1.txt",,,text/plain,txt
1.8.2.2.txt,"2025-04-22 06:20:10 EDT","2025-06-21 14:55:49 EDT","2025-06-21 14:55:47 EDT","2025-06-21 14:55:48 EDT",122,Unallocated,Allocated,unknown,"/img_imagen_victima.img/vol_vol5/usr/share/doc/git/RelNotes/1.8.2.2.txt",,,text/plain,txt
1.8.2.3.txt,"2025-04-22 06:20:10 EDT","2025-06-21 14:55:49 EDT","2025-06-21 14:55:47 EDT","2025-06-21 14:55:48 EDT",121,Unallocated,Allocated,unknown,"/img_imagen_victima.img/vol_vol5/usr/share/doc/git/RelNotes/1.8.2.3.txt",,,text/plain,txt
1.8.2.txt,"2025-04-22 06:20:10 EDT","2025-06-21 14:55:49 EDT","2025-06-21 14:55:47 EDT","2025-06-21 14:55:48 EDT",121,Unallocated,Allocated,unknown,"/img_imagen_victima.img/vol_vol5/usr/share/doc/git/RelNotes/1.8.2.txt",,,text/plain,txt
1.8.3.1.txt,"2025-04-22 06:20:10 EDT","2025-06-21 14:55:49 EDT","2025-06-21 14:55:47 EDT","2025-06-21 14:55:48 EDT",121,Unallocated,Allocated,unknown,"/img_imagen_victima.img/vol_vol5/usr/share/doc/git/RelNotes/1.8.3.1.txt",,,text/plain,txt
1.8.3.2.txt,"2025-04-22 06:20:10 EDT","2025-06-21 14:55:49 EDT","2025-06-21 14:55:47 EDT","2025-06-21 14:55:48 EDT",121,Unallocated,Allocated,unknown,"/img_imagen_victima.img/vol_vol5/usr/share/doc/git/RelNotes/1.8.3.2.txt",,,text/plain,txt
1.8.3.3.txt,"2025-04-22 06:20:10 EDT","2025-06-21 14:55:49 EDT","2025-06-21 14:55:47 EDT","2025-06-21 14:55:48 EDT",121,Unallocated,Allocated,unknown,"/img_imagen_victima.img/vol_vol5/usr/share/doc/git/RelNotes/1.8.3.3.txt",,,text/plain,txt
1.8.3.4.txt,"2025-04-22 06:20:10 EDT","2025-06-21 14:55:49 EDT","2025-06-21 14:55:47 EDT","2025-06-21 14:55:48 EDT",121,Unallocated,Allocated,unknown,"/img_imagen_victima.img/vol_vol5/usr/share/doc/git/RelNotes/1.8.3.4.txt",,,text/plain,txt
1.5.1.txt,"2020-02-16 23:47:35 EST","2025-06-21 14:55:39 EDT","2025-06-21 14:55:38 EDT","2025-06-21 14:55:39 EDT",13288,Allocated,Allocated,unknown,"/img_imagen_victima.img/vol_vol5/usr/share/doc/git/RelNotes/1.5.1.txt",,,text/plain,txt
1.5.3.5.txt,"2020-02-16 23:47:35 EST","2025-06-21 14:55:39 EDT","2025-06-21 14:55:38 EDT","2025-06-21 14:55:39 EDT",3376,Allocated,Allocated,unknown,"/img_imagen_victima.img/vol_vol5/usr/share/doc/git/RelNotes/1.5.3.5.txt",,,text/plain,txt
1.5.4.2.txt,"2020-02-16 23:47:35 EST","2025-06-21 14:55:39 EDT","2025-06-21 14:55:38 EDT","2025-06-21 14:55:39 EDT",1530,Allocated,Allocated,unknown,"/img_imagen_victima.img/vol_vol5/usr/share/doc/git/RelNotes/1.5.4.2.txt",,,text/plain,txt
1.5.4.3.txt,"2020-02-16 23:47:35 EST","2025-06-21 14:55:39 EDT","2025-06-21 14:55:38 EDT","2025-06-21 14:55:39 EDT",997,Allocated,Allocated,unknown,"/img_imagen_victima.img/vol_vol5/usr/share/doc/git/RelNotes/1.5.4.3.txt",,,text/plain,txt
1.5.4.4.txt,"2020-02-16 23:47:35 EST","2025-06-21 14:55:39 EDT","2025-06-21 14:55:38 EDT","2025-06-21 14:55:39 EDT",2617,Allocated,Allocated,unknown,"/img_imagen_victima.img/vol_vol5/usr/share/doc/git/RelNotes/1.5.4.4.txt",,,text/plain,txt
1.5.4.txt,"2020-02-16 23:47:35 EST","2025-06-21 14:55:39 EDT","2025-06-21 14:55:38 EDT","2025-06-21 14:55:39 EDT",14424,Allocated,Allocated,unknown,"/img_imagen_victima.img/vol_vol5/usr/share/doc/git/RelNotes/1.5.4.txt",,,text/plain,txt
1.5.6.2.txt,"2020-02-16 23:47:35 EST","2025-06-21 14:55:39 EDT","2025-06-21 14:55:38 EDT","2025-06-21 14:55:39 EDT",1457,Allocated,Allocated,unknown,"/img_imagen_victima.img/vol_vol5/usr/share/doc/git/RelNotes/1.5.6.2.txt",,,text/plain,txt
1.6.1.1.txt,"2020-02-16 23:47:35 EST","2025-06-21 14:55:39 EDT","2025-06-21 14:55:38 EDT","2025-06-21 14:55:39 EDT",1976,Allocated,Allocated,unknown,"/img_imagen_victima.img/vol_vol5/usr/share/doc/git/RelNotes/1.6.1.1.txt",,,text/plain,txt
1.6.2.txt,"2020-02-16 23:47:35 EST","2025-06-21 14:55:39 EDT","2025-06-21 14:55:38 EDT","2025-06-21 14:55:39 EDT",5888,Allocated,Allocated,unknown,"/img_imagen_victima.img/vol_vol5/usr/share/doc/git/RelNotes/1.6.2.txt",,,text/plain,txt
1.6.3.4.txt,"2020-02-16 23:47:35 EST","2025-06-21 14:55:39 EDT","2025-06-21 14:55:38 EDT","2025-06-21 14:55:39 EDT",1206,Allocated,Allocated,unknown,"/img_imagen_victima.img/vol_vol5/usr/share/doc/git/RelNotes/1.6.3.4.txt",,,text/plain,txt
1.6.4.4.txt,"2020-02-16 23:47:35 EST","2025-06-21 14:55:39 EDT","2025-06-21 14:55:38 EDT","2025-06-21 14:55:39 EDT",1034,Allocated,Allocated,unknown,"/img_imagen_victima.img/vol_vol5/usr/share/doc/git/RelNotes/1.6.4.4.txt",,,text/plain,txt
1.6.5.1.txt,"2020-02-16 23:47:35 EST","2025-06-21 14:55:39 EDT","2025-06-21 14:55:38 EDT","2025-06-21 14:55:39 EDT",549,Allocated,Allocated,unknown,"/img_imagen_victima.img/vol_vol5/usr/share/doc/git/RelNotes/1.6.5.1.txt",,,text/plain,txt
1.6.5.7.txt,"2020-02-16 23:47:35 EST","2025-06-21 14:55:39 EDT","2025-06-21 14:55:38 EDT","2025-06-21 14:55:39 EDT",771,Allocated,Allocated,unknown,"/img_imagen_victima.img/vol_vol5/usr/share/doc/git/RelNotes/1.6.5.7.txt",,,text/plain,txt
1.6.5.8.txt,"2020-02-16 23:47:35 EST","2025-06-21 14:55:39 EDT","2025-06-21 14:55:38 EDT","2025-06-21 14:55:39 EDT",900,Allocated,Allocated,unknown,"/img_imagen_victima.img/vol_vol5/usr/share/doc/git/RelNotes/1.6.5.8.txt",,,text/plain,txt
1.7.0.4.txt,"2020-02-16 23:47:35 EST","2025-06-21 14:55:39 EDT","2025-06-21 14:55:38 EDT","2025-06-21 14:55:39 EDT",888,Allocated,Allocated,unknown,"/img_imagen_victima.img/vol_vol5/usr/share/doc/git/RelNotes/1.7.0.4.txt",,,text/plain,txt
1.7.0.8.txt,"2020-02-16 23:47:35 EST","2025-06-21 14:55:39 EDT","2025-06-21 14:55:38 EDT","2025-06-21 14:55:39 EDT",452,Allocated,Allocated,unknown,"/img_imagen_victima.img/vol_vol5/usr/share/doc/git/RelNotes/1.7.0.8.txt",,,text/plain,txt
1.7.1.2.txt,"2020-02-16 23:47:35 EST","2025-06-21 14:55:39 EDT","2025-06-21 14:55:38 EDT","2025-06-21 14:55:39 EDT",1069,Allocated,Allocated,unknown,"/img_imagen_victima.img/vol_vol5/usr/share/doc/git/RelNotes/1.7.1.2.txt",,,text/plain,txt
1.7.1.4.txt,"2020-02-16 23:47:35 EST","2025-06-21 14:55:39 EDT","2025-06-21 14:55:38 EDT","2025-06-21 14:55:39 EDT",219,Allocated,Allocated,unknown,"/img_imagen_victima.img/vol_vol5/usr/share/doc/git/RelNotes/1.7.1.4.txt",,,text/plain,txt
1.7.11.4.txt,"2020-02-16 23:47:35 EST","2025-06-21 14:55:40 EDT","2025-06-21 14:55:38 EDT","2025-06-21 14:55:39 EDT",1171,Allocated,Allocated,unknown,"/img_imagen_victima.img/vol_vol5/usr/share/doc/git/RelNotes/1.7.11.4.txt",,,text/plain,txt
1.7.11.6.txt,"2020-02-16 23:47:35 EST","2025-06-21 14:55:40 EDT","2025-06-21 14:55:38 EDT","2025-06-21 14:55:39 EDT",3436,Allocated,Allocated,unknown,"/img_imagen_victima.img/vol_vol5/usr/share/doc/git/RelNotes/1.7.11.6.txt",,,text/plain,txt
1.7.11.txt,"2020-02-16 23:47:35 EST","2025-06-21 14:55:40 EDT","2025-06-21 14:55:38 EDT","2025-06-21 14:55:39 EDT",5506,Allocated,Allocated,unknown,"/img_imagen_victima.img/vol_vol5/usr/share/doc/git/RelNotes/1.7.11.txt",,,text/plain,txt
1.7.3.2.txt,"2020-02-16 23:47:35 EST","2025-06-21 14:55:40 EDT","2025-06-21 14:55:38 EDT","2025-06-21 14:55:39 EDT",149,Allocated,Allocated,unknown,"/img_imagen_victima.img/vol_vol5/usr/share/doc/git/RelNotes/1.7.3.2.txt",,,text/plain,txt
1.7.5.txt,"2020-02-16 23:47:35 EST","2025-06-21 14:55:40 EDT","2025-06-21 14:55:38 EDT","2025-06-21 14:55:39 EDT",5329,Allocated,Allocated,unknown,"/img_imagen_victima.img/vol_vol5/usr/share/doc/git/RelNotes/1.7.5.txt",,,text/plain,txt
1.7.6.1.txt,"2020-02-16 23:47:35 EST","2025-06-21 14:55:40 EDT","2025-06-21 14:55:38 EDT","2025-06-21 14:55:39 EDT",2248,Allocated,Allocated,unknown,"/img_imagen_victima.img/vol_vol5/usr/share/doc/git/RelNotes/1.7.6.1.txt",,,text/plain,txt
1.7.6.2.txt,"2020-02-16 23:47:35 EST","2025-06-21 14:55:40 EDT","2025-06-21 14:55:38 EDT","2025-06-21 14:55:39 EDT",245,Allocated,Allocated,unknown,"/img_imagen_victima.img/vol_vol5/usr/share/doc/git/RelNotes/1.7.6.2.txt",,,text/plain,txt
1.7.6.5.txt,"2020-02-16 23:47:35 EST","2025-06-21 14:55:40 EDT","2025-06-21 14:55:38 EDT","2025-06-21 14:55:39 EDT",969,Allocated,Allocated,unknown,"/img_imagen_victima.img/vol_vol5/usr/share/doc/git/RelNotes/1.7.6.5.txt",,,text/plain,txt
1.7.7.3.txt,"2020-02-16 23:47:35 EST","2025-06-21 14:55:40 EDT","2025-06-21 14:55:38 EDT","2025-06-21 14:55:39 EDT",696,Allocated,Allocated,unknown,"/img_imagen_victima.img/vol_vol5/usr/share/doc/git/RelNotes/1.7.7.3.txt",,,text/plain,txt
1.7.7.4.txt,"2020-02-16 23:47:35 EST","2025-06-21 14:55:40 EDT","2025-06-21 14:55:38 EDT","2025-06-21 14:55:39 EDT",444,Allocated,Allocated,unknown,"/img_imagen_victima.img/vol_vol5/usr/share/doc/git/RelNotes/1.7.7.4.txt",,,text/plain,txt
1.7.7.txt,"2020-02-16 23:47:35 EST","2025-06-21 14:55:40 EDT","2025-06-21 14:55:38 EDT","2025-06-21 14:55:39 EDT",5408,Allocated,Allocated,unknown,"/img_imagen_victima.img/vol_vol5/usr/share/doc/git/RelNotes/1.7.7.txt",,,text/plain,txt
1.7.8.txt,"2020-02-16 23:47:35 EST","2025-06-21 14:55:40 EDT","2025-06-21 14:55:38 EDT","2025-06-21 14:55:39 EDT",6351,Allocated,Allocated,unknown,"/img_imagen_victima.img/vol_vol5/usr/share/doc/git/RelNotes/1.7.8.txt",,,text/plain,txt
1.8.1.4.txt,"2020-02-16 23:47:35 EST","2025-06-21 14:55:40 EDT","2025-06-21 14:55:38 EDT","2025-06-21 14:55:39 EDT",337,Allocated,Allocated,unknown,"/img_imagen_victima.img/vol_vol5/usr/share/doc/git/RelNotes/1.8.1.4.txt",,,text/plain,txt
1.8.5.6.txt,"2020-02-16 23:47:35 EST","2025-06-21 14:55:40 EDT","2025-06-21 14:55:38 EDT","2025-06-21 14:55:39 EDT",1686,Allocated,Allocated,unknown,"/img_imagen_victima.img/vol_vol5/usr/share/doc/git/RelNotes/1.8.5.6.txt",,,text/plain,txt
1.9.4.txt,"2020-02-16 23:47:35 EST","2025-06-21 14:55:40 EDT","2025-06-21 14:55:38 EDT","2025-06-21 14:55:39 EDT",607,Allocated,Allocated,unknown,"/img_imagen_victima.img/vol_vol5/usr/share/doc/git/RelNotes/1.9.4.txt",,,text/plain,txt
2.10.2.txt,"2020-02-16 23:47:35 EST","2025-06-21 14:55:40 EDT","2025-06-21 14:55:38 EDT","2025-06-21 14:55:39 EDT",5298,Allocated,Allocated,unknown,"/img_imagen_victima.img/vol_vol5/usr/share/doc/git/RelNotes/2.10.2.txt",,,text/plain,txt
2.11.2.txt,"2020-02-16 23:47:35 EST","2025-06-21 14:55:40 EDT","2025-06-21 14:55:38 EDT","2025-06-21 14:55:39 EDT",479,Allocated,Allocated,unknown,"/img_imagen_victima.img/vol_vol5/usr/share/doc/git/RelNotes/2.11.2.txt",,,text/plain,txt
2.13.1.txt,"2020-02-16 23:47:35 EST","2025-06-21 14:55:40 EDT","2025-06-21 14:55:38 EDT","2025-06-21 14:55:39 EDT",5026,Allocated,Allocated,unknown,"/img_imagen_victima.img/vol_vol5/usr/share/doc/git/RelNotes/2.13.1.txt",,,text/plain,txt
2.13.2.txt,"2020-02-16 23:47:35 EST","2025-06-21 14:55:40 EDT","2025-06-21 14:55:38 EDT","2025-06-21 14:55:39 EDT",2178,Allocated,Allocated,unknown,"/img_imagen_victima.img/vol_vol5/usr/share/doc/git/RelNotes/2.13.2.txt",,,text/plain,txt
2.16.0.txt,"2020-02-16 23:47:35 EST","2025-06-21 14:55:40 EDT","2025-06-21 14:55:38 EDT","2025-06-21 14:55:39 EDT",20744,Allocated,Allocated,unknown,"/img_imagen_victima.img/vol_vol5/usr/share/doc/git/RelNotes/2.16.0.txt",,,text/plain,txt
2.18.2.txt,"2020-02-16 23:47:35 EST","2025-06-21 14:55:40 EDT","2025-06-21 14:55:38 EDT","2025-06-21 14:55:39 EDT",343,Allocated,Allocated,unknown,"/img_imagen_victima.img/vol_vol5/usr/share/doc/git/RelNotes/2.18.2.txt",,,text/plain,txt
2.19.1.txt,"2020-02-16 23:47:35 EST","2025-06-21 14:55:40 EDT","2025-06-21 14:55:38 EDT","2025-06-21 14:55:39 EDT",227,Allocated,Allocated,unknown,"/img_imagen_victima.img/vol_vol5/usr/share/doc/git/RelNotes/2.19.1.txt",,,text/plain,txt
2.3.1.txt,"2020-02-16 23:47:35 EST","2025-06-21 14:55:40 EDT","2025-06-21 14:55:38 EDT","2025-06-21 14:55:39 EDT",1998,Allocated,Allocated,unknown,"/img_imagen_victima.img/vol_vol5/usr/share/doc/git/RelNotes/2.3.1.txt",,,text/plain,txt
2.25.1.txt,"2020-02-16 23:47:35 EST","2025-06-21 14:55:40 EDT","2025-06-21 14:55:38 EDT","2025-06-21 14:55:39 EDT",2141,Allocated,Allocated,unknown,"/img_imagen_victima.img/vol_vol5/usr/share/doc/git/RelNotes/2.25.1.txt",,,text/plain,txt
2.5.3.txt,"2020-02-16 23:47:35 EST","2025-06-21 14:55:40 EDT","2025-06-21 14:55:38 EDT","2025-06-21 14:55:39 EDT",565,Allocated,Allocated,unknown,"/img_imagen_victima.img/vol_vol5/usr/share/doc/git/RelNotes/2.5.3.txt",,,text/plain,txt
2.6.4.txt,"2020-02-16 23:47:35 EST","2025-06-21 14:55:40 EDT","2025-06-21 14:55:38 EDT","2025-06-21 14:55:39 EDT",2163,Allocated,Allocated,unknown,"/img_imagen_victima.img/vol_vol5/usr/share/doc/git/RelNotes/2.6.4.txt",,,text/plain,txt
2.8.4.txt,"2020-02-16 23:47:35 EST","2025-06-21 14:55:40 EDT","2025-06-21 14:55:38 EDT","2025-06-21 14:55:39 EDT",3061,Allocated,Allocated,unknown,"/img_imagen_victima.img/vol_vol5/usr/share/doc/git/RelNotes/2.8.4.txt",,,text/plain,txt
2.8.5.txt,"2020-02-16 23:47:35 EST","2025-06-21 14:55:40 EDT","2025-06-21 14:55:38 EDT","2025-06-21 14:55:39 EDT",475,Allocated,Allocated,unknown,"/img_imagen_victima.img/vol_vol5/usr/share/doc/git/RelNotes/2.8.5.txt",,,text/plain,txt
1.6.5.6.txt,"2020-02-16 23:47:35 EST","2025-06-21 14:55:39 EDT","2025-06-21 14:55:38 EDT","2025-06-21 14:55:39 EDT",791,Allocated,Allocated,unknown,"/img_imagen_victima.img/vol_vol5/usr/share/doc/git/RelNotes/1.6.5.6.txt",,,text/plain,txt
1.8.3.4.txt,"2020-02-16 23:47:35 EST","2025-06-21 14:55:40 EDT","2025-06-21 14:55:38 EDT","2025-06-21 14:55:39 EDT",700,Allocated,Allocated,unknown,"/img_imagen_victima.img/vol_vol5/usr/share/doc/git/RelNotes/1.8.3.4.txt",,,text/plain,txt
1.7.4.2.txt,"2020-02-16 23:47:35 EST","2025-06-21 14:55:40 EDT","2025-06-21 14:55:38 EDT","2025-06-21 14:55:39 EDT",2290,Allocated,Allocated,unknown,"/img_imagen_victima.img/vol_vol5/usr/share/doc/git/RelNotes/1.7.4.2.txt",,,text/plain,txt
1.6.0.4.txt,"2020-02-16 23:47:35 EST","2025-06-21 14:55:39 EDT","2025-06-21 14:55:38 EDT","2025-06-21 14:55:39 EDT",1293,Allocated,Allocated,unknown,"/img_imagen_victima.img/vol_vol5/usr/share/doc/git/RelNotes/1.6.0.4.txt",,,text/plain,txt
1.7.9.5.txt,"2020-02-16 23:47:35 EST","2025-06-21 14:55:40 EDT","2025-06-21 14:55:38 EDT","2025-06-21 14:55:39 EDT",731,Allocated,Allocated,unknown,"/img_imagen_victima.img/vol_vol5/usr/share/doc/git/RelNotes/1.7.9.5.txt",,,text/plain,txt
1.7.0.txt,"2020-02-16 23:47:35 EST","2025-06-21 14:55:39 EDT","2025-06-21 14:55:38 EDT","2025-06-21 14:55:39 EDT",8765,Allocated,Allocated,unknown,"/img_imagen_victima.img/vol_vol5/usr/share/doc/git/RelNotes/1.7.0.txt",,,text/plain,txt
1.7.0.9.txt,"2020-02-16 23:47:35 EST","2025-06-21 14:55:39 EDT","2025-06-21 14:55:38 EDT","2025-06-21 14:55:39 EDT",219,Allocated,Allocated,unknown,"/img_imagen_victima.img/vol_vol5/usr/share/doc/git/RelNotes/1.7.0.9.txt",,,text/plain,txt
1.7.0.2.txt,"2020-02-16 23:47:35 EST","2025-06-21 14:55:39 EDT","2025-06-21 14:55:38 EDT","2025-06-21 14:55:39 EDT",1476,Allocated,Allocated,unknown,"/img_imagen_victima.img/vol_vol5/usr/share/doc/git/RelNotes/1.7.0.2.txt",,,text/plain,txt
1.7.8.2.txt,"2020-02-16 23:47:35 EST","2025-06-21 14:55:40 EDT","2025-06-21 14:55:38 EDT","2025-06-21 14:55:39 EDT",2925,Allocated,Allocated,unknown,"/img_imagen_victima.img/vol_vol5/usr/share/doc/git/RelNotes/1.7.8.2.txt",,,text/plain,txt
1.5.5.6.txt,"2020-02-16 23:47:35 EST","2025-06-21 14:55:39 EDT","2025-06-21 14:55:38 EDT","2025-06-21 14:55:39 EDT",342,Allocated,Allocated,unknown,"/img_imagen_victima.img/vol_vol5/usr/share/doc/git/RelNotes/1.5.5.6.txt",,,text/plain,txt
1.7.8.1.txt,"2020-02-16 23:47:35 EST","2025-06-21 14:55:40 EDT","2025-06-21 14:55:38 EDT","2025-06-21 14:55:39 EDT",1438,Allocated,Allocated,unknown,"/img_imagen_victima.img/vol_vol5/usr/share/doc/git/RelNotes/1.7.8.1.txt",,,text/plain,txt
1.7.9.7.txt,"2020-02-16 23:47:35 EST","2025-06-21 14:55:40 EDT","2025-06-21 14:55:38 EDT","2025-06-21 14:55:39 EDT",371,Allocated,Allocated,unknown,"/img_imagen_victima.img/vol_vol5/usr/share/doc/git/RelNotes/1.7.9.7.txt",,,text/plain,txt
1.6.0.txt,"2020-02-16 23:47:35 EST","2025-06-21 14:55:39 EDT","2025-06-21 14:55:38 EDT","2025-06-21 14:55:39 EDT",10049,Allocated,Allocated,unknown,"/img_imagen_victima.img/vol_vol5/usr/share/doc/git/RelNotes/1.6.0.txt",,,text/plain,txt
1.6.0.5.txt,"2020-02-16 23:47:35 EST","2025-06-21 14:55:39 EDT","2025-06-21 14:55:38 EDT","2025-06-21 14:55:39 EDT",2014,Allocated,Allocated,unknown,"/img_imagen_victima.img/vol_vol5/usr/share/doc/git/RelNotes/1.6.0.5.txt",,,text/plain,txt
1.7.2.5.txt,"2020-02-16 23:47:35 EST","2025-06-21 14:55:40 EDT","2025-06-21 14:55:38 EDT","2025-06-21 14:55:39 EDT",219,Allocated,Allocated,unknown,"/img_imagen_victima.img/vol_vol5/usr/share/doc/git/RelNotes/1.7.2.5.txt",,,text/plain,txt
1.6.1.4.txt,"2020-02-16 23:47:35 EST","2025-06-21 14:55:39 EDT","2025-06-21 14:55:38 EDT","2025-06-21 14:55:39 EDT",1593,Allocated,Allocated,unknown,"/img_imagen_victima.img/vol_vol5/usr/share/doc/git/RelNotes/1.6.1.4.txt",,,text/plain,txt
1.7.3.5.txt,"2020-02-16 23:47:35 EST","2025-06-21 14:55:40 EDT","2025-06-21 14:55:38 EDT","2025-06-21 14:55:39 EDT",1454,Allocated,Allocated,unknown,"/img_imagen_victima.img/vol_vol5/usr/share/doc/git/RelNotes/1.7.3.5.txt",,,text/plain,txt
1.7.7.6.txt,"2020-02-16 23:47:35 EST","2025-06-21 14:55:40 EDT","2025-06-21 14:55:38 EDT","2025-06-21 14:55:39 EDT",791,Allocated,Allocated,unknown,"/img_imagen_victima.img/vol_vol5/usr/share/doc/git/RelNotes/1.7.7.6.txt",,,text/plain,txt
1.7.11.7.txt,"2020-02-16 23:47:35 EST","2025-06-21 14:55:40 EDT","2025-06-21 14:55:38 EDT","2025-06-21 14:55:39 EDT",1959,Allocated,Allocated,unknown,"/img_imagen_victima.img/vol_vol5/usr/share/doc/git/RelNotes/1.7.11.7.txt",,,text/plain,txt
1.6.3.1.txt,"2020-02-16 23:47:35 EST","2025-06-21 14:55:39 EDT","2025-06-21 14:55:38 EDT","2025-06-21 14:55:39 EDT",343,Allocated,Allocated,unknown,"/img_imagen_victima.img/vol_vol5/usr/share/doc/git/RelNotes/1.6.3.1.txt",,,text/plain,txt
1.7.6.txt,"2020-02-16 23:47:35 EST","2025-06-21 14:55:40 EDT","2025-06-21 14:55:38 EDT","2025-06-21 14:55:39 EDT",5507,Allocated,Allocated,unknown,"/img_imagen_victima.img/vol_vol5/usr/share/doc/git/RelNotes/1.7.6.txt",,,text/plain,txt
1.7.4.1.txt,"2020-02-16 23:47:35 EST","2025-06-21 14:55:40 EDT","2025-06-21 14:55:38 EDT","2025-06-21 14:55:39 EDT",899,Allocated,Allocated,unknown,"/img_imagen_victima.img/vol_vol5/usr/share/doc/git/RelNotes/1.7.4.1.txt",,,text/plain,txt
1.5.6.txt,"2020-02-16 23:47:35 EST","2025-06-21 14:55:39 EDT","2025-06-21 14:55:38 EDT","2025-06-21 14:55:39 EDT",3843,Allocated,Allocated,unknown,"/img_imagen_victima.img/vol_vol5/usr/share/doc/git/RelNotes/1.5.6.txt",,,text/plain,txt
1.8.0.1.txt,"2020-02-16 23:47:35 EST","2025-06-21 14:55:40 EDT","2025-06-21 14:55:38 EDT","2025-06-21 14:55:39 EDT",2454,Allocated,Allocated,unknown,"/img_imagen_victima.img/vol_vol5/usr/share/doc/git/RelNotes/1.8.0.1.txt",,,text/plain,txt
1.5.6.1.txt,"2020-02-16 23:47:35 EST","2025-06-21 14:55:39 EDT","2025-06-21 14:55:38 EDT","2025-06-21 14:55:39 EDT",793,Allocated,Allocated,unknown,"/img_imagen_victima.img/vol_vol5/usr/share/doc/git/RelNotes/1.5.6.1.txt",,,text/plain,txt
1.7.7.1.txt,"2020-02-16 23:47:35 EST","2025-06-21 14:55:40 EDT","2025-06-21 14:55:38 EDT","2025-06-21 14:55:39 EDT",2432,Allocated,Allocated,unknown,"/img_imagen_victima.img/vol_vol5/usr/share/doc/git/RelNotes/1.7.7.1.txt",,,text/plain,txt
1.7.10.2.txt,"2020-02-16 23:47:35 EST","2025-06-21 14:55:40 EDT","2025-06-21 14:55:38 EDT","2025-06-21 14:55:39 EDT",3445,Allocated,Allocated,unknown,"/img_imagen_victima.img/vol_vol5/usr/share/doc/git/RelNotes/1.7.10.2.txt",,,text/plain,txt
1.8.4.2.txt,"2020-02-16 23:47:35 EST","2025-06-21 14:55:40 EDT","2025-06-21 14:55:38 EDT","2025-06-21 14:55:39 EDT",3294,Allocated,Allocated,unknown,"/img_imagen_victima.img/vol_vol5/usr/share/doc/git/RelNotes/1.8.4.2.txt",,,text/plain,txt
1.8.5.1.txt,"2020-02-16 23:47:35 EST","2025-06-21 14:55:40 EDT","2025-06-21 14:55:38 EDT","2025-06-21 14:55:39 EDT",254,Allocated,Allocated,unknown,"/img_imagen_victima.img/vol_vol5/usr/share/doc/git/RelNotes/1.8.5.1.txt",,,text/plain,txt
2.1.3.txt,"2020-02-16 23:47:35 EST","2025-06-21 14:55:40 EDT","2025-06-21 14:55:38 EDT","2025-06-21 14:55:39 EDT",970,Allocated,Allocated,unknown,"/img_imagen_victima.img/vol_vol5/usr/share/doc/git/RelNotes/2.1.3.txt",,,text/plain,txt
2.1.2.txt,"2020-02-16 23:47:35 EST","2025-06-21 14:55:40 EDT","2025-06-21 14:55:38 EDT","2025-06-21 14:55:39 EDT",768,Allocated,Allocated,unknown,"/img_imagen_victima.img/vol_vol5/usr/share/doc/git/RelNotes/2.1.2.txt",,,text/plain,txt
2.10.4.txt,"2020-02-16 23:47:35 EST","2025-06-21 14:55:40 EDT","2025-06-21 14:55:38 EDT","2025-06-21 14:55:39 EDT",124,Allocated,Allocated,unknown,"/img_imagen_victima.img/vol_vol5/usr/share/doc/git/RelNotes/2.10.4.txt",,,text/plain,txt
2.13.3.txt,"2020-02-16 23:47:35 EST","2025-06-21 14:55:40 EDT","2025-06-21 14:55:38 EDT","2025-06-21 14:55:39 EDT",2388,Allocated,Allocated,unknown,"/img_imagen_victima.img/vol_vol5/usr/share/doc/git/RelNotes/2.13.3.txt",,,text/plain,txt
2.15.3.txt,"2020-02-16 23:47:35 EST","2025-06-21 14:55:40 EDT","2025-06-21 14:55:38 EDT","2025-06-21 14:55:39 EDT",210,Allocated,Allocated,unknown,"/img_imagen_victima.img/vol_vol5/usr/share/doc/git/RelNotes/2.15.3.txt",,,text/plain,txt
2.17.0.txt,"2020-02-16 23:47:35 EST","2025-06-21 14:55:40 EDT","2025-06-21 14:55:38 EDT","2025-06-21 14:55:39 EDT",17884,Allocated,Allocated,unknown,"/img_imagen_victima.img/vol_vol5/usr/share/doc/git/RelNotes/2.17.0.txt",,,text/plain,txt
2.19.0.txt,"2020-02-16 23:47:35 EST","2025-06-21 14:55:40 EDT","2025-06-21 14:55:38 EDT","2025-06-21 14:55:39 EDT",28138,Allocated,Allocated,unknown,"/img_imagen_victima.img/vol_vol5/usr/share/doc/git/RelNotes/2.19.0.txt",,,text/plain,txt
2.18.1.txt,"2020-02-16 23:47:35 EST","2025-06-21 14:55:40 EDT","2025-06-21 14:55:38 EDT","2025-06-21 14:55:39 EDT",227,Allocated,Allocated,unknown,"/img_imagen_victima.img/vol_vol5/usr/share/doc/git/RelNotes/2.18.1.txt",,,text/plain,txt
2.2.3.txt,"2020-02-16 23:47:35 EST","2025-06-21 14:55:40 EDT","2025-06-21 14:55:38 EDT","2025-06-21 14:55:39 EDT",284,Allocated,Allocated,unknown,"/img_imagen_victima.img/vol_vol5/usr/share/doc/git/RelNotes/2.2.3.txt",,,text/plain,txt
2.22.0.txt,"2020-02-16 23:47:35 EST","2025-06-21 14:55:40 EDT","2025-06-21 14:55:38 EDT","2025-06-21 14:55:39 EDT",26979,Allocated,Allocated,unknown,"/img_imagen_victima.img/vol_vol5/usr/share/doc/git/RelNotes/2.22.0.txt",,,text/plain,txt
2.24.0.txt,"2020-02-16 23:47:35 EST","2025-06-21 14:55:40 EDT","2025-06-21 14:55:38 EDT","2025-06-21 14:55:39 EDT",17750,Allocated,Allocated,unknown,"/img_imagen_victima.img/vol_vol5/usr/share/doc/git/RelNotes/2.24.0.txt",,,text/plain,txt
2.3.0.txt,"2020-02-16 23:47:35 EST","2025-06-21 14:55:40 EDT","2025-06-21 14:55:38 EDT","2025-06-21 14:55:39 EDT",12859,Allocated,Allocated,unknown,"/img_imagen_victima.img/vol_vol5/usr/share/doc/git/RelNotes/2.3.0.txt",,,text/plain,txt
2.3.8.txt,"2020-02-16 23:47:35 EST","2025-06-21 14:55:40 EDT","2025-06-21 14:55:38 EDT","2025-06-21 14:55:39 EDT",814,Allocated,Allocated,unknown,"/img_imagen_victima.img/vol_vol5/usr/share/doc/git/RelNotes/2.3.8.txt",,,text/plain,txt
2.3.7.txt,"2020-02-16 23:47:35 EST","2025-06-21 14:55:40 EDT","2025-06-21 14:55:38 EDT","2025-06-21 14:55:39 EDT",762,Allocated,Allocated,unknown,"/img_imagen_victima.img/vol_vol5/usr/share/doc/git/RelNotes/2.3.7.txt",,,text/plain,txt
2.4.10.txt,"2020-02-16 23:47:35 EST","2025-06-21 14:55:40 EDT","2025-06-21 14:55:38 EDT","2025-06-21 14:55:39 EDT",711,Allocated,Allocated,unknown,"/img_imagen_victima.img/vol_vol5/usr/share/doc/git/RelNotes/2.4.10.txt",,,text/plain,txt
2.4.1.txt,"2020-02-16 23:47:35 EST","2025-06-21 14:55:40 EDT","2025-06-21 14:55:38 EDT","2025-06-21 14:55:39 EDT",1654,Allocated,Allocated,unknown,"/img_imagen_victima.img/vol_vol5/usr/share/doc/git/RelNotes/2.4.1.txt",,,text/plain,txt
2.4.7.txt,"2020-02-16 23:47:35 EST","2025-06-21 14:55:40 EDT","2025-06-21 14:55:38 EDT","2025-06-21 14:55:39 EDT",2213,Allocated,Allocated,unknown,"/img_imagen_victima.img/vol_vol5/usr/share/doc/git/RelNotes/2.4.7.txt",,,text/plain,txt
2.5.1.txt,"2020-02-16 23:47:35 EST","2025-06-21 14:55:40 EDT","2025-06-21 14:55:38 EDT","2025-06-21 14:55:39 EDT",2861,Allocated,Allocated,unknown,"/img_imagen_victima.img/vol_vol5/usr/share/doc/git/RelNotes/2.5.1.txt",,,text/plain,txt
2.5.4.txt,"2020-02-16 23:47:35 EST","2025-06-21 14:55:40 EDT","2025-06-21 14:55:38 EDT","2025-06-21 14:55:39 EDT",709,Allocated,Allocated,unknown,"/img_imagen_victima.img/vol_vol5/usr/share/doc/git/RelNotes/2.5.4.txt",,,text/plain,txt
2.6.2.txt,"2020-02-16 23:47:35 EST","2025-06-21 14:55:40 EDT","2025-06-21 14:55:38 EDT","2025-06-21 14:55:39 EDT",2678,Allocated,Allocated,unknown,"/img_imagen_victima.img/vol_vol5/usr/share/doc/git/RelNotes/2.6.2.txt",,,text/plain,txt
2.6.5.txt,"2020-02-16 23:47:35 EST","2025-06-21 14:55:40 EDT","2025-06-21 14:55:38 EDT","2025-06-21 14:55:39 EDT",2542,Allocated,Allocated,unknown,"/img_imagen_victima.img/vol_vol5/usr/share/doc/git/RelNotes/2.6.5.txt",,,text/plain,txt
2.7.5.txt,"2020-02-16 23:47:35 EST","2025-06-21 14:55:40 EDT","2025-06-21 14:55:38 EDT","2025-06-21 14:55:39 EDT",544,Allocated,Allocated,unknown,"/img_imagen_victima.img/vol_vol5/usr/share/doc/git/RelNotes/2.7.5.txt",,,text/plain,txt
2.7.6.txt,"2020-02-16 23:47:35 EST","2025-06-21 14:55:40 EDT","2025-06-21 14:55:38 EDT","2025-06-21 14:55:39 EDT",951,Allocated,Allocated,unknown,"/img_imagen_victima.img/vol_vol5/usr/share/doc/git/RelNotes/2.7.6.txt",,,text/plain,txt
2.9.0.txt,"2020-02-16 23:47:35 EST","2025-06-21 14:55:40 EDT","2025-06-21 14:55:38 EDT","2025-06-21 14:55:39 EDT",21836,Allocated,Allocated,unknown,"/img_imagen_victima.img/vol_vol5/usr/share/doc/git/RelNotes/2.9.0.txt",,,text/plain,txt
2.9.4.txt,"2020-02-16 23:47:35 EST","2025-06-21 14:55:40 EDT","2025-06-21 14:55:38 EDT","2025-06-21 14:55:39 EDT",4384,Allocated,Allocated,unknown,"/img_imagen_victima.img/vol_vol5/usr/share/doc/git/RelNotes/2.9.4.txt",,,text/plain,txt
1.5.2.txt,"2020-02-16 23:47:35 EST","2025-06-21 14:55:39 EDT","2025-06-21 14:55:38 EDT","2025-06-21 14:55:39 EDT",7355,Allocated,Allocated,unknown,"/img_imagen_victima.img/vol_vol5/usr/share/doc/git/RelNotes/1.5.2.txt",,,text/plain,txt
1.8.3.2.txt,"2020-02-16 23:47:35 EST","2025-06-21 14:55:40 EDT","2025-06-21 14:55:38 EDT","2025-06-21 14:55:39 EDT",2406,Allocated,Allocated,unknown,"/img_imagen_victima.img/vol_vol5/usr/share/doc/git/RelNotes/1.8.3.2.txt",,,text/plain,txt
1.8.4.4.txt,"2020-02-16 23:47:35 EST","2025-06-21 14:55:40 EDT","2025-06-21 14:55:38 EDT","2025-06-21 14:55:39 EDT",342,Allocated,Allocated,unknown,"/img_imagen_victima.img/vol_vol5/usr/share/doc/git/RelNotes/1.8.4.4.txt",,,text/plain,txt
1.7.2.4.txt,"2020-02-16 23:47:35 EST","2025-06-21 14:55:40 EDT","2025-06-21 14:55:38 EDT","2025-06-21 14:55:39 EDT",452,Allocated,Allocated,unknown,"/img_imagen_victima.img/vol_vol5/usr/share/doc/git/RelNotes/1.7.2.4.txt",,,text/plain,txt
1.5.0.7.txt,"2020-02-16 23:47:35 EST","2025-06-21 14:55:39 EDT","2025-06-21 14:55:38 EDT","2025-06-21 14:55:39 EDT",482,Allocated,Allocated,unknown,"/img_imagen_victima.img/vol_vol5/usr/share/doc/git/RelNotes/1.5.0.7.txt",,,text/plain,txt
1.5.1.5.txt,"2020-02-16 23:47:35 EST","2025-06-21 14:55:39 EDT","2025-06-21 14:55:38 EDT","2025-06-21 14:55:39 EDT",1430,Allocated,Allocated,unknown,"/img_imagen_victima.img/vol_vol5/usr/share/doc/git/RelNotes/1.5.1.5.txt",,,text/plain,txt
1.5.6.5.txt,"2020-02-16 23:47:35 EST","2025-06-21 14:55:39 EDT","2025-06-21 14:55:38 EDT","2025-06-21 14:55:39 EDT",1041,Allocated,Allocated,unknown,"/img_imagen_victima.img/vol_vol5/usr/share/doc/git/RelNotes/1.5.6.5.txt",,,text/plain,txt
2.4.11.txt,"2020-02-16 23:47:35 EST","2025-06-21 14:55:40 EDT","2025-06-21 14:55:38 EDT","2025-06-21 14:55:39 EDT",424,Allocated,Allocated,unknown,"/img_imagen_victima.img/vol_vol5/usr/share/doc/git/RelNotes/2.4.11.txt",,,text/plain,txt
2.14.0.txt,"2020-02-16 23:47:35 EST","2025-06-21 14:55:40 EDT","2025-06-21 14:55:38 EDT","2025-06-21 14:55:39 EDT",22728,Allocated,Allocated,unknown,"/img_imagen_victima.img/vol_vol5/usr/share/doc/git/RelNotes/2.14.0.txt",,,text/plain,txt
2.17.1.txt,"2020-02-16 23:47:35 EST","2025-06-21 14:55:40 EDT","2025-06-21 14:55:38 EDT","2025-06-21 14:55:39 EDT",617,Allocated,Allocated,unknown,"/img_imagen_victima.img/vol_vol5/usr/share/doc/git/RelNotes/2.17.1.txt",,,text/plain,txt
1.8.5.txt,"2020-02-16 23:47:35 EST","2025-06-21 14:55:40 EDT","2025-06-21 14:55:38 EDT","2025-06-21 14:55:39 EDT",20348,Allocated,Allocated,unknown,"/img_imagen_victima.img/vol_vol5/usr/share/doc/git/RelNotes/1.8.5.txt",,,text/plain,txt
1.5.6.4.txt,"2020-02-16 23:47:35 EST","2025-06-21 14:55:39 EDT","2025-06-21 14:55:38 EDT","2025-06-21 14:55:39 EDT",1573,Allocated,Allocated,unknown,"/img_imagen_victima.img/vol_vol5/usr/share/doc/git/RelNotes/1.5.6.4.txt",,,text/plain,txt
1.9.0.txt,"2020-02-16 23:47:35 EST","2025-06-21 14:55:40 EDT","2025-06-21 14:55:38 EDT","2025-06-21 14:55:39 EDT",15197,Allocated,Allocated,unknown,"/img_imagen_victima.img/vol_vol5/usr/share/doc/git/RelNotes/1.9.0.txt",,,text/plain,txt
1.8.2.2.txt,"2020-02-16 23:47:35 EST","2025-06-21 14:55:40 EDT","2025-06-21 14:55:38 EDT","2025-06-21 14:55:39 EDT",2438,Allocated,Allocated,unknown,"/img_imagen_victima.img/vol_vol5/usr/share/doc/git/RelNotes/1.8.2.2.txt",,,text/plain,txt
1.7.10.1.txt,"2020-02-16 23:47:35 EST","2025-06-21 14:55:40 EDT","2025-06-21 14:55:38 EDT","2025-06-21 14:55:39 EDT",3073,Allocated,Allocated,unknown,"/img_imagen_victima.img/vol_vol5/usr/share/doc/git/RelNotes/1.7.10.1.txt",,,text/plain,txt
1.7.10.3.txt,"2020-02-16 23:47:35 EST","2025-06-21 14:55:40 EDT","2025-06-21 14:55:38 EDT","2025-06-21 14:55:39 EDT",1876,Allocated,Allocated,unknown,"/img_imagen_victima.img/vol_vol5/usr/share/doc/git/RelNotes/1.7.10.3.txt",,,text/plain,txt
1.5.5.5.txt,"2020-02-16 23:47:35 EST","2025-06-21 14:55:39 EDT","2025-06-21 14:55:38 EDT","2025-06-21 14:55:39 EDT",449,Allocated,Allocated,unknown,"/img_imagen_victima.img/vol_vol5/usr/share/doc/git/RelNotes/1.5.5.5.txt",,,text/plain,txt
1.5.5.3.txt,"2020-02-16 23:47:35 EST","2025-06-21 14:55:39 EDT","2025-06-21 14:55:38 EDT","2025-06-21 14:55:39 EDT",305,Allocated,Allocated,unknown,"/img_imagen_victima.img/vol_vol5/usr/share/doc/git/RelNotes/1.5.5.3.txt",,,text/plain,txt
2.4.5.txt,"2020-02-16 23:47:35 EST","2025-06-21 14:55:40 EDT","2025-06-21 14:55:38 EDT","2025-06-21 14:55:39 EDT",1066,Allocated,Allocated,unknown,"/img_imagen_victima.img/vol_vol5/usr/share/doc/git/RelNotes/2.4.5.txt",,,text/plain,txt
1.6.3.2.txt,"2020-02-16 23:47:35 EST","2025-06-21 14:55:39 EDT","2025-06-21 14:55:38 EDT","2025-06-21 14:55:39 EDT",2271,Allocated,Allocated,unknown,"/img_imagen_victima.img/vol_vol5/usr/share/doc/git/RelNotes/1.6.3.2.txt",,,text/plain,txt
1.9.3.txt,"2020-02-16 23:47:35 EST","2025-06-21 14:55:40 EDT","2025-06-21 14:55:38 EDT","2025-06-21 14:55:39 EDT",635,Allocated,Allocated,unknown,"/img_imagen_victima.img/vol_vol5/usr/share/doc/git/RelNotes/1.9.3.txt",,,text/plain,txt
2.0.0.txt,"2020-02-16 23:47:35 EST","2025-06-21 14:55:40 EDT","2025-06-21 14:55:38 EDT","2025-06-21 14:55:39 EDT",15911,Allocated,Allocated,unknown,"/img_imagen_victima.img/vol_vol5/usr/share/doc/git/RelNotes/2.0.0.txt",,,text/plain,txt
2.14.3.txt,"2020-02-16 23:47:35 EST","2025-06-21 14:55:40 EDT","2025-06-21 14:55:38 EDT","2025-06-21 14:55:39 EDT",4010,Allocated,Allocated,unknown,"/img_imagen_victima.img/vol_vol5/usr/share/doc/git/RelNotes/2.14.3.txt",,,text/plain,txt
1.7.10.5.txt,"2020-02-16 23:47:35 EST","2025-06-21 14:55:40 EDT","2025-06-21 14:55:38 EDT","2025-06-21 14:55:39 EDT",397,Allocated,Allocated,unknown,"/img_imagen_victima.img/vol_vol5/usr/share/doc/git/RelNotes/1.7.10.5.txt",,,text/plain,txt
1.6.2.4.txt,"2020-02-16 23:47:35 EST","2025-06-21 14:55:39 EDT","2025-06-21 14:55:38 EDT","2025-06-21 14:55:39 EDT",1351,Allocated,Allocated,unknown,"/img_imagen_victima.img/vol_vol5/usr/share/doc/git/RelNotes/1.6.2.4.txt",,,text/plain,txt
2.22.1.txt,"2020-02-16 23:47:35 EST","2025-06-21 14:55:40 EDT","2025-06-21 14:55:38 EDT","2025-06-21 14:55:39 EDT",6233,Allocated,Allocated,unknown,"/img_imagen_victima.img/vol_vol5/usr/share/doc/git/RelNotes/2.22.1.txt",,,text/plain,txt
2.21.1.txt,"2020-02-16 23:47:35 EST","2025-06-21 14:55:40 EDT","2025-06-21 14:55:38 EDT","2025-06-21 14:55:39 EDT",530,Allocated,Allocated,unknown,"/img_imagen_victima.img/vol_vol5/usr/share/doc/git/RelNotes/2.21.1.txt",,,text/plain,txt
1.7.5.4.txt,"2020-02-16 23:47:35 EST","2025-06-21 14:55:40 EDT","2025-06-21 14:55:38 EDT","2025-06-21 14:55:39 EDT",754,Allocated,Allocated,unknown,"/img_imagen_victima.img/vol_vol5/usr/share/doc/git/RelNotes/1.7.5.4.txt",,,text/plain,txt
2.4.8.txt,"2020-02-16 23:47:35 EST","2025-06-21 14:55:40 EDT","2025-06-21 14:55:38 EDT","2025-06-21 14:55:39 EDT",704,Allocated,Allocated,unknown,"/img_imagen_victima.img/vol_vol5/usr/share/doc/git/RelNotes/2.4.8.txt",,,text/plain,txt
2.23.1.txt,"2020-02-16 23:47:35 EST","2025-06-21 14:55:40 EDT","2025-06-21 14:55:38 EDT","2025-06-21 14:55:39 EDT",377,Allocated,Allocated,unknown,"/img_imagen_victima.img/vol_vol5/usr/share/doc/git/RelNotes/2.23.1.txt",,,text/plain,txt
1.8.1.2.txt,"2020-02-16 23:47:35 EST","2025-06-21 14:55:40 EDT","2025-06-21 14:55:38 EDT","2025-06-21 14:55:39 EDT",991,Allocated,Allocated,unknown,"/img_imagen_victima.img/vol_vol5/usr/share/doc/git/RelNotes/1.8.1.2.txt",,,text/plain,txt
1.8.3.1.txt,"2020-02-16 23:47:35 EST","2025-06-21 14:55:40 EDT","2025-06-21 14:55:38 EDT","2025-06-21 14:55:39 EDT",433,Allocated,Allocated,unknown,"/img_imagen_victima.img/vol_vol5/usr/share/doc/git/RelNotes/1.8.3.1.txt",,,text/plain,txt
1.6.4.3.txt,"2020-02-16 23:47:35 EST","2025-06-21 14:55:39 EDT","2025-06-21 14:55:38 EDT","2025-06-21 14:55:39 EDT",1146,Allocated,Allocated,unknown,"/img_imagen_victima.img/vol_vol5/usr/share/doc/git/RelNotes/1.6.4.3.txt",,,text/plain,txt
1.5.1.3.txt,"2020-02-16 23:47:35 EST","2025-06-21 14:55:39 EDT","2025-06-21 14:55:38 EDT","2025-06-21 14:55:39 EDT",1566,Allocated,Allocated,unknown,"/img_imagen_victima.img/vol_vol5/usr/share/doc/git/RelNotes/1.5.1.3.txt",,,text/plain,txt
1.6.5.txt,"2020-02-16 23:47:35 EST","2025-06-21 14:55:39 EDT","2025-06-21 14:55:38 EDT","2025-06-21 14:55:39 EDT",6290,Allocated,Allocated,unknown,"/img_imagen_victima.img/vol_vol5/usr/share/doc/git/RelNotes/1.6.5.txt",,,text/plain,txt
1.7.2.3.txt,"2020-02-16 23:47:35 EST","2025-06-21 14:55:40 EDT","2025-06-21 14:55:38 EDT","2025-06-21 14:55:39 EDT",1355,Allocated,Allocated,unknown,"/img_imagen_victima.img/vol_vol5/usr/share/doc/git/RelNotes/1.7.2.3.txt",,,text/plain,txt
2.13.5.txt,"2020-02-16 23:47:35 EST","2025-06-21 14:55:40 EDT","2025-06-21 14:55:38 EDT","2025-06-21 14:55:39 EDT",124,Allocated,Allocated,unknown,"/img_imagen_victima.img/vol_vol5/usr/share/doc/git/RelNotes/2.13.5.txt",,,text/plain,txt
1.8.1.3.txt,"2020-02-16 23:47:35 EST","2025-06-21 14:55:40 EDT","2025-06-21 14:55:38 EDT","2025-06-21 14:55:39 EDT",1740,Allocated,Allocated,unknown,"/img_imagen_victima.img/vol_vol5/usr/share/doc/git/RelNotes/1.8.1.3.txt",,,text/plain,txt
2.7.2.txt,"2020-02-16 23:47:35 EST","2025-06-21 14:55:40 EDT","2025-06-21 14:55:38 EDT","2025-06-21 14:55:39 EDT",1739,Allocated,Allocated,unknown,"/img_imagen_victima.img/vol_vol5/usr/share/doc/git/RelNotes/2.7.2.txt",,,text/plain,txt
1.7.8.4.txt,"2020-02-16 23:47:35 EST","2025-06-21 14:55:40 EDT","2025-06-21 14:55:38 EDT","2025-06-21 14:55:39 EDT",921,Allocated,Allocated,unknown,"/img_imagen_victima.img/vol_vol5/usr/share/doc/git/RelNotes/1.7.8.4.txt",,,text/plain,txt
1.5.5.1.txt,"2020-02-16 23:47:35 EST","2025-06-21 14:55:39 EDT","2025-06-21 14:55:38 EDT","2025-06-21 14:55:39 EDT",1499,Allocated,Allocated,unknown,"/img_imagen_victima.img/vol_vol5/usr/share/doc/git/RelNotes/1.5.5.1.txt",,,text/plain,txt
2.0.2.txt,"2020-02-16 23:47:35 EST","2025-06-21 14:55:40 EDT","2025-06-21 14:55:38 EDT","2025-06-21 14:55:39 EDT",1350,Allocated,Allocated,unknown,"/img_imagen_victima.img/vol_vol5/usr/share/doc/git/RelNotes/2.0.2.txt",,,text/plain,txt
1.7.7.2.txt,"2020-02-16 23:47:35 EST","2025-06-21 14:55:40 EDT","2025-06-21 14:55:38 EDT","2025-06-21 14:55:39 EDT",1630,Allocated,Allocated,unknown,"/img_imagen_victima.img/vol_vol5/usr/share/doc/git/RelNotes/1.7.7.2.txt",,,text/plain,txt
2.12.5.txt,"2020-02-16 23:47:35 EST","2025-06-21 14:55:40 EDT","2025-06-21 14:55:38 EDT","2025-06-21 14:55:39 EDT",561,Allocated,Allocated,unknown,"/img_imagen_victima.img/vol_vol5/usr/share/doc/git/RelNotes/2.12.5.txt",,,text/plain,txt
1.7.9.3.txt,"2020-02-16 23:47:35 EST","2025-06-21 14:55:40 EDT","2025-06-21 14:55:38 EDT","2025-06-21 14:55:39 EDT",1958,Allocated,Allocated,unknown,"/img_imagen_victima.img/vol_vol5/usr/share/doc/git/RelNotes/1.7.9.3.txt",,,text/plain,txt
2.2.2.txt,"2020-02-16 23:47:35 EST","2025-06-21 14:55:40 EDT","2025-06-21 14:55:38 EDT","2025-06-21 14:55:39 EDT",2357,Allocated,Allocated,unknown,"/img_imagen_victima.img/vol_vol5/usr/share/doc/git/RelNotes/2.2.2.txt",,,text/plain,txt
2.8.0.txt,"2020-02-16 23:47:35 EST","2025-06-21 14:55:40 EDT","2025-06-21 14:55:38 EDT","2025-06-21 14:55:39 EDT",19681,Allocated,Allocated,unknown,"/img_imagen_victima.img/vol_vol5/usr/share/doc/git/RelNotes/2.8.0.txt",,,text/plain,txt
2.9.1.txt,"2020-02-16 23:47:35 EST","2025-06-21 14:55:40 EDT","2025-06-21 14:55:38 EDT","2025-06-21 14:55:39 EDT",4930,Allocated,Allocated,unknown,"/img_imagen_victima.img/vol_vol5/usr/share/doc/git/RelNotes/2.9.1.txt",,,text/plain,txt
2.8.3.txt,"2020-02-16 23:47:35 EST","2025-06-21 14:55:40 EDT","2025-06-21 14:55:38 EDT","2025-06-21 14:55:39 EDT",4433,Allocated,Allocated,unknown,"/img_imagen_victima.img/vol_vol5/usr/share/doc/git/RelNotes/2.8.3.txt",,,text/plain,txt
2.9.2.txt,"2020-02-16 23:47:35 EST","2025-06-21 14:55:40 EDT","2025-06-21 14:55:38 EDT","2025-06-21 14:55:39 EDT",427,Allocated,Allocated,unknown,"/img_imagen_victima.img/vol_vol5/usr/share/doc/git/RelNotes/2.9.2.txt",,,text/plain,txt
1.6.5.4.txt,"2020-02-16 23:47:35 EST","2025-06-21 14:55:39 EDT","2025-06-21 14:55:38 EDT","2025-06-21 14:55:39 EDT",1274,Allocated,Allocated,unknown,"/img_imagen_victima.img/vol_vol5/usr/share/doc/git/RelNotes/1.6.5.4.txt",,,text/plain,txt
2.25.0.txt,"2020-02-16 23:47:35 EST","2025-06-21 14:55:40 EDT","2025-06-21 14:55:38 EDT","2025-06-21 14:55:39 EDT",16410,Allocated,Allocated,unknown,"/img_imagen_victima.img/vol_vol5/usr/share/doc/git/RelNotes/2.25.0.txt",,,text/plain,txt
1.7.4.3.txt,"2020-02-16 23:47:35 EST","2025-06-21 14:55:40 EDT","2025-06-21 14:55:38 EDT","2025-06-21 14:55:39 EDT",1245,Allocated,Allocated,unknown,"/img_imagen_victima.img/vol_vol5/usr/share/doc/git/RelNotes/1.7.4.3.txt",,,text/plain,txt
1.5.2.2.txt,"2020-02-16 23:47:35 EST","2025-06-21 14:55:39 EDT","2025-06-21 14:55:38 EDT","2025-06-21 14:55:39 EDT",2086,Allocated,Allocated,unknown,"/img_imagen_victima.img/vol_vol5/usr/share/doc/git/RelNotes/1.5.2.2.txt",,,text/plain,txt
2.20.1.txt,"2020-02-16 23:47:35 EST","2025-06-21 14:55:40 EDT","2025-06-21 14:55:38 EDT","2025-06-21 14:55:39 EDT",616,Allocated,Allocated,unknown,"/img_imagen_victima.img/vol_vol5/usr/share/doc/git/RelNotes/2.20.1.txt",,,text/plain,txt
2.1.4.txt,"2020-02-16 23:47:35 EST","2025-06-21 14:55:40 EDT","2025-06-21 14:55:38 EDT","2025-06-21 14:55:39 EDT",1678,Allocated,Allocated,unknown,"/img_imagen_victima.img/vol_vol5/usr/share/doc/git/RelNotes/2.1.4.txt",,,text/plain,txt
1.5.3.txt,"2020-02-16 23:47:35 EST","2025-06-21 14:55:39 EDT","2025-06-21 14:55:38 EDT","2025-06-21 14:55:39 EDT",14030,Allocated,Allocated,unknown,"/img_imagen_victima.img/vol_vol5/usr/share/doc/git/RelNotes/1.5.3.txt",,,text/plain,txt
1.6.6.3.txt,"2020-02-16 23:47:35 EST","2025-06-21 14:55:39 EDT","2025-06-21 14:55:38 EDT","2025-06-21 14:55:39 EDT",751,Allocated,Allocated,unknown,"/img_imagen_victima.img/vol_vol5/usr/share/doc/git/RelNotes/1.6.6.3.txt",,,text/plain,txt
1.7.11.2.txt,"2020-02-16 23:47:35 EST","2025-06-21 14:55:40 EDT","2025-06-21 14:55:38 EDT","2025-06-21 14:55:39 EDT",2291,Allocated,Allocated,unknown,"/img_imagen_victima.img/vol_vol5/usr/share/doc/git/RelNotes/1.7.11.2.txt",,,text/plain,txt
1.7.12.4.txt,"2020-02-16 23:47:35 EST","2025-06-21 14:55:40 EDT","2025-06-21 14:55:38 EDT","2025-06-21 14:55:39 EDT",712,Allocated,Allocated,unknown,"/img_imagen_victima.img/vol_vol5/usr/share/doc/git/RelNotes/1.7.12.4.txt",,,text/plain,txt
2.17.3.txt,"2020-02-16 23:47:35 EST","2025-06-21 14:55:40 EDT","2025-06-21 14:55:38 EDT","2025-06-21 14:55:39 EDT",490,Allocated,Allocated,unknown,"/img_imagen_victima.img/vol_vol5/usr/share/doc/git/RelNotes/2.17.3.txt",,,text/plain,txt
2.15.4.txt,"2020-02-16 23:47:35 EST","2025-06-21 14:55:40 EDT","2025-06-21 14:55:38 EDT","2025-06-21 14:55:39 EDT",482,Allocated,Allocated,unknown,"/img_imagen_victima.img/vol_vol5/usr/share/doc/git/RelNotes/2.15.4.txt",,,text/plain,txt
1.8.4.txt,"2020-02-16 23:47:35 EST","2025-06-21 14:55:40 EDT","2025-06-21 14:55:38 EDT","2025-06-21 14:55:39 EDT",21253,Allocated,Allocated,unknown,"/img_imagen_victima.img/vol_vol5/usr/share/doc/git/RelNotes/1.8.4.txt",,,text/plain,txt
2.3.6.txt,"2020-02-16 23:47:35 EST","2025-06-21 14:55:40 EDT","2025-06-21 14:55:38 EDT","2025-06-21 14:55:39 EDT",400,Allocated,Allocated,unknown,"/img_imagen_victima.img/vol_vol5/usr/share/doc/git/RelNotes/2.3.6.txt",,,text/plain,txt
1.7.11.1.txt,"2020-02-16 23:47:35 EST","2025-06-21 14:55:40 EDT","2025-06-21 14:55:38 EDT","2025-06-21 14:55:39 EDT",224,Allocated,Allocated,unknown,"/img_imagen_victima.img/vol_vol5/usr/share/doc/git/RelNotes/1.7.11.1.txt",,,text/plain,txt
1.5.3.4.txt,"2020-02-16 23:47:35 EST","2025-06-21 14:55:39 EDT","2025-06-21 14:55:38 EDT","2025-06-21 14:55:39 EDT",1208,Allocated,Allocated,unknown,"/img_imagen_victima.img/vol_vol5/usr/share/doc/git/RelNotes/1.5.3.4.txt",,,text/plain,txt
2.11.4.txt,"2020-02-16 23:47:35 EST","2025-06-21 14:55:40 EDT","2025-06-21 14:55:38 EDT","2025-06-21 14:55:39 EDT",561,Allocated,Allocated,unknown,"/img_imagen_victima.img/vol_vol5/usr/share/doc/git/RelNotes/2.11.4.txt",,,text/plain,txt
1.7.10.4.txt,"2020-02-16 23:47:35 EST","2025-06-21 14:55:40 EDT","2025-06-21 14:55:38 EDT","2025-06-21 14:55:39 EDT",1057,Allocated,Allocated,unknown,"/img_imagen_victima.img/vol_vol5/usr/share/doc/git/RelNotes/1.7.10.4.txt",,,text/plain,txt
2.5.6.txt,"2020-02-16 23:47:35 EST","2025-06-21 14:55:40 EDT","2025-06-21 14:55:38 EDT","2025-06-21 14:55:39 EDT",475,Allocated,Allocated,unknown,"/img_imagen_victima.img/vol_vol5/usr/share/doc/git/RelNotes/2.5.6.txt",,,text/plain,txt
2.4.0.txt,"2020-02-16 23:47:35 EST","2025-06-21 14:55:40 EDT","2025-06-21 14:55:38 EDT","2025-06-21 14:55:39 EDT",22110,Allocated,Allocated,unknown,"/img_imagen_victima.img/vol_vol5/usr/share/doc/git/RelNotes/2.4.0.txt",,,text/plain,txt
1.6.4.2.txt,"2020-02-16 23:47:35 EST","2025-06-21 14:55:39 EDT","2025-06-21 14:55:38 EDT","2025-06-21 14:55:39 EDT",1210,Allocated,Allocated,unknown,"/img_imagen_victima.img/vol_vol5/usr/share/doc/git/RelNotes/1.6.4.2.txt",,,text/plain,txt
2.19.2.txt,"2020-02-16 23:47:35 EST","2025-06-21 14:55:40 EDT","2025-06-21 14:55:38 EDT","2025-06-21 14:55:39 EDT",4446,Allocated,Allocated,unknown,"/img_imagen_victima.img/vol_vol5/usr/share/doc/git/RelNotes/2.19.2.txt",,,text/plain,txt
1.8.1.6.txt,"2020-02-16 23:47:35 EST","2025-06-21 14:55:40 EDT","2025-06-21 14:55:38 EDT","2025-06-21 14:55:39 EDT",1563,Allocated,Allocated,unknown,"/img_imagen_victima.img/vol_vol5/usr/share/doc/git/RelNotes/1.8.1.6.txt",,,text/plain,txt
2.4.4.txt,"2020-02-16 23:47:35 EST","2025-06-21 14:55:40 EDT","2025-06-21 14:55:38 EDT","2025-06-21 14:55:39 EDT",1230,Allocated,Allocated,unknown,"/img_imagen_victima.img/vol_vol5/usr/share/doc/git/RelNotes/2.4.4.txt",,,text/plain,txt
1.7.4.txt,"2020-02-16 23:47:35 EST","2025-06-21 14:55:40 EDT","2025-06-21 14:55:38 EDT","2025-06-21 14:55:39 EDT",6502,Allocated,Allocated,unknown,"/img_imagen_victima.img/vol_vol5/usr/share/doc/git/RelNotes/1.7.4.txt",,,text/plain,txt
1.7.9.1.txt,"2020-02-16 23:47:35 EST","2025-06-21 14:55:40 EDT","2025-06-21 14:55:38 EDT","2025-06-21 14:55:39 EDT",2461,Allocated,Allocated,unknown,"/img_imagen_victima.img/vol_vol5/usr/share/doc/git/RelNotes/1.7.9.1.txt",,,text/plain,txt
1.5.3.2.txt,"2020-02-16 23:47:35 EST","2025-06-21 14:55:39 EDT","2025-06-21 14:55:38 EDT","2025-06-21 14:55:39 EDT",1931,Allocated,Allocated,unknown,"/img_imagen_victima.img/vol_vol5/usr/share/doc/git/RelNotes/1.5.3.2.txt",,,text/plain,txt
2.22.2.txt,"2020-02-16 23:47:35 EST","2025-06-21 14:55:40 EDT","2025-06-21 14:55:38 EDT","2025-06-21 14:55:39 EDT",377,Allocated,Allocated,unknown,"/img_imagen_victima.img/vol_vol5/usr/share/doc/git/RelNotes/2.22.2.txt",,,text/plain,txt
1.7.3.txt,"2020-02-16 23:47:35 EST","2025-06-21 14:55:40 EDT","2025-06-21 14:55:38 EDT","2025-06-21 14:55:39 EDT",2642,Allocated,Allocated,unknown,"/img_imagen_victima.img/vol_vol5/usr/share/doc/git/RelNotes/1.7.3.txt",,,text/plain,txt
2.3.9.txt,"2020-02-16 23:47:35 EST","2025-06-21 14:55:40 EDT","2025-06-21 14:55:38 EDT","2025-06-21 14:55:39 EDT",284,Allocated,Allocated,unknown,"/img_imagen_victima.img/vol_vol5/usr/share/doc/git/RelNotes/2.3.9.txt",,,text/plain,txt
1.7.8.6.txt,"2020-02-16 23:47:35 EST","2025-06-21 14:55:40 EDT","2025-06-21 14:55:38 EDT","2025-06-21 14:55:39 EDT",621,Allocated,Allocated,unknown,"/img_imagen_victima.img/vol_vol5/usr/share/doc/git/RelNotes/1.7.8.6.txt",,,text/plain,txt
1.5.0.5.txt,"2020-02-16 23:47:35 EST","2025-06-21 14:55:39 EDT","2025-06-21 14:55:38 EDT","2025-06-21 14:55:39 EDT",609,Allocated,Allocated,unknown,"/img_imagen_victima.img/vol_vol5/usr/share/doc/git/RelNotes/1.5.0.5.txt",,,text/plain,txt
1.7.2.2.txt,"2020-02-16 23:47:35 EST","2025-06-21 14:55:40 EDT","2025-06-21 14:55:38 EDT","2025-06-21 14:55:39 EDT",695,Allocated,Allocated,unknown,"/img_imagen_victima.img/vol_vol5/usr/share/doc/git/RelNotes/1.7.2.2.txt",,,text/plain,txt
1.7.0.1.txt,"2020-02-16 23:47:35 EST","2025-06-21 14:55:39 EDT","2025-06-21 14:55:38 EDT","2025-06-21 14:55:39 EDT",1287,Allocated,Allocated,unknown,"/img_imagen_victima.img/vol_vol5/usr/share/doc/git/RelNotes/1.7.0.1.txt",,,text/plain,txt
1.5.0.1.txt,"2020-02-16 23:47:35 EST","2025-06-21 14:55:39 EDT","2025-06-21 14:55:38 EDT","2025-06-21 14:55:39 EDT",1255,Allocated,Allocated,unknown,"/img_imagen_victima.img/vol_vol5/usr/share/doc/git/RelNotes/1.5.0.1.txt",,,text/plain,txt
2.12.2.txt,"2020-02-16 23:47:35 EST","2025-06-21 14:55:40 EDT","2025-06-21 14:55:38 EDT","2025-06-21 14:55:39 EDT",3614,Allocated,Allocated,unknown,"/img_imagen_victima.img/vol_vol5/usr/share/doc/git/RelNotes/2.12.2.txt",,,text/plain,txt
1.8.2.3.txt,"2020-02-16 23:47:35 EST","2025-06-21 14:55:40 EDT","2025-06-21 14:55:38 EDT","2025-06-21 14:55:39 EDT",672,Allocated,Allocated,unknown,"/img_imagen_victima.img/vol_vol5/usr/share/doc/git/RelNotes/1.8.2.3.txt",,,text/plain,txt
1.6.6.1.txt,"2020-02-16 23:47:35 EST","2025-06-21 14:55:39 EDT","2025-06-21 14:55:38 EDT","2025-06-21 14:55:39 EDT",1230,Allocated,Allocated,unknown,"/img_imagen_victima.img/vol_vol5/usr/share/doc/git/RelNotes/1.6.6.1.txt",,,text/plain,txt
1.8.3.3.txt,"2020-02-16 23:47:35 EST","2025-06-21 14:55:40 EDT","2025-06-21 14:55:38 EDT","2025-06-21 14:55:39 EDT",1778,Allocated,Allocated,unknown,"/img_imagen_victima.img/vol_vol5/usr/share/doc/git/RelNotes/1.8.3.3.txt",,,text/plain,txt
1.6.4.1.txt,"2020-02-16 23:47:35 EST","2025-06-21 14:55:39 EDT","2025-06-21 14:55:38 EDT","2025-06-21 14:55:39 EDT",1906,Allocated,Allocated,unknown,"/img_imagen_victima.img/vol_vol5/usr/share/doc/git/RelNotes/1.6.4.1.txt",,,text/plain,txt
2.20.2.txt,"2020-02-16 23:47:35 EST","2025-06-21 14:55:40 EDT","2025-06-21 14:55:38 EDT","2025-06-21 14:55:39 EDT",828,Allocated,Allocated,unknown,"/img_imagen_victima.img/vol_vol5/usr/share/doc/git/RelNotes/2.20.2.txt",,,text/plain,txt
1.9.5.txt,"2020-02-16 23:47:35 EST","2025-06-21 14:55:40 EDT","2025-06-21 14:55:38 EDT","2025-06-21 14:55:39 EDT",1678,Allocated,Allocated,unknown,"/img_imagen_victima.img/vol_vol5/usr/share/doc/git/RelNotes/1.9.5.txt",,,text/plain,txt
2.13.7.txt,"2020-02-16 23:47:35 EST","2025-06-21 14:55:40 EDT","2025-06-21 14:55:38 EDT","2025-06-21 14:55:39 EDT",780,Allocated,Allocated,unknown,"/img_imagen_victima.img/vol_vol5/usr/share/doc/git/RelNotes/2.13.7.txt",,,text/plain,txt
1.6.5.3.txt,"2020-02-16 23:47:35 EST","2025-06-21 14:55:39 EDT","2025-06-21 14:55:38 EDT","2025-06-21 14:55:39 EDT",2485,Allocated,Allocated,unknown,"/img_imagen_victima.img/vol_vol5/usr/share/doc/git/RelNotes/1.6.5.3.txt",,,text/plain,txt
2.16.3.txt,"2020-02-16 23:47:35 EST","2025-06-21 14:55:40 EDT","2025-06-21 14:55:38 EDT","2025-06-21 14:55:39 EDT",1757,Allocated,Allocated,unknown,"/img_imagen_victima.img/vol_vol5/usr/share/doc/git/RelNotes/2.16.3.txt",,,text/plain,txt
1.5.4.6.txt,"2020-02-16 23:47:35 EST","2025-06-21 14:55:39 EDT","2025-06-21 14:55:38 EDT","2025-06-21 14:55:39 EDT",1440,Allocated,Allocated,unknown,"/img_imagen_victima.img/vol_vol5/usr/share/doc/git/RelNotes/1.5.4.6.txt",,,text/plain,txt
1.7.11.3.txt,"2020-02-16 23:47:35 EST","2025-06-21 14:55:40 EDT","2025-06-21 14:55:38 EDT","2025-06-21 14:55:39 EDT",2314,Allocated,Allocated,unknown,"/img_imagen_victima.img/vol_vol5/usr/share/doc/git/RelNotes/1.7.11.3.txt",,,text/plain,txt
2.10.0.txt,"2020-02-16 23:47:35 EST","2025-06-21 14:55:40 EDT","2025-06-21 14:55:38 EDT","2025-06-21 14:55:39 EDT",30132,Allocated,Allocated,unknown,"/img_imagen_victima.img/vol_vol5/usr/share/doc/git/RelNotes/2.10.0.txt",,,text/plain,txt
2.8.6.txt,"2020-02-16 23:47:35 EST","2025-06-21 14:55:40 EDT","2025-06-21 14:55:38 EDT","2025-06-21 14:55:39 EDT",122,Allocated,Allocated,unknown,"/img_imagen_victima.img/vol_vol5/usr/share/doc/git/RelNotes/2.8.6.txt",,,text/plain,txt
2.7.0.txt,"2020-02-16 23:47:35 EST","2025-06-21 14:55:40 EDT","2025-06-21 14:55:38 EDT","2025-06-21 14:55:39 EDT",17498,Allocated,Allocated,unknown,"/img_imagen_victima.img/vol_vol5/usr/share/doc/git/RelNotes/2.7.0.txt",,,text/plain,txt
2.11.1.txt,"2020-02-16 23:47:35 EST","2025-06-21 14:55:40 EDT","2025-06-21 14:55:38 EDT","2025-06-21 14:55:39 EDT",6815,Allocated,Allocated,unknown,"/img_imagen_victima.img/vol_vol5/usr/share/doc/git/RelNotes/2.11.1.txt",,,text/plain,txt
1.7.5.1.txt,"2020-02-16 23:47:35 EST","2025-06-21 14:55:40 EDT","2025-06-21 14:55:38 EDT","2025-06-21 14:55:39 EDT",1905,Allocated,Allocated,unknown,"/img_imagen_victima.img/vol_vol5/usr/share/doc/git/RelNotes/1.7.5.1.txt",,,text/plain,txt
2.5.2.txt,"2020-02-16 23:47:35 EST","2025-06-21 14:55:40 EDT","2025-06-21 14:55:38 EDT","2025-06-21 14:55:39 EDT",2654,Allocated,Allocated,unknown,"/img_imagen_victima.img/vol_vol5/usr/share/doc/git/RelNotes/2.5.2.txt",,,text/plain,txt
2.23.0.txt,"2020-02-16 23:47:35 EST","2025-06-21 14:55:40 EDT","2025-06-21 14:55:38 EDT","2025-06-21 14:55:39 EDT",13943,Allocated,Allocated,unknown,"/img_imagen_victima.img/vol_vol5/usr/share/doc/git/RelNotes/2.23.0.txt",,,text/plain,txt
1.5.5.4.txt,"2020-02-16 23:47:35 EST","2025-06-21 14:55:39 EDT","2025-06-21 14:55:38 EDT","2025-06-21 14:55:39 EDT",140,Allocated,Allocated,unknown,"/img_imagen_victima.img/vol_vol5/usr/share/doc/git/RelNotes/1.5.5.4.txt",,,text/plain,txt
1.8.5.5.txt,"2020-02-16 23:47:35 EST","2025-06-21 14:55:40 EDT","2025-06-21 14:55:38 EDT","2025-06-21 14:55:39 EDT",1466,Allocated,Allocated,unknown,"/img_imagen_victima.img/vol_vol5/usr/share/doc/git/RelNotes/1.8.5.5.txt",,,text/plain,txt
1.6.6.2.txt,"2020-02-16 23:47:35 EST","2025-06-21 14:55:39 EDT","2025-06-21 14:55:38 EDT","2025-06-21 14:55:39 EDT",1599,Allocated,Allocated,unknown,"/img_imagen_victima.img/vol_vol5/usr/share/doc/git/RelNotes/1.6.6.2.txt",,,text/plain,txt
1.6.4.txt,"2020-02-16 23:47:35 EST","2025-06-21 14:55:39 EDT","2025-06-21 14:55:38 EDT","2025-06-21 14:55:39 EDT",5353,Allocated,Allocated,unknown,"/img_imagen_victima.img/vol_vol5/usr/share/doc/git/RelNotes/1.6.4.txt",,,text/plain,txt
1.6.2.3.txt,"2020-02-16 23:47:35 EST","2025-06-21 14:55:39 EDT","2025-06-21 14:55:38 EDT","2025-06-21 14:55:39 EDT",781,Allocated,Allocated,unknown,"/img_imagen_victima.img/vol_vol5/usr/share/doc/git/RelNotes/1.6.2.3.txt",,,text/plain,txt
1.8.5.3.txt,"2020-02-16 23:47:35 EST","2025-06-21 14:55:40 EDT","2025-06-21 14:55:38 EDT","2025-06-21 14:55:39 EDT",859,Allocated,Allocated,unknown,"/img_imagen_victima.img/vol_vol5/usr/share/doc/git/RelNotes/1.8.5.3.txt",,,text/plain,txt
2.18.0.txt,"2020-02-16 23:47:35 EST","2025-06-21 14:55:40 EDT","2025-06-21 14:55:38 EDT","2025-06-21 14:55:39 EDT",26784,Allocated,Allocated,unknown,"/img_imagen_victima.img/vol_vol5/usr/share/doc/git/RelNotes/2.18.0.txt",,,text/plain,txt
1.8.2.1.txt,"2020-02-16 23:47:35 EST","2025-06-21 14:55:40 EDT","2025-06-21 14:55:38 EDT","2025-06-21 14:55:39 EDT",4561,Allocated,Allocated,unknown,"/img_imagen_victima.img/vol_vol5/usr/share/doc/git/RelNotes/1.8.2.1.txt",,,text/plain,txt
2.11.0.txt,"2020-02-16 23:47:35 EST","2025-06-21 14:55:40 EDT","2025-06-21 14:55:38 EDT","2025-06-21 14:55:39 EDT",27992,Allocated,Allocated,unknown,"/img_imagen_victima.img/vol_vol5/usr/share/doc/git/RelNotes/2.11.0.txt",,,text/plain,txt
1.5.2.1.txt,"2020-02-16 23:47:35 EST","2025-06-21 14:55:39 EDT","2025-06-21 14:55:38 EDT","2025-06-21 14:55:39 EDT",1457,Allocated,Allocated,unknown,"/img_imagen_victima.img/vol_vol5/usr/share/doc/git/RelNotes/1.5.2.1.txt",,,text/plain,txt
1.6.0.1.txt,"2020-02-16 23:47:35 EST","2025-06-21 14:55:39 EDT","2025-06-21 14:55:38 EDT","2025-06-21 14:55:39 EDT",1188,Allocated,Allocated,unknown,"/img_imagen_victima.img/vol_vol5/usr/share/doc/git/RelNotes/1.6.0.1.txt",,,text/plain,txt
2.16.2.txt,"2020-02-16 23:47:35 EST","2025-06-21 14:55:40 EDT","2025-06-21 14:55:38 EDT","2025-06-21 14:55:39 EDT",1083,Allocated,Allocated,unknown,"/img_imagen_victima.img/vol_vol5/usr/share/doc/git/RelNotes/2.16.2.txt",,,text/plain,txt
1.7.6.6.txt,"2020-02-16 23:47:35 EST","2025-06-21 14:55:40 EDT","2025-06-21 14:55:38 EDT","2025-06-21 14:55:39 EDT",587,Allocated,Allocated,unknown,"/img_imagen_victima.img/vol_vol5/usr/share/doc/git/RelNotes/1.7.6.6.txt",,,text/plain,txt
1.8.0.txt,"2020-02-16 23:47:35 EST","2025-06-21 14:55:40 EDT","2025-06-21 14:55:38 EDT","2025-06-21 14:55:39 EDT",11072,Allocated,Allocated,unknown,"/img_imagen_victima.img/vol_vol5/usr/share/doc/git/RelNotes/1.8.0.txt",,,text/plain,txt
2.6.7.txt,"2020-02-16 23:47:35 EST","2025-06-21 14:55:40 EDT","2025-06-21 14:55:38 EDT","2025-06-21 14:55:39 EDT",475,Allocated,Allocated,unknown,"/img_imagen_victima.img/vol_vol5/usr/share/doc/git/RelNotes/2.6.7.txt",,,text/plain,txt
1.6.0.3.txt,"2020-02-16 23:47:35 EST","2025-06-21 14:55:39 EDT","2025-06-21 14:55:38 EDT","2025-06-21 14:55:39 EDT",4318,Allocated,Allocated,unknown,"/img_imagen_victima.img/vol_vol5/usr/share/doc/git/RelNotes/1.6.0.3.txt",,,text/plain,txt
2.0.1.txt,"2020-02-16 23:47:35 EST","2025-06-21 14:55:40 EDT","2025-06-21 14:55:38 EDT","2025-06-21 14:55:39 EDT",5171,Allocated,Allocated,unknown,"/img_imagen_victima.img/vol_vol5/usr/share/doc/git/RelNotes/2.0.1.txt",,,text/plain,txt
1.8.4.1.txt,"2020-02-16 23:47:35 EST","2025-06-21 14:55:40 EDT","2025-06-21 14:55:38 EDT","2025-06-21 14:55:39 EDT",3012,Allocated,Allocated,unknown,"/img_imagen_victima.img/vol_vol5/usr/share/doc/git/RelNotes/1.8.4.1.txt",,,text/plain,txt
2.11.3.txt,"2020-02-16 23:47:35 EST","2025-06-21 14:55:40 EDT","2025-06-21 14:55:38 EDT","2025-06-21 14:55:39 EDT",124,Allocated,Allocated,unknown,"/img_imagen_victima.img/vol_vol5/usr/share/doc/git/RelNotes/2.11.3.txt",,,text/plain,txt
1.7.3.3.txt,"2020-02-16 23:47:35 EST","2025-06-21 14:55:40 EDT","2025-06-21 14:55:38 EDT","2025-06-21 14:55:39 EDT",2075,Allocated,Allocated,unknown,"/img_imagen_victima.img/vol_vol5/usr/share/doc/git/RelNotes/1.7.3.3.txt",,,text/plain,txt
1.5.3.7.txt,"2020-02-16 23:47:35 EST","2025-06-21 14:55:39 EDT","2025-06-21 14:55:38 EDT","2025-06-21 14:55:39 EDT",1584,Allocated,Allocated,unknown,"/img_imagen_victima.img/vol_vol5/usr/share/doc/git/RelNotes/1.5.3.7.txt",,,text/plain,txt
1.7.9.4.txt,"2020-02-16 23:47:35 EST","2025-06-21 14:55:40 EDT","2025-06-21 14:55:38 EDT","2025-06-21 14:55:39 EDT",887,Allocated,Allocated,unknown,"/img_imagen_victima.img/vol_vol5/usr/share/doc/git/RelNotes/1.7.9.4.txt",,,text/plain,txt
2.5.0.txt,"2020-02-16 23:47:35 EST","2025-06-21 14:55:40 EDT","2025-06-21 14:55:38 EDT","2025-06-21 14:55:39 EDT",26158,Allocated,Allocated,unknown,"/img_imagen_victima.img/vol_vol5/usr/share/doc/git/RelNotes/2.5.0.txt",,,text/plain,txt
2.3.5.txt,"2020-02-16 23:47:35 EST","2025-06-21 14:55:40 EDT","2025-06-21 14:55:38 EDT","2025-06-21 14:55:39 EDT",1767,Allocated,Allocated,unknown,"/img_imagen_victima.img/vol_vol5/usr/share/doc/git/RelNotes/2.3.5.txt",,,text/plain,txt
2.9.5.txt,"2020-02-16 23:47:35 EST","2025-06-21 14:55:40 EDT","2025-06-21 14:55:38 EDT","2025-06-21 14:55:39 EDT",122,Allocated,Allocated,unknown,"/img_imagen_victima.img/vol_vol5/usr/share/doc/git/RelNotes/2.9.5.txt",,,text/plain,txt
1.5.5.2.txt,"2020-02-16 23:47:35 EST","2025-06-21 14:55:39 EDT","2025-06-21 14:55:38 EDT","2025-06-21 14:55:39 EDT",772,Allocated,Allocated,unknown,"/img_imagen_victima.img/vol_vol5/usr/share/doc/git/RelNotes/1.5.5.2.txt",,,text/plain,txt
1.7.3.1.txt,"2020-02-16 23:47:35 EST","2025-06-21 14:55:40 EDT","2025-06-21 14:55:38 EDT","2025-06-21 14:55:39 EDT",425,Allocated,Allocated,unknown,"/img_imagen_victima.img/vol_vol5/usr/share/doc/git/RelNotes/1.7.3.1.txt",,,text/plain,txt
2.2.0.txt,"2020-02-16 23:47:35 EST","2025-06-21 14:55:40 EDT","2025-06-21 14:55:38 EDT","2025-06-21 14:55:39 EDT",13338,Allocated,Allocated,unknown,"/img_imagen_victima.img/vol_vol5/usr/share/doc/git/RelNotes/2.2.0.txt",,,text/plain,txt
2.3.3.txt,"2020-02-16 23:47:35 EST","2025-06-21 14:55:40 EDT","2025-06-21 14:55:38 EDT","2025-06-21 14:55:39 EDT",1523,Allocated,Allocated,unknown,"/img_imagen_victima.img/vol_vol5/usr/share/doc/git/RelNotes/2.3.3.txt",,,text/plain,txt
1.5.6.3.txt,"2020-02-16 23:47:35 EST","2025-06-21 14:55:39 EDT","2025-06-21 14:55:38 EDT","2025-06-21 14:55:39 EDT",2113,Allocated,Allocated,unknown,"/img_imagen_victima.img/vol_vol5/usr/share/doc/git/RelNotes/1.5.6.3.txt",,,text/plain,txt
2.7.1.txt,"2020-02-16 23:47:35 EST","2025-06-21 14:55:40 EDT","2025-06-21 14:55:38 EDT","2025-06-21 14:55:39 EDT",3533,Allocated,Allocated,unknown,"/img_imagen_victima.img/vol_vol5/usr/share/doc/git/RelNotes/2.7.1.txt",,,text/plain,txt
2.12.1.txt,"2020-02-16 23:47:35 EST","2025-06-21 14:55:40 EDT","2025-06-21 14:55:38 EDT","2025-06-21 14:55:39 EDT",1611,Allocated,Allocated,unknown,"/img_imagen_victima.img/vol_vol5/usr/share/doc/git/RelNotes/2.12.1.txt",,,text/plain,txt
1.7.9.txt,"2020-02-16 23:47:35 EST","2025-06-21 14:55:40 EDT","2025-06-21 14:55:38 EDT","2025-06-21 14:55:39 EDT",4373,Allocated,Allocated,unknown,"/img_imagen_victima.img/vol_vol5/usr/share/doc/git/RelNotes/1.7.9.txt",,,text/plain,txt
2.13.0.txt,"2020-02-16 23:47:35 EST","2025-06-21 14:55:40 EDT","2025-06-21 14:55:38 EDT","2025-06-21 14:55:39 EDT",28222,Allocated,Allocated,unknown,"/img_imagen_victima.img/vol_vol5/usr/share/doc/git/RelNotes/2.13.0.txt",,,text/plain,txt
1.7.8.5.txt,"2020-02-16 23:47:35 EST","2025-06-21 14:55:40 EDT","2025-06-21 14:55:38 EDT","2025-06-21 14:55:39 EDT",606,Allocated,Allocated,unknown,"/img_imagen_victima.img/vol_vol5/usr/share/doc/git/RelNotes/1.7.8.5.txt",,,text/plain,txt
1.7.0.7.txt,"2020-02-16 23:47:35 EST","2025-06-21 14:55:39 EDT","2025-06-21 14:55:38 EDT","2025-06-21 14:55:39 EDT",467,Allocated,Allocated,unknown,"/img_imagen_victima.img/vol_vol5/usr/share/doc/git/RelNotes/1.7.0.7.txt",,,text/plain,txt
2.13.6.txt,"2020-02-16 23:47:35 EST","2025-06-21 14:55:40 EDT","2025-06-21 14:55:38 EDT","2025-06-21 14:55:39 EDT",561,Allocated,Allocated,unknown,"/img_imagen_victima.img/vol_vol5/usr/share/doc/git/RelNotes/2.13.6.txt",,,text/plain,txt
1.7.0.3.txt,"2020-02-16 23:47:35 EST","2025-06-21 14:55:39 EDT","2025-06-21 14:55:38 EDT","2025-06-21 14:55:39 EDT",1176,Allocated,Allocated,unknown,"/img_imagen_victima.img/vol_vol5/usr/share/doc/git/RelNotes/1.7.0.3.txt",,,text/plain,txt
2.14.5.txt,"2020-02-16 23:47:35 EST","2025-06-21 14:55:40 EDT","2025-06-21 14:55:38 EDT","2025-06-21 14:55:39 EDT",578,Allocated,Allocated,unknown,"/img_imagen_victima.img/vol_vol5/usr/share/doc/git/RelNotes/2.14.5.txt",,,text/plain,txt
1.6.3.3.txt,"2020-02-16 23:47:35 EST","2025-06-21 14:55:39 EDT","2025-06-21 14:55:38 EDT","2025-06-21 14:55:39 EDT",1379,Allocated,Allocated,unknown,"/img_imagen_victima.img/vol_vol5/usr/share/doc/git/RelNotes/1.6.3.3.txt",,,text/plain,txt
2.15.1.txt,"2020-02-16 23:47:35 EST","2025-06-21 14:55:40 EDT","2025-06-21 14:55:38 EDT","2025-06-21 14:55:39 EDT",3434,Allocated,Allocated,unknown,"/img_imagen_victima.img/vol_vol5/usr/share/doc/git/RelNotes/2.15.1.txt",,,text/plain,txt
2.21.0.txt,"2020-02-16 23:47:35 EST","2025-06-21 14:55:40 EDT","2025-06-21 14:55:38 EDT","2025-06-21 14:55:39 EDT",20130,Allocated,Allocated,unknown,"/img_imagen_victima.img/vol_vol5/usr/share/doc/git/RelNotes/2.21.0.txt",,,text/plain,txt
2.3.2.txt,"2020-02-16 23:47:35 EST","2025-06-21 14:55:40 EDT","2025-06-21 14:55:38 EDT","2025-06-21 14:55:39 EDT",3009,Allocated,Allocated,unknown,"/img_imagen_victima.img/vol_vol5/usr/share/doc/git/RelNotes/2.3.2.txt",,,text/plain,txt
2.3.10.txt,"2020-02-16 23:47:35 EST","2025-06-21 14:55:40 EDT","2025-06-21 14:55:38 EDT","2025-06-21 14:55:39 EDT",711,Allocated,Allocated,unknown,"/img_imagen_victima.img/vol_vol5/usr/share/doc/git/RelNotes/2.3.10.txt",,,text/plain,txt
1.6.2.2.txt,"2020-02-16 23:47:35 EST","2025-06-21 14:55:39 EDT","2025-06-21 14:55:38 EDT","2025-06-21 14:55:39 EDT",1508,Allocated,Allocated,unknown,"/img_imagen_victima.img/vol_vol5/usr/share/doc/git/RelNotes/1.6.2.2.txt",,,text/plain,txt
1.7.12.1.txt,"2020-02-16 23:47:35 EST","2025-06-21 14:55:40 EDT","2025-06-21 14:55:38 EDT","2025-06-21 14:55:39 EDT",5800,Allocated,Allocated,unknown,"/img_imagen_victima.img/vol_vol5/usr/share/doc/git/RelNotes/1.7.12.1.txt",,,text/plain,txt
1.6.2.1.txt,"2020-02-16 23:47:35 EST","2025-06-21 14:55:39 EDT","2025-06-21 14:55:38 EDT","2025-06-21 14:55:39 EDT",597,Allocated,Allocated,unknown,"/img_imagen_victima.img/vol_vol5/usr/share/doc/git/RelNotes/1.6.2.1.txt",,,text/plain,txt
2.2.1.txt,"2020-02-16 23:47:35 EST","2025-06-21 14:55:40 EDT","2025-06-21 14:55:38 EDT","2025-06-21 14:55:39 EDT",1674,Allocated,Allocated,unknown,"/img_imagen_victima.img/vol_vol5/usr/share/doc/git/RelNotes/2.2.1.txt",,,text/plain,txt
1.5.0.2.txt,"2020-02-16 23:47:35 EST","2025-06-21 14:55:39 EDT","2025-06-21 14:55:38 EDT","2025-06-21 14:55:39 EDT",2308,Allocated,Allocated,unknown,"/img_imagen_victima.img/vol_vol5/usr/share/doc/git/RelNotes/1.5.0.2.txt",,,text/plain,txt
2.14.4.txt,"2020-02-16 23:47:35 EST","2025-06-21 14:55:40 EDT","2025-06-21 14:55:38 EDT","2025-06-21 14:55:39 EDT",167,Allocated,Allocated,unknown,"/img_imagen_victima.img/vol_vol5/usr/share/doc/git/RelNotes/2.14.4.txt",,,text/plain,txt
2.13.4.txt,"2020-02-16 23:47:35 EST","2025-06-21 14:55:40 EDT","2025-06-21 14:55:38 EDT","2025-06-21 14:55:39 EDT",1078,Allocated,Allocated,unknown,"/img_imagen_victima.img/vol_vol5/usr/share/doc/git/RelNotes/2.13.4.txt",,,text/plain,txt
2.4.12.txt,"2020-02-16 23:47:35 EST","2025-06-21 14:55:40 EDT","2025-06-21 14:55:38 EDT","2025-06-21 14:55:39 EDT",479,Allocated,Allocated,unknown,"/img_imagen_victima.img/vol_vol5/usr/share/doc/git/RelNotes/2.4.12.txt",,,text/plain,txt
1.5.3.6.txt,"2020-02-16 23:47:35 EST","2025-06-21 14:55:39 EDT","2025-06-21 14:55:38 EDT","2025-06-21 14:55:39 EDT",1432,Allocated,Allocated,unknown,"/img_imagen_victima.img/vol_vol5/usr/share/doc/git/RelNotes/1.5.3.6.txt",,,text/plain,txt
2.16.4.txt,"2020-02-16 23:47:35 EST","2025-06-21 14:55:40 EDT","2025-06-21 14:55:38 EDT","2025-06-21 14:55:39 EDT",167,Allocated,Allocated,unknown,"/img_imagen_victima.img/vol_vol5/usr/share/doc/git/RelNotes/2.16.4.txt",,,text/plain,txt
2.14.6.txt,"2020-02-16 23:47:35 EST","2025-06-21 14:55:40 EDT","2025-06-21 14:55:38 EDT","2025-06-21 14:55:39 EDT",2144,Allocated,Allocated,unknown,"/img_imagen_victima.img/vol_vol5/usr/share/doc/git/RelNotes/2.14.6.txt",,,text/plain,txt
2.1.1.txt,"2020-02-16 23:47:35 EST","2025-06-21 14:55:40 EDT","2025-06-21 14:55:38 EDT","2025-06-21 14:55:39 EDT",1806,Allocated,Allocated,unknown,"/img_imagen_victima.img/vol_vol5/usr/share/doc/git/RelNotes/2.1.1.txt",,,text/plain,txt
1.7.1.1.txt,"2020-02-16 23:47:35 EST","2025-06-21 14:55:39 EDT","2025-06-21 14:55:38 EDT","2025-06-21 14:55:39 EDT",3825,Allocated,Allocated,unknown,"/img_imagen_victima.img/vol_vol5/usr/share/doc/git/RelNotes/1.7.1.1.txt",,,text/plain,txt
1.5.4.7.txt,"2020-02-16 23:47:35 EST","2025-06-21 14:55:39 EDT","2025-06-21 14:55:38 EDT","2025-06-21 14:55:39 EDT",342,Allocated,Allocated,unknown,"/img_imagen_victima.img/vol_vol5/usr/share/doc/git/RelNotes/1.5.4.7.txt",,,text/plain,txt
1.8.4.3.txt,"2020-02-16 23:47:35 EST","2025-06-21 14:55:40 EDT","2025-06-21 14:55:38 EDT","2025-06-21 14:55:39 EDT",2208,Allocated,Allocated,unknown,"/img_imagen_victima.img/vol_vol5/usr/share/doc/git/RelNotes/1.8.4.3.txt",,,text/plain,txt
1.7.0.5.txt,"2020-02-16 23:47:35 EST","2025-06-21 14:55:39 EDT","2025-06-21 14:55:38 EDT","2025-06-21 14:55:39 EDT",915,Allocated,Allocated,unknown,"/img_imagen_victima.img/vol_vol5/usr/share/doc/git/RelNotes/1.7.0.5.txt",,,text/plain,txt
1.7.12.txt,"2020-02-16 23:47:35 EST","2025-06-21 14:55:40 EDT","2025-06-21 14:55:38 EDT","2025-06-21 14:55:39 EDT",5336,Allocated,Allocated,unknown,"/img_imagen_victima.img/vol_vol5/usr/share/doc/git/RelNotes/1.7.12.txt",,,text/plain,txt
2.8.2.txt,"2020-02-16 23:47:35 EST","2025-06-21 14:55:40 EDT","2025-06-21 14:55:38 EDT","2025-06-21 14:55:39 EDT",2704,Allocated,Allocated,unknown,"/img_imagen_victima.img/vol_vol5/usr/share/doc/git/RelNotes/2.8.2.txt",,,text/plain,txt
1.5.4.5.txt,"2020-02-16 23:47:35 EST","2025-06-21 14:55:39 EDT","2025-06-21 14:55:38 EDT","2025-06-21 14:55:39 EDT",2241,Allocated,Allocated,unknown,"/img_imagen_victima.img/vol_vol5/usr/share/doc/git/RelNotes/1.5.4.5.txt",,,text/plain,txt
1.6.5.9.txt,"2020-02-16 23:47:35 EST","2025-06-21 14:55:39 EDT","2025-06-21 14:55:38 EDT","2025-06-21 14:55:39 EDT",581,Allocated,Allocated,unknown,"/img_imagen_victima.img/vol_vol5/usr/share/doc/git/RelNotes/1.6.5.9.txt",,,text/plain,txt
1.6.2.5.txt,"2020-02-16 23:47:35 EST","2025-06-21 14:55:39 EDT","2025-06-21 14:55:38 EDT","2025-06-21 14:55:39 EDT",688,Allocated,Allocated,unknown,"/img_imagen_victima.img/vol_vol5/usr/share/doc/git/RelNotes/1.6.2.5.txt",,,text/plain,txt
1.5.0.4.txt,"2020-02-16 23:47:35 EST","2025-06-21 14:55:39 EDT","2025-06-21 14:55:38 EDT","2025-06-21 14:55:39 EDT",462,Allocated,Allocated,unknown,"/img_imagen_victima.img/vol_vol5/usr/share/doc/git/RelNotes/1.5.0.4.txt",,,text/plain,txt
1.5.3.8.txt,"2020-02-16 23:47:35 EST","2025-06-21 14:55:39 EDT","2025-06-21 14:55:38 EDT","2025-06-21 14:55:39 EDT",783,Allocated,Allocated,unknown,"/img_imagen_victima.img/vol_vol5/usr/share/doc/git/RelNotes/1.5.3.8.txt",,,text/plain,txt
2.6.0.txt,"2020-02-16 23:47:35 EST","2025-06-21 14:55:40 EDT","2025-06-21 14:55:38 EDT","2025-06-21 14:55:39 EDT",16434,Allocated,Allocated,unknown,"/img_imagen_victima.img/vol_vol5/usr/share/doc/git/RelNotes/2.6.0.txt",,,text/plain,txt
2.12.4.txt,"2020-02-16 23:47:35 EST","2025-06-21 14:55:40 EDT","2025-06-21 14:55:38 EDT","2025-06-21 14:55:39 EDT",124,Allocated,Allocated,unknown,"/img_imagen_victima.img/vol_vol5/usr/share/doc/git/RelNotes/2.12.4.txt",,,text/plain,txt
1.8.5.2.txt,"2020-02-16 23:47:35 EST","2025-06-21 14:55:40 EDT","2025-06-21 14:55:38 EDT","2025-06-21 14:55:39 EDT",656,Allocated,Allocated,unknown,"/img_imagen_victima.img/vol_vol5/usr/share/doc/git/RelNotes/1.8.5.2.txt",,,text/plain,txt
2.10.5.txt,"2020-02-16 23:47:35 EST","2025-06-21 14:55:40 EDT","2025-06-21 14:55:38 EDT","2025-06-21 14:55:39 EDT",561,Allocated,Allocated,unknown,"/img_imagen_victima.img/vol_vol5/usr/share/doc/git/RelNotes/2.10.5.txt",,,text/plain,txt
1.7.12.3.txt,"2020-02-16 23:47:35 EST","2025-06-21 14:55:40 EDT","2025-06-21 14:55:38 EDT","2025-06-21 14:55:39 EDT",1329,Allocated,Allocated,unknown,"/img_imagen_victima.img/vol_vol5/usr/share/doc/git/RelNotes/1.7.12.3.txt",,,text/plain,txt
2.15.2.txt,"2020-02-16 23:47:35 EST","2025-06-21 14:55:40 EDT","2025-06-21 14:55:38 EDT","2025-06-21 14:55:39 EDT",1894,Allocated,Allocated,unknown,"/img_imagen_victima.img/vol_vol5/usr/share/doc/git/RelNotes/2.15.2.txt",,,text/plain,txt
1.9.2.txt,"2020-02-16 23:47:35 EST","2025-06-21 14:55:40 EDT","2025-06-21 14:55:38 EDT","2025-06-21 14:55:39 EDT",2807,Allocated,Allocated,unknown,"/img_imagen_victima.img/vol_vol5/usr/share/doc/git/RelNotes/1.9.2.txt",,,text/plain,txt
2.6.6.txt,"2020-02-16 23:47:35 EST","2025-06-21 14:55:40 EDT","2025-06-21 14:55:38 EDT","2025-06-21 14:55:39 EDT",420,Allocated,Allocated,unknown,"/img_imagen_victima.img/vol_vol5/usr/share/doc/git/RelNotes/2.6.6.txt",,,text/plain,txt
2.6.1.txt,"2020-02-16 23:47:35 EST","2025-06-21 14:55:40 EDT","2025-06-21 14:55:38 EDT","2025-06-21 14:55:39 EDT",705,Allocated,Allocated,unknown,"/img_imagen_victima.img/vol_vol5/usr/share/doc/git/RelNotes/2.6.1.txt",,,text/plain,txt
2.0.4.txt,"2020-02-16 23:47:35 EST","2025-06-21 14:55:40 EDT","2025-06-21 14:55:38 EDT","2025-06-21 14:55:39 EDT",153,Allocated,Allocated,unknown,"/img_imagen_victima.img/vol_vol5/usr/share/doc/git/RelNotes/2.0.4.txt",,,text/plain,txt
1.5.3.3.txt,"2020-02-16 23:47:35 EST","2025-06-21 14:55:39 EDT","2025-06-21 14:55:38 EDT","2025-06-21 14:55:39 EDT",896,Allocated,Allocated,unknown,"/img_imagen_victima.img/vol_vol5/usr/share/doc/git/RelNotes/1.5.3.3.txt",,,text/plain,txt
1.7.4.5.txt,"2020-02-16 23:47:35 EST","2025-06-21 14:55:40 EDT","2025-06-21 14:55:38 EDT","2025-06-21 14:55:39 EDT",127,Allocated,Allocated,unknown,"/img_imagen_victima.img/vol_vol5/usr/share/doc/git/RelNotes/1.7.4.5.txt",,,text/plain,txt
1.5.1.4.txt,"2020-02-16 23:47:35 EST","2025-06-21 14:55:39 EDT","2025-06-21 14:55:38 EDT","2025-06-21 14:55:39 EDT",843,Allocated,Allocated,unknown,"/img_imagen_victima.img/vol_vol5/usr/share/doc/git/RelNotes/1.5.1.4.txt",,,text/plain,txt
2.14.2.txt,"2020-02-16 23:47:35 EST","2025-06-21 14:55:40 EDT","2025-06-21 14:55:38 EDT","2025-06-21 14:55:39 EDT",4486,Allocated,Allocated,unknown,"/img_imagen_victima.img/vol_vol5/usr/share/doc/git/RelNotes/2.14.2.txt",,,text/plain,txt
1.5.1.6.txt,"2020-02-16 23:47:35 EST","2025-06-21 14:55:39 EDT","2025-06-21 14:55:38 EDT","2025-06-21 14:55:39 EDT",1519,Allocated,Allocated,unknown,"/img_imagen_victima.img/vol_vol5/usr/share/doc/git/RelNotes/1.5.1.6.txt",,,text/plain,txt
1.8.2.txt,"2020-02-16 23:47:35 EST","2025-06-21 14:55:40 EDT","2025-06-21 14:55:38 EDT","2025-06-21 14:55:39 EDT",22140,Allocated,Allocated,unknown,"/img_imagen_victima.img/vol_vol5/usr/share/doc/git/RelNotes/1.8.2.txt",,,text/plain,txt
1.8.1.5.txt,"2020-02-16 23:47:35 EST","2025-06-21 14:55:40 EDT","2025-06-21 14:55:38 EDT","2025-06-21 14:55:39 EDT",1940,Allocated,Allocated,unknown,"/img_imagen_victima.img/vol_vol5/usr/share/doc/git/RelNotes/1.8.1.5.txt",,,text/plain,txt
2.10.1.txt,"2020-02-16 23:47:35 EST","2025-06-21 14:55:40 EDT","2025-06-21 14:55:38 EDT","2025-06-21 14:55:39 EDT",5730,Allocated,Allocated,unknown,"/img_imagen_victima.img/vol_vol5/usr/share/doc/git/RelNotes/2.10.1.txt",,,text/plain,txt
1.5.0.6.txt,"2020-02-16 23:47:35 EST","2025-06-21 14:55:39 EDT","2025-06-21 14:55:38 EDT","2025-06-21 14:55:39 EDT",484,Allocated,Allocated,unknown,"/img_imagen_victima.img/vol_vol5/usr/share/doc/git/RelNotes/1.5.0.6.txt",,,text/plain,txt
1.5.5.txt,"2020-02-16 23:47:35 EST","2025-06-21 14:55:39 EDT","2025-06-21 14:55:38 EDT","2025-06-21 14:55:39 EDT",7596,Allocated,Allocated,unknown,"/img_imagen_victima.img/vol_vol5/usr/share/doc/git/RelNotes/1.5.5.txt",,,text/plain,txt
1.6.4.5.txt,"2020-02-16 23:47:35 EST","2025-06-21 14:55:39 EDT","2025-06-21 14:55:38 EDT","2025-06-21 14:55:39 EDT",605,Allocated,Allocated,unknown,"/img_imagen_victima.img/vol_vol5/usr/share/doc/git/RelNotes/1.6.4.5.txt",,,text/plain,txt
1.5.1.1.txt,"2020-02-16 23:47:35 EST","2025-06-21 14:55:39 EDT","2025-06-21 14:55:38 EDT","2025-06-21 14:55:39 EDT",2164,Allocated,Allocated,unknown,"/img_imagen_victima.img/vol_vol5/usr/share/doc/git/RelNotes/1.5.1.1.txt",,,text/plain,txt
2.0.3.txt,"2020-02-16 23:47:35 EST","2025-06-21 14:55:40 EDT","2025-06-21 14:55:38 EDT","2025-06-21 14:55:39 EDT",592,Allocated,Allocated,unknown,"/img_imagen_victima.img/vol_vol5/usr/share/doc/git/RelNotes/2.0.3.txt",,,text/plain,txt
1.6.0.6.txt,"2020-02-16 23:47:35 EST","2025-06-21 14:55:39 EDT","2025-06-21 14:55:38 EDT","2025-06-21 14:55:39 EDT",1193,Allocated,Allocated,unknown,"/img_imagen_victima.img/vol_vol5/usr/share/doc/git/RelNotes/1.6.0.6.txt",,,text/plain,txt
1.6.3.txt,"2020-02-16 23:47:35 EST","2025-06-21 14:55:39 EDT","2025-06-21 14:55:38 EDT","2025-06-21 14:55:39 EDT",6787,Allocated,Allocated,unknown,"/img_imagen_victima.img/vol_vol5/usr/share/doc/git/RelNotes/1.6.3.txt",,,text/plain,txt
1.8.4.5.txt,"2020-02-16 23:47:35 EST","2025-06-21 14:55:40 EDT","2025-06-21 14:55:38 EDT","2025-06-21 14:55:39 EDT",421,Allocated,Allocated,unknown,"/img_imagen_victima.img/vol_vol5/usr/share/doc/git/RelNotes/1.8.4.5.txt",,,text/plain,txt
2.24.1.txt,"2020-02-16 23:47:35 EST","2025-06-21 14:55:40 EDT","2025-06-21 14:55:38 EDT","2025-06-21 14:55:39 EDT",377,Allocated,Allocated,unknown,"/img_imagen_victima.img/vol_vol5/usr/share/doc/git/RelNotes/2.24.1.txt",,,text/plain,txt
2.6.3.txt,"2020-02-16 23:47:35 EST","2025-06-21 14:55:40 EDT","2025-06-21 14:55:38 EDT","2025-06-21 14:55:39 EDT",4904,Allocated,Allocated,unknown,"/img_imagen_victima.img/vol_vol5/usr/share/doc/git/RelNotes/2.6.3.txt",,,text/plain,txt
1.5.4.1.txt,"2020-02-16 23:47:35 EST","2025-06-21 14:55:39 EDT","2025-06-21 14:55:38 EDT","2025-06-21 14:55:39 EDT",524,Allocated,Allocated,unknown,"/img_imagen_victima.img/vol_vol5/usr/share/doc/git/RelNotes/1.5.4.1.txt",,,text/plain,txt
1.8.1.txt,"2020-02-16 23:47:35 EST","2025-06-21 14:55:40 EDT","2025-06-21 14:55:38 EDT","2025-06-21 14:55:39 EDT",9624,Allocated,Allocated,unknown,"/img_imagen_victima.img/vol_vol5/usr/share/doc/git/RelNotes/1.8.1.txt",,,text/plain,txt
2.7.3.txt,"2020-02-16 23:47:35 EST","2025-06-21 14:55:40 EDT","2025-06-21 14:55:38 EDT","2025-06-21 14:55:39 EDT",2597,Allocated,Allocated,unknown,"/img_imagen_victima.img/vol_vol5/usr/share/doc/git/RelNotes/2.7.3.txt",,,text/plain,txt
2.16.5.txt,"2020-02-16 23:47:35 EST","2025-06-21 14:55:40 EDT","2025-06-21 14:55:38 EDT","2025-06-21 14:55:39 EDT",210,Allocated,Allocated,unknown,"/img_imagen_victima.img/vol_vol5/usr/share/doc/git/RelNotes/2.16.5.txt",,,text/plain,txt
2.8.1.txt,"2020-02-16 23:47:35 EST","2025-06-21 14:55:40 EDT","2025-06-21 14:55:38 EDT","2025-06-21 14:55:39 EDT",255,Allocated,Allocated,unknown,"/img_imagen_victima.img/vol_vol5/usr/share/doc/git/RelNotes/2.8.1.txt",,,text/plain,txt
2.4.6.txt,"2020-02-16 23:47:35 EST","2025-06-21 14:55:40 EDT","2025-06-21 14:55:38 EDT","2025-06-21 14:55:39 EDT",744,Allocated,Allocated,unknown,"/img_imagen_victima.img/vol_vol5/usr/share/doc/git/RelNotes/2.4.6.txt",,,text/plain,txt
1.6.5.2.txt,"2020-02-16 23:47:35 EST","2025-06-21 14:55:39 EDT","2025-06-21 14:55:38 EDT","2025-06-21 14:55:39 EDT",581,Allocated,Allocated,unknown,"/img_imagen_victima.img/vol_vol5/usr/share/doc/git/RelNotes/1.6.5.2.txt",,,text/plain,txt
1.7.8.3.txt,"2020-02-16 23:47:35 EST","2025-06-21 14:55:40 EDT","2025-06-21 14:55:38 EDT","2025-06-21 14:55:39 EDT",431,Allocated,Allocated,unknown,"/img_imagen_victima.img/vol_vol5/usr/share/doc/git/RelNotes/1.7.8.3.txt",,,text/plain,txt
1.5.6.6.txt,"2020-02-16 23:47:35 EST","2025-06-21 14:55:39 EDT","2025-06-21 14:55:38 EDT","2025-06-21 14:55:39 EDT",342,Allocated,Allocated,unknown,"/img_imagen_victima.img/vol_vol5/usr/share/doc/git/RelNotes/1.5.6.6.txt",,,text/plain,txt
2.15.0.txt,"2020-02-16 23:47:35 EST","2025-06-21 14:55:40 EDT","2025-06-21 14:55:38 EDT","2025-06-21 14:55:39 EDT",21971,Allocated,Allocated,unknown,"/img_imagen_victima.img/vol_vol5/usr/share/doc/git/RelNotes/2.15.0.txt",,,text/plain,txt
1.5.2.3.txt,"2020-02-16 23:47:35 EST","2025-06-21 14:55:39 EDT","2025-06-21 14:55:38 EDT","2025-06-21 14:55:39 EDT",796,Allocated,Allocated,unknown,"/img_imagen_victima.img/vol_vol5/usr/share/doc/git/RelNotes/1.5.2.3.txt",,,text/plain,txt
1.7.1.txt,"2020-02-16 23:47:35 EST","2025-06-21 14:55:39 EDT","2025-06-21 14:55:38 EDT","2025-06-21 14:55:39 EDT",2941,Allocated,Allocated,unknown,"/img_imagen_victima.img/vol_vol5/usr/share/doc/git/RelNotes/1.7.1.txt",,,text/plain,txt
1.7.10.txt,"2020-02-16 23:47:35 EST","2025-06-21 14:55:40 EDT","2025-06-21 14:55:38 EDT","2025-06-21 14:55:39 EDT",9025,Allocated,Allocated,unknown,"/img_imagen_victima.img/vol_vol5/usr/share/doc/git/RelNotes/1.7.10.txt",,,text/plain,txt
1.7.0.6.txt,"2020-02-16 23:47:35 EST","2025-06-21 14:55:39 EDT","2025-06-21 14:55:38 EDT","2025-06-21 14:55:39 EDT",365,Allocated,Allocated,unknown,"/img_imagen_victima.img/vol_vol5/usr/share/doc/git/RelNotes/1.7.0.6.txt",,,text/plain,txt
2.7.4.txt,"2020-02-16 23:47:35 EST","2025-06-21 14:55:40 EDT","2025-06-21 14:55:38 EDT","2025-06-21 14:55:39 EDT",420,Allocated,Allocated,unknown,"/img_imagen_victima.img/vol_vol5/usr/share/doc/git/RelNotes/2.7.4.txt",,,text/plain,txt
2.12.3.txt,"2020-02-16 23:47:35 EST","2025-06-21 14:55:40 EDT","2025-06-21 14:55:38 EDT","2025-06-21 14:55:39 EDT",2539,Allocated,Allocated,unknown,"/img_imagen_victima.img/vol_vol5/usr/share/doc/git/RelNotes/2.12.3.txt",,,text/plain,txt
1.7.6.3.txt,"2020-02-16 23:47:35 EST","2025-06-21 14:55:40 EDT","2025-06-21 14:55:38 EDT","2025-06-21 14:55:39 EDT",792,Allocated,Allocated,unknown,"/img_imagen_victima.img/vol_vol5/usr/share/doc/git/RelNotes/1.7.6.3.txt",,,text/plain,txt
2.12.0.txt,"2020-02-16 23:47:35 EST","2025-06-21 14:55:40 EDT","2025-06-21 14:55:38 EDT","2025-06-21 14:55:39 EDT",22093,Allocated,Allocated,unknown,"/img_imagen_victima.img/vol_vol5/usr/share/doc/git/RelNotes/2.12.0.txt",,,text/plain,txt
2.10.3.txt,"2020-02-16 23:47:35 EST","2025-06-21 14:55:40 EDT","2025-06-21 14:55:38 EDT","2025-06-21 14:55:39 EDT",2353,Allocated,Allocated,unknown,"/img_imagen_victima.img/vol_vol5/usr/share/doc/git/RelNotes/2.10.3.txt",,,text/plain,txt
1.6.6.txt,"2020-02-16 23:47:35 EST","2025-06-21 14:55:39 EDT","2025-06-21 14:55:38 EDT","2025-06-21 14:55:39 EDT",9459,Allocated,Allocated,unknown,"/img_imagen_victima.img/vol_vol5/usr/share/doc/git/RelNotes/1.6.6.txt",,,text/plain,txt
1.6.5.5.txt,"2020-02-16 23:47:35 EST","2025-06-21 14:55:39 EDT","2025-06-21 14:55:38 EDT","2025-06-21 14:55:39 EDT",1891,Allocated,Allocated,unknown,"/img_imagen_victima.img/vol_vol5/usr/share/doc/git/RelNotes/1.6.5.5.txt",,,text/plain,txt
1.7.5.2.txt,"2020-02-16 23:47:35 EST","2025-06-21 14:55:40 EDT","2025-06-21 14:55:38 EDT","2025-06-21 14:55:39 EDT",2189,Allocated,Allocated,unknown,"/img_imagen_victima.img/vol_vol5/usr/share/doc/git/RelNotes/1.7.5.2.txt",,,text/plain,txt
2.3.4.txt,"2020-02-16 23:47:35 EST","2025-06-21 14:55:40 EDT","2025-06-21 14:55:38 EDT","2025-06-21 14:55:39 EDT",1150,Allocated,Allocated,unknown,"/img_imagen_victima.img/vol_vol5/usr/share/doc/git/RelNotes/2.3.4.txt",,,text/plain,txt
1.5.0.txt,"2020-02-16 23:47:35 EST","2025-06-21 14:55:39 EDT","2025-06-21 14:55:38 EDT","2025-06-21 14:55:39 EDT",18638,Allocated,Allocated,unknown,"/img_imagen_victima.img/vol_vol5/usr/share/doc/git/RelNotes/1.5.0.txt",,,text/plain,txt
2.17.2.txt,"2020-02-16 23:47:35 EST","2025-06-21 14:55:40 EDT","2025-06-21 14:55:38 EDT","2025-06-21 14:55:39 EDT",493,Allocated,Allocated,unknown,"/img_imagen_victima.img/vol_vol5/usr/share/doc/git/RelNotes/2.17.2.txt",,,text/plain,txt
1.7.2.1.txt,"2020-02-16 23:47:35 EST","2025-06-21 14:55:40 EDT","2025-06-21 14:55:38 EDT","2025-06-21 14:55:39 EDT",806,Allocated,Allocated,unknown,"/img_imagen_victima.img/vol_vol5/usr/share/doc/git/RelNotes/1.7.2.1.txt",,,text/plain,txt
1.8.5.4.txt,"2020-02-16 23:47:35 EST","2025-06-21 14:55:40 EDT","2025-06-21 14:55:38 EDT","2025-06-21 14:55:39 EDT",1912,Allocated,Allocated,unknown,"/img_imagen_victima.img/vol_vol5/usr/share/doc/git/RelNotes/1.8.5.4.txt",,,text/plain,txt
1.7.7.7.txt,"2020-02-16 23:47:35 EST","2025-06-21 14:55:40 EDT","2025-06-21 14:55:38 EDT","2025-06-21 14:55:39 EDT",334,Allocated,Allocated,unknown,"/img_imagen_victima.img/vol_vol5/usr/share/doc/git/RelNotes/1.7.7.7.txt",,,text/plain,txt
1.7.9.2.txt,"2020-02-16 23:47:35 EST","2025-06-21 14:55:40 EDT","2025-06-21 14:55:38 EDT","2025-06-21 14:55:39 EDT",2706,Allocated,Allocated,unknown,"/img_imagen_victima.img/vol_vol5/usr/share/doc/git/RelNotes/1.7.9.2.txt",,,text/plain,txt
1.7.1.3.txt,"2020-02-16 23:47:35 EST","2025-06-21 14:55:39 EDT","2025-06-21 14:55:38 EDT","2025-06-21 14:55:39 EDT",452,Allocated,Allocated,unknown,"/img_imagen_victima.img/vol_vol5/usr/share/doc/git/RelNotes/1.7.1.3.txt",,,text/plain,txt
1.7.12.2.txt,"2020-02-16 23:47:35 EST","2025-06-21 14:55:40 EDT","2025-06-21 14:55:38 EDT","2025-06-21 14:55:39 EDT",1767,Allocated,Allocated,unknown,"/img_imagen_victima.img/vol_vol5/usr/share/doc/git/RelNotes/1.7.12.2.txt",,,text/plain,txt
1.7.2.txt,"2020-02-16 23:47:35 EST","2025-06-21 14:55:40 EDT","2025-06-21 14:55:38 EDT","2025-06-21 14:55:39 EDT",5978,Allocated,Allocated,unknown,"/img_imagen_victima.img/vol_vol5/usr/share/doc/git/RelNotes/1.7.2.txt",,,text/plain,txt
2.4.9.txt,"2020-02-16 23:47:35 EST","2025-06-21 14:55:40 EDT","2025-06-21 14:55:38 EDT","2025-06-21 14:55:39 EDT",284,Allocated,Allocated,unknown,"/img_imagen_victima.img/vol_vol5/usr/share/doc/git/RelNotes/2.4.9.txt",,,text/plain,txt
1.8.0.2.txt,"2020-02-16 23:47:35 EST","2025-06-21 14:55:40 EDT","2025-06-21 14:55:38 EDT","2025-06-21 14:55:39 EDT",1250,Allocated,Allocated,unknown,"/img_imagen_victima.img/vol_vol5/usr/share/doc/git/RelNotes/1.8.0.2.txt",,,text/plain,txt
2.14.1.txt,"2020-02-16 23:47:35 EST","2025-06-21 14:55:40 EDT","2025-06-21 14:55:38 EDT","2025-06-21 14:55:39 EDT",124,Allocated,Allocated,unknown,"/img_imagen_victima.img/vol_vol5/usr/share/doc/git/RelNotes/2.14.1.txt",,,text/plain,txt
1.7.9.6.txt,"2020-02-16 23:47:35 EST","2025-06-21 14:55:40 EDT","2025-06-21 14:55:38 EDT","2025-06-21 14:55:39 EDT",432,Allocated,Allocated,unknown,"/img_imagen_victima.img/vol_vol5/usr/share/doc/git/RelNotes/1.7.9.6.txt",,,text/plain,txt
1.5.2.5.txt,"2020-02-16 23:47:35 EST","2025-06-21 14:55:39 EDT","2025-06-21 14:55:38 EDT","2025-06-21 14:55:39 EDT",928,Allocated,Allocated,unknown,"/img_imagen_victima.img/vol_vol5/usr/share/doc/git/RelNotes/1.5.2.5.txt",,,text/plain,txt
1.8.1.1.txt,"2020-02-16 23:47:35 EST","2025-06-21 14:55:40 EDT","2025-06-21 14:55:38 EDT","2025-06-21 14:55:39 EDT",3577,Allocated,Allocated,unknown,"/img_imagen_victima.img/vol_vol5/usr/share/doc/git/RelNotes/1.8.1.1.txt",,,text/plain,txt
1.8.3.txt,"2020-02-16 23:47:35 EST","2025-06-21 14:55:40 EDT","2025-06-21 14:55:38 EDT","2025-06-21 14:55:39 EDT",18336,Allocated,Allocated,unknown,"/img_imagen_victima.img/vol_vol5/usr/share/doc/git/RelNotes/1.8.3.txt",,,text/plain,txt
2.9.3.txt,"2020-02-16 23:47:35 EST","2025-06-21 14:55:40 EDT","2025-06-21 14:55:38 EDT","2025-06-21 14:55:39 EDT",7466,Allocated,Allocated,unknown,"/img_imagen_victima.img/vol_vol5/usr/share/doc/git/RelNotes/2.9.3.txt",,,text/plain,txt
1.9.1.txt,"2020-02-16 23:47:35 EST","2025-06-21 14:55:40 EDT","2025-06-21 14:55:38 EDT","2025-06-21 14:55:39 EDT",2409,Allocated,Allocated,unknown,"/img_imagen_victima.img/vol_vol5/usr/share/doc/git/RelNotes/1.9.1.txt",,,text/plain,txt
2.16.6.txt,"2020-02-16 23:47:35 EST","2025-06-21 14:55:40 EDT","2025-06-21 14:55:38 EDT","2025-06-21 14:55:39 EDT",333,Allocated,Allocated,unknown,"/img_imagen_victima.img/vol_vol5/usr/share/doc/git/RelNotes/2.16.6.txt",,,text/plain,txt
1.6.1.2.txt,"2020-02-16 23:47:35 EST","2025-06-21 14:55:39 EDT","2025-06-21 14:55:38 EDT","2025-06-21 14:55:39 EDT",1640,Allocated,Allocated,unknown,"/img_imagen_victima.img/vol_vol5/usr/share/doc/git/RelNotes/1.6.1.2.txt",,,text/plain,txt
1.6.1.txt,"2020-02-16 23:47:35 EST","2025-06-21 14:55:39 EDT","2025-06-21 14:55:38 EDT","2025-06-21 14:55:39 EDT",10322,Allocated,Allocated,unknown,"/img_imagen_victima.img/vol_vol5/usr/share/doc/git/RelNotes/1.6.1.txt",,,text/plain,txt
2.19.3.txt,"2020-02-16 23:47:35 EST","2025-06-21 14:55:40 EDT","2025-06-21 14:55:38 EDT","2025-06-21 14:55:39 EDT",343,Allocated,Allocated,unknown,"/img_imagen_victima.img/vol_vol5/usr/share/doc/git/RelNotes/2.19.3.txt",,,text/plain,txt
1.7.5.3.txt,"2020-02-16 23:47:35 EST","2025-06-21 14:55:40 EDT","2025-06-21 14:55:38 EDT","2025-06-21 14:55:39 EDT",1101,Allocated,Allocated,unknown,"/img_imagen_victima.img/vol_vol5/usr/share/doc/git/RelNotes/1.7.5.3.txt",,,text/plain,txt
1.5.2.4.txt,"2020-02-16 23:47:35 EST","2025-06-21 14:55:39 EDT","2025-06-21 14:55:38 EDT","2025-06-21 14:55:39 EDT",802,Allocated,Allocated,unknown,"/img_imagen_victima.img/vol_vol5/usr/share/doc/git/RelNotes/1.5.2.4.txt",,,text/plain,txt
2.20.0.txt,"2020-02-16 23:47:35 EST","2025-06-21 14:55:40 EDT","2025-06-21 14:55:38 EDT","2025-06-21 14:55:39 EDT",32536,Allocated,Allocated,unknown,"/img_imagen_victima.img/vol_vol5/usr/share/doc/git/RelNotes/2.20.0.txt",,,text/plain,txt
1.7.7.5.txt,"2020-02-16 23:47:35 EST","2025-06-21 14:55:40 EDT","2025-06-21 14:55:38 EDT","2025-06-21 14:55:39 EDT",481,Allocated,Allocated,unknown,"/img_imagen_victima.img/vol_vol5/usr/share/doc/git/RelNotes/1.7.7.5.txt",,,text/plain,txt
1.5.0.3.txt,"2020-02-16 23:47:35 EST","2025-06-21 14:55:39 EDT","2025-06-21 14:55:38 EDT","2025-06-21 14:55:39 EDT",1577,Allocated,Allocated,unknown,"/img_imagen_victima.img/vol_vol5/usr/share/doc/git/RelNotes/1.5.0.3.txt",,,text/plain,txt
1.7.3.4.txt,"2020-02-16 23:47:35 EST","2025-06-21 14:55:40 EDT","2025-06-21 14:55:38 EDT","2025-06-21 14:55:39 EDT",1639,Allocated,Allocated,unknown,"/img_imagen_victima.img/vol_vol5/usr/share/doc/git/RelNotes/1.7.3.4.txt",,,text/plain,txt
2.16.1.txt,"2020-02-16 23:47:35 EST","2025-06-21 14:55:40 EDT","2025-06-21 14:55:38 EDT","2025-06-21 14:55:39 EDT",305,Allocated,Allocated,unknown,"/img_imagen_victima.img/vol_vol5/usr/share/doc/git/RelNotes/2.16.1.txt",,,text/plain,txt
1.7.11.5.txt,"2020-02-16 23:47:35 EST","2025-06-21 14:55:40 EDT","2025-06-21 14:55:38 EDT","2025-06-21 14:55:39 EDT",1292,Allocated,Allocated,unknown,"/img_imagen_victima.img/vol_vol5/usr/share/doc/git/RelNotes/1.7.11.5.txt",,,text/plain,txt
1.8.0.3.txt,"2020-02-16 23:47:35 EST","2025-06-21 14:55:40 EDT","2025-06-21 14:55:38 EDT","2025-06-21 14:55:39 EDT",424,Allocated,Allocated,unknown,"/img_imagen_victima.img/vol_vol5/usr/share/doc/git/RelNotes/1.8.0.3.txt",,,text/plain,txt
2.0.5.txt,"2020-02-16 23:47:35 EST","2025-06-21 14:55:40 EDT","2025-06-21 14:55:38 EDT","2025-06-21 14:55:39 EDT",1678,Allocated,Allocated,unknown,"/img_imagen_victima.img/vol_vol5/usr/share/doc/git/RelNotes/2.0.5.txt",,,text/plain,txt
2.4.2.txt,"2020-02-16 23:47:35 EST","2025-06-21 14:55:40 EDT","2025-06-21 14:55:38 EDT","2025-06-21 14:55:39 EDT",1954,Allocated,Allocated,unknown,"/img_imagen_victima.img/vol_vol5/usr/share/doc/git/RelNotes/2.4.2.txt",,,text/plain,txt
1.6.1.3.txt,"2020-02-16 23:47:35 EST","2025-06-21 14:55:39 EDT","2025-06-21 14:55:38 EDT","2025-06-21 14:55:39 EDT",847,Allocated,Allocated,unknown,"/img_imagen_victima.img/vol_vol5/usr/share/doc/git/RelNotes/1.6.1.3.txt",,,text/plain,txt
2.4.3.txt,"2020-02-16 23:47:35 EST","2025-06-21 14:55:40 EDT","2025-06-21 14:55:38 EDT","2025-06-21 14:55:39 EDT",3066,Allocated,Allocated,unknown,"/img_imagen_victima.img/vol_vol5/usr/share/doc/git/RelNotes/2.4.3.txt",,,text/plain,txt
2.1.0.txt,"2020-02-16 23:47:35 EST","2025-06-21 14:55:40 EDT","2025-06-21 14:55:38 EDT","2025-06-21 14:55:39 EDT",17336,Allocated,Allocated,unknown,"/img_imagen_victima.img/vol_vol5/usr/share/doc/git/RelNotes/2.1.0.txt",,,text/plain,txt
1.7.4.4.txt,"2020-02-16 23:47:35 EST","2025-06-21 14:55:40 EDT","2025-06-21 14:55:38 EDT","2025-06-21 14:55:39 EDT",1288,Allocated,Allocated,unknown,"/img_imagen_victima.img/vol_vol5/usr/share/doc/git/RelNotes/1.7.4.4.txt",,,text/plain,txt
1.5.1.2.txt,"2020-02-16 23:47:35 EST","2025-06-21 14:55:39 EDT","2025-06-21 14:55:38 EDT","2025-06-21 14:55:39 EDT",1651,Allocated,Allocated,unknown,"/img_imagen_victima.img/vol_vol5/usr/share/doc/git/RelNotes/1.5.1.2.txt",,,text/plain,txt
1.7.6.4.txt,"2020-02-16 23:47:35 EST","2025-06-21 14:55:40 EDT","2025-06-21 14:55:38 EDT","2025-06-21 14:55:39 EDT",1264,Allocated,Allocated,unknown,"/img_imagen_victima.img/vol_vol5/usr/share/doc/git/RelNotes/1.7.6.4.txt",,,text/plain,txt
1.6.0.2.txt,"2020-02-16 23:47:35 EST","2025-06-21 14:55:39 EDT","2025-06-21 14:55:38 EDT","2025-06-21 14:55:39 EDT",2840,Allocated,Allocated,unknown,"/img_imagen_victima.img/vol_vol5/usr/share/doc/git/RelNotes/1.6.0.2.txt",,,text/plain,txt
1.5.3.1.txt,"2020-02-16 23:47:35 EST","2025-06-21 14:55:39 EDT","2025-06-21 14:55:38 EDT","2025-06-21 14:55:39 EDT",326,Allocated,Allocated,unknown,"/img_imagen_victima.img/vol_vol5/usr/share/doc/git/RelNotes/1.5.3.1.txt",,,text/plain,txt
2.5.5.txt,"2020-02-16 23:47:35 EST","2025-06-21 14:55:40 EDT","2025-06-21 14:55:38 EDT","2025-06-21 14:55:39 EDT",420,Allocated,Allocated,unknown,"/img_imagen_victima.img/vol_vol5/usr/share/doc/git/RelNotes/2.5.5.txt",,,text/plain,txt
git-contacts.txt,"2020-02-16 23:47:35 EST","2025-06-21 14:55:40 EDT","2025-06-21 14:55:38 EDT","2025-06-21 14:55:39 EDT",2584,Allocated,Allocated,unknown,"/img_imagen_victima.img/vol_vol5/usr/share/doc/git/contrib/contacts/git-contacts.txt",,,text/plain,txt
hg-to-git.txt,"2020-02-16 23:47:35 EST","2025-06-21 14:55:40 EDT","2025-06-21 14:55:38 EDT","2025-06-21 14:55:39 EDT",890,Allocated,Allocated,unknown,"/img_imagen_victima.img/vol_vol5/usr/share/doc/git/contrib/hg-to-git/hg-to-git.txt",,,text/plain,txt
git-subtree.txt,"2020-02-16 23:47:35 EST","2025-06-21 14:55:40 EDT","2025-06-21 14:55:38 EDT","2025-06-21 14:55:39 EDT",12693,Allocated,Allocated,unknown,"/img_imagen_victima.img/vol_vol5/usr/share/doc/git/contrib/subtree/git-subtree.txt",,,text/plain,txt
svn-fe.txt,"2020-02-16 23:47:35 EST","2025-06-21 14:55:40 EDT","2025-06-21 14:55:38 EDT","2025-06-21 14:55:39 EDT",2103,Allocated,Allocated,unknown,"/img_imagen_victima.img/vol_vol5/usr/share/doc/git/contrib/svn-fe/svn-fe.txt",,,text/plain,txt
trustlist.txt,"2017-08-28 06:22:54 EDT","2025-07-25 12:08:58 EDT","2025-07-25 12:08:57 EDT","2025-07-25 12:08:58 EDT",2707,Allocated,Allocated,unknown,"/img_imagen_victima.img/vol_vol5/usr/share/doc/gpg-agent/examples/trustlist.txt",,,text/plain,txt
asoundrc.txt,"2020-02-19 04:35:39 EST","2025-06-21 14:35:07 EDT","2025-06-21 14:35:07 EDT","2025-06-21 14:35:07 EDT",11473,Allocated,Allocated,unknown,"/img_imagen_victima.img/vol_vol5/usr/share/doc/libasound2/examples/asoundrc.txt",,,text/plain,txt
"build_signature_amd64.txt","2020-03-21 08:26:50 EDT","2025-06-21 14:35:07 EDT","2025-06-21 14:35:07 EDT","2025-06-21 14:35:07 EDT",9,Allocated,Allocated,unknown,"/img_imagen_victima.img/vol_vol5/usr/share/doc/libdb5.3/build_signature_amd64.txt",,,text/plain,txt
keys.txt,"2020-03-31 08:17:45 EDT","2025-06-21 14:53:07 EDT","2025-06-21 14:53:07 EDT","2025-06-21 14:53:07 EDT",3653,Allocated,Allocated,unknown,"/img_imagen_victima.img/vol_vol5/usr/share/doc/openssl/HOWTO/keys.txt",,,text/plain,txt
fingerprints.txt,"2020-03-31 08:17:45 EDT","2025-06-21 14:53:07 EDT","2025-06-21 14:53:07 EDT","2025-06-21 14:53:07 EDT",1046,Allocated,Allocated,unknown,"/img_imagen_victima.img/vol_vol5/usr/share/doc/openssl/fingerprints.txt",,,text/plain,txt
power_supply.txt,"2019-07-20 11:43:32 EDT","2025-06-21 14:35:08 EDT","2025-06-21 14:35:08 EDT","2025-06-21 14:35:08 EDT",3515,Allocated,Allocated,unknown,"/img_imagen_victima.img/vol_vol5/usr/share/doc/powermgmt-base/power_supply.txt",,,text/plain,txt
PAM-configuration.txt,"2017-09-18 05:48:03 EDT","2025-06-21 14:49:10 EDT","2025-06-21 14:49:09 EDT","2025-06-21 14:49:10 EDT",671,Allocated,Allocated,unknown,"/img_imagen_victima.img/vol_vol5/usr/share/doc/util-linux/PAM-configuration.txt",,,text/plain,txt
00-about-docs.txt,"2017-09-18 05:48:03 EDT","2025-06-21 14:49:10 EDT","2025-06-21 14:49:09 EDT","2025-06-21 14:49:10 EDT",260,Allocated,Allocated,unknown,"/img_imagen_victima.img/vol_vol5/usr/share/doc/util-linux/00-about-docs.txt",,,text/plain,txt
getopt_changelog.txt,"2017-09-18 05:48:03 EDT","2025-06-21 14:49:10 EDT","2025-06-21 14:49:09 EDT","2025-06-21 14:49:10 EDT",1928,Allocated,Allocated,unknown,"/img_imagen_victima.img/vol_vol5/usr/share/doc/util-linux/getopt_changelog.txt",,,text/plain,txt
blkid.txt,"2019-02-22 05:17:43 EST","2025-06-21 14:49:10 EDT","2025-06-21 14:49:09 EDT","2025-06-21 14:49:10 EDT",3258,Allocated,Allocated,unknown,"/img_imagen_victima.img/vol_vol5/usr/share/doc/util-linux/blkid.txt",,,text/plain,txt
cal.txt,"2017-09-18 05:48:03 EDT","2025-06-21 14:49:10 EDT","2025-06-21 14:49:09 EDT","2025-06-21 14:49:10 EDT",2264,Allocated,Allocated,unknown,"/img_imagen_victima.img/vol_vol5/usr/share/doc/util-linux/cal.txt",,,text/plain,txt
col.txt,"2017-09-18 05:48:03 EDT","2025-06-21 14:49:10 EDT","2025-06-21 14:49:09 EDT","2025-06-21 14:49:10 EDT",1913,Allocated,Allocated,unknown,"/img_imagen_victima.img/vol_vol5/usr/share/doc/util-linux/col.txt",,,text/plain,txt
deprecated.txt,"2019-04-24 05:02:03 EDT","2025-06-21 14:49:10 EDT","2025-06-21 14:49:09 EDT","2025-06-21 14:49:10 EDT",2972,Allocated,Allocated,unknown,"/img_imagen_victima.img/vol_vol5/usr/share/doc/util-linux/deprecated.txt",,,text/plain,txt
getopt.txt,"2017-09-18 05:48:03 EDT","2025-06-21 14:49:10 EDT","2025-06-21 14:49:09 EDT","2025-06-21 14:49:10 EDT",992,Allocated,Allocated,unknown,"/img_imagen_victima.img/vol_vol5/usr/share/doc/util-linux/getopt.txt",,,text/plain,txt
howto-compilation.txt,"2019-02-22 05:17:43 EST","2025-06-21 14:49:10 EDT","2025-06-21 14:49:09 EDT","2025-06-21 14:49:10 EDT",2678,Allocated,Allocated,unknown,"/img_imagen_victima.img/vol_vol5/usr/share/doc/util-linux/howto-compilation.txt",,,text/plain,txt
howto-build-sys.txt,"2017-09-18 05:48:03 EDT","2025-06-21 14:49:10 EDT","2025-06-21 14:49:09 EDT","2025-06-21 14:49:10 EDT",3193,Allocated,Allocated,unknown,"/img_imagen_victima.img/vol_vol5/usr/share/doc/util-linux/howto-build-sys.txt",,,text/plain,txt
howto-debug.txt,"2017-09-18 05:48:03 EDT","2025-06-21 14:49:10 EDT","2025-06-21 14:49:09 EDT","2025-06-21 14:49:10 EDT",2437,Allocated,Allocated,unknown,"/img_imagen_victima.img/vol_vol5/usr/share/doc/util-linux/howto-debug.txt",,,text/plain,txt
modems-with-agetty.txt,"2017-09-18 05:48:03 EDT","2025-06-21 14:49:10 EDT","2025-06-21 14:49:09 EDT","2025-06-21 14:49:10 EDT",2617,Allocated,Allocated,unknown,"/img_imagen_victima.img/vol_vol5/usr/share/doc/util-linux/modems-with-agetty.txt",,,text/plain,txt
howto-tests.txt,"2019-02-22 05:17:43 EST","2025-06-21 14:49:10 EDT","2025-06-21 14:49:09 EDT","2025-06-21 14:49:10 EDT",3709,Allocated,Allocated,unknown,"/img_imagen_victima.img/vol_vol5/usr/share/doc/util-linux/howto-tests.txt",,,text/plain,txt
hwclock.txt,"2017-09-18 05:48:03 EDT","2025-06-21 14:49:10 EDT","2025-06-21 14:49:09 EDT","2025-06-21 14:49:10 EDT",148,Allocated,Allocated,unknown,"/img_imagen_victima.img/vol_vol5/usr/share/doc/util-linux/hwclock.txt",,,text/plain,txt
mount.txt,"2017-09-18 05:48:03 EDT","2025-06-21 14:49:10 EDT","2025-06-21 14:49:09 EDT","2025-06-21 14:49:10 EDT",522,Allocated,Allocated,unknown,"/img_imagen_victima.img/vol_vol5/usr/share/doc/util-linux/mount.txt",,,text/plain,txt
pg.txt,"2017-09-18 05:48:03 EDT","2025-06-21 14:49:10 EDT","2025-06-21 14:49:09 EDT","2025-06-21 14:49:10 EDT",448,Allocated,Allocated,unknown,"/img_imagen_victima.img/vol_vol5/usr/share/doc/util-linux/pg.txt",,,text/plain,txt
release-schedule.txt,"2018-06-04 03:57:02 EDT","2025-06-21 14:49:10 EDT","2025-06-21 14:49:09 EDT","2025-06-21 14:49:10 EDT",1355,Allocated,Allocated,unknown,"/img_imagen_victima.img/vol_vol5/usr/share/doc/util-linux/release-schedule.txt",,,text/plain,txt
"LICENCE.ralink-firmware.txt","2023-04-21 01:26:52 EDT","2025-06-21 14:36:18 EDT","2025-06-21 14:35:58 EDT","2025-06-21 14:36:18 EDT",2103,Allocated,Allocated,unknown,"/img_imagen_victima.img/vol_vol5/usr/share/doc/linux-firmware/licenses/LICENCE.ralink-firmware.txt",,,text/plain,txt
"LICENCE.realtek-firmware.txt","2023-04-21 01:26:52 EDT","2025-06-21 14:36:18 EDT","2025-06-21 14:35:58 EDT","2025-06-21 14:36:18 EDT",2115,Allocated,Allocated,unknown,"/img_imagen_victima.img/vol_vol5/usr/share/doc/linux-firmware/licenses/LICENCE.realtek-firmware.txt",,,text/plain,txt
"LICENCE.rtlwifi_firmware.txt","2023-04-21 01:26:52 EDT","2025-06-21 14:36:18 EDT","2025-06-21 14:35:58 EDT","2025-06-21 14:36:18 EDT",2115,Allocated,Allocated,unknown,"/img_imagen_victima.img/vol_vol5/usr/share/doc/linux-firmware/licenses/LICENCE.rtlwifi_firmware.txt",,,text/plain,txt
test_psl.txt,"2020-03-02 19:12:04 EST","2025-06-21 14:35:08 EDT","2025-06-21 14:35:08 EDT","2025-06-21 14:35:08 EDT",4308,Allocated,Allocated,unknown,"/img_imagen_victima.img/vol_vol5/usr/share/doc/publicsuffix/examples/test_psl.txt",,,text/plain,txt
development.txt,"2020-02-08 22:23:44 EST","2025-06-21 14:48:24 EDT","2025-06-21 14:48:24 EDT","2025-06-21 14:48:24 EDT",1466,Allocated,Allocated,unknown,"/img_imagen_victima.img/vol_vol5/usr/share/doc/python3-setuptools/development.txt",,,text/plain,txt
history.txt,"2025-05-28 13:14:28 EDT","2025-06-21 14:48:24 EDT","2025-06-21 14:48:24 EDT","2025-06-21 14:48:24 EDT",1833,Allocated,Allocated,unknown,"/img_imagen_victima.img/vol_vol5/usr/share/doc/python3-setuptools/history.txt",,,text/plain,txt
index.txt,"2020-02-08 22:23:44 EST","2025-06-21 14:48:24 EDT","2025-06-21 14:48:24 EDT","2025-06-21 14:48:24 EDT",564,Allocated,Allocated,unknown,"/img_imagen_victima.img/vol_vol5/usr/share/doc/python3-setuptools/index.txt",,,text/plain,txt
python3.txt,"2020-02-08 22:23:44 EST","2025-06-21 14:48:24 EDT","2025-06-21 14:48:24 EDT","2025-06-21 14:48:24 EDT",3972,Allocated,Allocated,unknown,"/img_imagen_victima.img/vol_vol5/usr/share/doc/python3-setuptools/python3.txt",,,text/plain,txt
releases.txt,"2020-02-08 22:23:44 EST","2025-06-21 14:48:24 EDT","2025-06-21 14:48:24 EDT","2025-06-21 14:48:24 EDT",2741,Allocated,Allocated,unknown,"/img_imagen_victima.img/vol_vol5/usr/share/doc/python3-setuptools/releases.txt",,,text/plain,txt
roadmap.txt,"2020-02-08 22:23:44 EST","2025-06-21 14:48:24 EDT","2025-06-21 14:48:24 EDT","2025-06-21 14:48:24 EDT",161,Allocated,Allocated,unknown,"/img_imagen_victima.img/vol_vol5/usr/share/doc/python3-setuptools/roadmap.txt",,,text/plain,txt
ref_sense.txt,"2011-02-08 16:43:06 EST","2025-06-21 14:35:08 EDT","2025-06-21 14:35:08 EDT","2025-06-21 14:35:08 EDT",305,Allocated,Allocated,unknown,"/img_imagen_victima.img/vol_vol5/usr/share/doc/sg3-utils/examples/ref_sense.txt",,,text/plain,txt
forwarded_sense.txt,"2011-02-10 12:54:48 EST","2025-06-21 14:35:08 EDT","2025-06-21 14:35:08 EDT","2025-06-21 14:35:08 EDT",296,Allocated,Allocated,unknown,"/img_imagen_victima.img/vol_vol5/usr/share/doc/sg3-utils/examples/forwarded_sense.txt",,,text/plain,txt
reassign_addr.txt,"2007-06-26 23:51:21 EDT","2025-06-21 14:35:08 EDT","2025-06-21 14:35:08 EDT","2025-06-21 14:35:08 EDT",465,Allocated,Allocated,unknown,"/img_imagen_victima.img/vol_vol5/usr/share/doc/sg3-utils/examples/reassign_addr.txt",,,text/plain,txt
sdiag_sas_p0_cjtpat.txt,"2009-06-07 22:30:53 EDT","2025-06-21 14:35:08 EDT","2025-06-21 14:35:08 EDT","2025-06-21 14:35:08 EDT",405,Allocated,Allocated,unknown,"/img_imagen_victima.img/vol_vol5/usr/share/doc/sg3-utils/examples/sdiag_sas_p0_cjtpat.txt",,,text/plain,txt
sdiag_sas_p1_cjtpat.txt,"2009-06-07 22:30:53 EDT","2025-06-21 14:35:08 EDT","2025-06-21 14:35:08 EDT","2025-06-21 14:35:08 EDT",464,Allocated,Allocated,unknown,"/img_imagen_victima.img/vol_vol5/usr/share/doc/sg3-utils/examples/sdiag_sas_p1_cjtpat.txt",,,text/plain,txt
sdiag_sas_p1_idle.txt,"2009-06-11 16:41:54 EDT","2025-06-21 14:35:08 EDT","2025-06-21 14:35:08 EDT","2025-06-21 14:35:08 EDT",560,Allocated,Allocated,unknown,"/img_imagen_victima.img/vol_vol5/usr/share/doc/sg3-utils/examples/sdiag_sas_p1_idle.txt",,,text/plain,txt
sdiag_sas_p1_stop.txt,"2007-06-26 23:53:07 EDT","2025-06-21 14:35:08 EDT","2025-06-21 14:35:08 EDT","2025-06-21 14:35:08 EDT",359,Allocated,Allocated,unknown,"/img_imagen_victima.img/vol_vol5/usr/share/doc/sg3-utils/examples/sdiag_sas_p1_stop.txt",,,text/plain,txt
sg_compare_and_write.txt,"2012-12-09 23:59:22 EST","2025-06-21 14:35:08 EDT","2025-06-21 14:35:08 EDT","2025-06-21 14:35:08 EDT",2484,Allocated,Allocated,unknown,"/img_imagen_victima.img/vol_vol5/usr/share/doc/sg3-utils/examples/sg_compare_and_write.txt",,,text/plain,txt
sg_unmap_example.txt,"2009-09-06 12:22:43 EDT","2025-06-21 14:35:08 EDT","2025-06-21 14:35:08 EDT","2025-06-21 14:35:08 EDT",1643,Allocated,Allocated,unknown,"/img_imagen_victima.img/vol_vol5/usr/share/doc/sg3-utils/examples/sg_unmap_example.txt",,,text/plain,txt
transport_ids.txt,"2009-08-24 19:11:14 EDT","2025-06-21 14:35:08 EDT","2025-06-21 14:35:08 EDT","2025-06-21 14:35:08 EDT",1136,Allocated,Allocated,unknown,"/img_imagen_victima.img/vol_vol5/usr/share/doc/sg3-utils/examples/transport_ids.txt",,,text/plain,txt
logins.txt,"2008-02-01 20:30:40 EST","2025-06-21 15:46:40 EDT","2025-06-21 15:46:36 EDT","2025-06-21 15:46:40 EDT",17,Allocated,Allocated,unknown,"/img_imagen_victima.img/vol_vol5/usr/share/doc/vsftpd/examples/VIRTUAL_USERS/logins.txt",,,text/plain,txt
lvmpolld_overview.txt,"2019-11-30 08:57:10 EST","2025-06-21 14:35:07 EDT","2025-06-21 14:35:07 EDT","2025-06-21 14:35:07 EDT",3293,Allocated,Allocated,unknown,"/img_imagen_victima.img/vol_vol5/usr/share/doc/lvm2/lvmpolld_overview.txt",,,text/plain,txt
pvmove_outline.txt,"2019-11-30 08:57:10 EST","2025-06-21 14:35:07 EDT","2025-06-21 14:35:07 EDT","2025-06-21 14:35:07 EDT",1756,Allocated,Allocated,unknown,"/img_imagen_victima.img/vol_vol5/usr/share/doc/lvm2/pvmove_outline.txt",,,text/plain,txt
testing.txt,"2019-11-30 08:57:10 EST","2025-06-21 14:35:07 EDT","2025-06-21 14:35:07 EDT","2025-06-21 14:35:07 EDT",1204,Allocated,Allocated,unknown,"/img_imagen_victima.img/vol_vol5/usr/share/doc/lvm2/testing.txt",,,text/plain,txt
udev_assembly.txt,"2019-11-30 08:57:10 EST","2025-06-21 14:35:07 EDT","2025-06-21 14:35:07 EDT","2025-06-21 14:35:07 EDT",4062,Allocated,Allocated,unknown,"/img_imagen_victima.img/vol_vol5/usr/share/doc/lvm2/udev_assembly.txt",,,text/plain,txt
HACKING.txt,"2009-07-27 11:58:00 EDT","2025-06-21 14:35:08 EDT","2025-06-21 14:35:08 EDT","2025-06-21 14:35:08 EDT",1200,Allocated,Allocated,unknown,"/img_imagen_victima.img/vol_vol5/usr/share/doc/python3-lazr.uri/HACKING.txt",,,text/plain,txt
README.txt,"2012-01-18 06:53:31 EST","2025-06-21 14:35:08 EDT","2025-06-21 14:35:08 EDT","2025-06-21 14:35:08 EDT",4046,Allocated,Allocated,unknown,"/img_imagen_victima.img/vol_vol5/usr/share/doc/python3-lazr.uri/README.txt",,,text/plain,txt
help.be.txt,"2025-06-26 12:57:26 EDT","2025-07-25 12:08:58 EDT","2025-07-25 12:08:57 EDT","2025-07-25 12:08:58 EDT",9741,Allocated,Allocated,unknown,"/img_imagen_victima.img/vol_vol5/usr/share/gnupg/help.be.txt",,,text/plain,txt
help.ca.txt,"2025-06-26 12:57:26 EDT","2025-07-25 12:08:58 EDT","2025-07-25 12:08:57 EDT","2025-07-25 12:08:58 EDT",9741,Allocated,Allocated,unknown,"/img_imagen_victima.img/vol_vol5/usr/share/gnupg/help.ca.txt",,,text/plain,txt
help.cs.txt,"2025-06-26 12:57:26 EDT","2025-07-25 12:08:58 EDT","2025-07-25 12:08:57 EDT","2025-07-25 12:08:58 EDT",9741,Allocated,Allocated,unknown,"/img_imagen_victima.img/vol_vol5/usr/share/gnupg/help.cs.txt",,,text/plain,txt
help.da.txt,"2025-06-26 12:57:26 EDT","2025-07-25 12:08:58 EDT","2025-07-25 12:08:57 EDT","2025-07-25 12:08:58 EDT",9741,Allocated,Allocated,unknown,"/img_imagen_victima.img/vol_vol5/usr/share/gnupg/help.da.txt",,,text/plain,txt
help.de.txt,"2025-06-26 12:57:26 EDT","2025-07-25 12:08:58 EDT","2025-07-25 12:08:57 EDT","2025-07-25 12:08:58 EDT",9013,Allocated,Allocated,unknown,"/img_imagen_victima.img/vol_vol5/usr/share/gnupg/help.de.txt",,,text/plain,txt
help.el.txt,"2025-06-26 12:57:26 EDT","2025-07-25 12:08:58 EDT","2025-07-25 12:08:57 EDT","2025-07-25 12:08:58 EDT",9741,Allocated,Allocated,unknown,"/img_imagen_victima.img/vol_vol5/usr/share/gnupg/help.el.txt",,,text/plain,txt
help.eo.txt,"2025-06-26 12:57:26 EDT","2025-07-25 12:08:58 EDT","2025-07-25 12:08:57 EDT","2025-07-25 12:08:58 EDT",9741,Allocated,Allocated,unknown,"/img_imagen_victima.img/vol_vol5/usr/share/gnupg/help.eo.txt",,,text/plain,txt
help.es.txt,"2025-06-26 12:57:26 EDT","2025-07-25 12:08:58 EDT","2025-07-25 12:08:57 EDT","2025-07-25 12:08:58 EDT",7632,Allocated,Allocated,unknown,"/img_imagen_victima.img/vol_vol5/usr/share/gnupg/help.es.txt",,,text/plain,txt
help.et.txt,"2025-06-26 12:57:26 EDT","2025-07-25 12:08:58 EDT","2025-07-25 12:08:57 EDT","2025-07-25 12:08:58 EDT",9741,Allocated,Allocated,unknown,"/img_imagen_victima.img/vol_vol5/usr/share/gnupg/help.et.txt",,,text/plain,txt
help.fi.txt,"2025-06-26 12:57:26 EDT","2025-07-25 12:08:58 EDT","2025-07-25 12:08:57 EDT","2025-07-25 12:08:58 EDT",7744,Allocated,Allocated,unknown,"/img_imagen_victima.img/vol_vol5/usr/share/gnupg/help.fi.txt",,,text/plain,txt
help.fr.txt,"2025-06-26 12:57:26 EDT","2025-07-25 12:08:58 EDT","2025-07-25 12:08:57 EDT","2025-07-25 12:08:58 EDT",7797,Allocated,Allocated,unknown,"/img_imagen_victima.img/vol_vol5/usr/share/gnupg/help.fr.txt",,,text/plain,txt
help.gl.txt,"2025-06-26 12:57:26 EDT","2025-07-25 12:08:58 EDT","2025-07-25 12:08:57 EDT","2025-07-25 12:08:58 EDT",9741,Allocated,Allocated,unknown,"/img_imagen_victima.img/vol_vol5/usr/share/gnupg/help.gl.txt",,,text/plain,txt
help.hu.txt,"2025-06-26 12:57:26 EDT","2025-07-25 12:08:58 EDT","2025-07-25 12:08:57 EDT","2025-07-25 12:08:58 EDT",8205,Allocated,Allocated,unknown,"/img_imagen_victima.img/vol_vol5/usr/share/gnupg/help.hu.txt",,,text/plain,txt
help.id.txt,"2025-06-26 12:57:26 EDT","2025-07-25 12:08:58 EDT","2025-07-25 12:08:57 EDT","2025-07-25 12:08:58 EDT",7535,Allocated,Allocated,unknown,"/img_imagen_victima.img/vol_vol5/usr/share/gnupg/help.id.txt",,,text/plain,txt
help.it.txt,"2025-06-26 12:57:26 EDT","2025-07-25 12:08:58 EDT","2025-07-25 12:08:57 EDT","2025-07-25 12:08:58 EDT",7691,Allocated,Allocated,unknown,"/img_imagen_victima.img/vol_vol5/usr/share/gnupg/help.it.txt",,,text/plain,txt
help.ja.txt,"2025-06-26 12:57:26 EDT","2025-07-25 12:08:58 EDT","2025-07-25 12:08:57 EDT","2025-07-25 12:08:58 EDT",13621,Allocated,Allocated,unknown,"/img_imagen_victima.img/vol_vol5/usr/share/gnupg/help.ja.txt",,,text/plain,txt
help.nb.txt,"2025-06-26 12:57:26 EDT","2025-07-25 12:08:58 EDT","2025-07-25 12:08:57 EDT","2025-07-25 12:08:58 EDT",9741,Allocated,Allocated,unknown,"/img_imagen_victima.img/vol_vol5/usr/share/gnupg/help.nb.txt",,,text/plain,txt
help.pl.txt,"2025-06-26 12:57:26 EDT","2025-07-25 12:08:58 EDT","2025-07-25 12:08:57 EDT","2025-07-25 12:08:58 EDT",7535,Allocated,Allocated,unknown,"/img_imagen_victima.img/vol_vol5/usr/share/gnupg/help.pl.txt",,,text/plain,txt
help.pt.txt,"2025-06-26 12:57:26 EDT","2025-07-25 12:08:58 EDT","2025-07-25 12:08:57 EDT","2025-07-25 12:08:58 EDT",7873,Allocated,Allocated,unknown,"/img_imagen_victima.img/vol_vol5/usr/share/gnupg/help.pt.txt",,,text/plain,txt
help.pt_BR.txt,"2025-06-26 12:57:26 EDT","2025-07-25 12:08:58 EDT","2025-07-25 12:08:57 EDT","2025-07-25 12:08:58 EDT",7876,Allocated,Allocated,unknown,"/img_imagen_victima.img/vol_vol5/usr/share/gnupg/help.pt_BR.txt",,,text/plain,txt
help.ro.txt,"2025-06-26 12:57:26 EDT","2025-07-25 12:08:58 EDT","2025-07-25 12:08:57 EDT","2025-07-25 12:08:58 EDT",8112,Allocated,Allocated,unknown,"/img_imagen_victima.img/vol_vol5/usr/share/gnupg/help.ro.txt",,,text/plain,txt
help.ru.txt,"2025-06-26 12:57:26 EDT","2025-07-25 12:08:58 EDT","2025-07-25 12:08:57 EDT","2025-07-25 12:08:58 EDT",17735,Allocated,Allocated,unknown,"/img_imagen_victima.img/vol_vol5/usr/share/gnupg/help.ru.txt",,,text/plain,txt
help.sk.txt,"2025-06-26 12:57:26 EDT","2025-07-25 12:08:58 EDT","2025-07-25 12:08:57 EDT","2025-07-25 12:08:58 EDT",8085,Allocated,Allocated,unknown,"/img_imagen_victima.img/vol_vol5/usr/share/gnupg/help.sk.txt",,,text/plain,txt
help.sv.txt,"2025-06-26 12:57:26 EDT","2025-07-25 12:08:58 EDT","2025-07-25 12:08:57 EDT","2025-07-25 12:08:58 EDT",9741,Allocated,Allocated,unknown,"/img_imagen_victima.img/vol_vol5/usr/share/gnupg/help.sv.txt",,,text/plain,txt
help.tr.txt,"2025-06-26 12:57:26 EDT","2025-07-25 12:08:58 EDT","2025-07-25 12:08:57 EDT","2025-07-25 12:08:58 EDT",7651,Allocated,Allocated,unknown,"/img_imagen_victima.img/vol_vol5/usr/share/gnupg/help.tr.txt",,,text/plain,txt
help.txt,"2025-06-26 12:57:26 EDT","2025-07-25 12:08:58 EDT","2025-07-25 12:08:57 EDT","2025-07-25 12:08:58 EDT",13052,Allocated,Allocated,unknown,"/img_imagen_victima.img/vol_vol5/usr/share/gnupg/help.txt",,,text/plain,txt
help.zh_CN.txt,"2025-06-26 12:57:26 EDT","2025-07-25 12:08:58 EDT","2025-07-25 12:08:57 EDT","2025-07-25 12:08:58 EDT",7071,Allocated,Allocated,unknown,"/img_imagen_victima.img/vol_vol5/usr/share/gnupg/help.zh_CN.txt",,,text/plain,txt
help.zh_TW.txt,"2025-06-26 12:57:26 EDT","2025-07-25 12:08:58 EDT","2025-07-25 12:08:57 EDT","2025-07-25 12:08:58 EDT",7102,Allocated,Allocated,unknown,"/img_imagen_victima.img/vol_vol5/usr/share/gnupg/help.zh_TW.txt",,,text/plain,txt
allkeys.txt,"2023-11-23 10:02:19 EST","2025-06-21 14:42:30 EDT","2025-06-21 14:42:28 EDT","2025-06-21 14:42:28 EDT",1840738,Allocated,Allocated,unknown,"/img_imagen_victima.img/vol_vol5/usr/share/perl/5.30.0/Unicode/Collate/allkeys.txt",,,text/plain,txt
keys.txt,"2023-11-23 10:02:19 EST","2025-06-21 14:42:30 EDT","2025-06-21 14:42:28 EDT","2025-06-21 14:42:28 EDT",52838,Allocated,Allocated,unknown,"/img_imagen_victima.img/vol_vol5/usr/share/perl/5.30.0/Unicode/Collate/keys.txt",,,text/plain,txt
Blocks.txt,"2023-11-23 10:02:19 EST","2025-06-21 14:42:30 EDT","2025-06-21 14:42:28 EDT","2025-06-21 14:42:28 EDT",10086,Allocated,Allocated,unknown,"/img_imagen_victima.img/vol_vol5/usr/share/perl/5.30.0/unicore/Blocks.txt",,,text/plain,txt
NamedSequences.txt,"2023-11-23 10:02:19 EST","2025-06-21 14:42:30 EDT","2025-06-21 14:42:28 EDT","2025-06-21 14:42:28 EDT",19005,Allocated,Allocated,unknown,"/img_imagen_victima.img/vol_vol5/usr/share/perl/5.30.0/unicore/NamedSequences.txt",,,text/plain,txt
SpecialCasing.txt,"2023-11-23 10:02:19 EST","2025-06-21 14:42:30 EDT","2025-06-21 14:42:28 EDT","2025-06-21 14:42:28 EDT",16830,Allocated,Allocated,unknown,"/img_imagen_victima.img/vol_vol5/usr/share/perl/5.30.0/unicore/SpecialCasing.txt",,,text/plain,txt
README.txt,"2025-04-02 12:39:51 EDT","2025-06-21 14:49:21 EDT","2025-06-21 14:49:19 EDT","2025-06-21 14:49:20 EDT",773,Allocated,Allocated,unknown,"/img_imagen_victima.img/vol_vol5/usr/share/vim/vim81/autoload/README.txt",,,text/plain,txt
README.txt,"2025-04-02 12:39:51 EDT","2025-06-21 14:49:21 EDT","2025-06-21 14:49:19 EDT","2025-06-21 14:49:20 EDT",3274,Allocated,Allocated,unknown,"/img_imagen_victima.img/vol_vol5/usr/share/vim/vim81/colors/README.txt",,,text/plain,txt
README.txt,"2025-05-26 04:09:37 EDT","2025-06-21 14:50:11 EDT","2025-06-21 14:50:10 EDT","2025-06-21 14:50:10 EDT",18696,Unallocated,Allocated,unknown,"/img_imagen_victima.img/vol_vol5/usr/share/vim/vim81/compiler/README.txt",,,application/x-sharedlib,txt
README.txt,"2025-04-02 12:39:51 EDT","2025-06-21 14:49:21 EDT","2025-06-21 14:49:19 EDT","2025-06-21 14:49:20 EDT",437,Allocated,Allocated,unknown,"/img_imagen_victima.img/vol_vol5/usr/share/vim/vim81/compiler/README.txt",,,text/plain,txt
arabic.txt,"2025-05-26 04:09:37 EDT","2025-06-21 14:50:11 EDT","2025-06-21 14:50:10 EDT","2025-06-21 14:50:10 EDT",18696,Unallocated,Allocated,unknown,"/img_imagen_victima.img/vol_vol5/usr/share/vim/vim81/doc/arabic.txt",,,application/x-sharedlib,txt
autocmd.txt,"2025-05-26 04:09:37 EDT","2025-06-21 14:50:11 EDT","2025-06-21 14:50:10 EDT","2025-06-21 14:50:10 EDT",18696,Unallocated,Allocated,unknown,"/img_imagen_victima.img/vol_vol5/usr/share/vim/vim81/doc/autocmd.txt",,,application/x-sharedlib,txt
change.txt,"2025-05-26 04:09:37 EDT","2025-06-21 14:50:11 EDT","2025-06-21 14:50:10 EDT","2025-06-21 14:50:10 EDT",18696,Unallocated,Allocated,unknown,"/img_imagen_victima.img/vol_vol5/usr/share/vim/vim81/doc/change.txt",,,application/x-sharedlib,txt
channel.txt,"2025-05-26 04:09:37 EDT","2025-06-21 14:50:11 EDT","2025-06-21 14:50:10 EDT","2025-06-21 14:50:10 EDT",18696,Unallocated,Allocated,unknown,"/img_imagen_victima.img/vol_vol5/usr/share/vim/vim81/doc/channel.txt",,,application/x-sharedlib,txt
cmdline.txt,"2025-05-26 04:09:37 EDT","2025-06-21 14:50:11 EDT","2025-06-21 14:50:10 EDT","2025-06-21 14:50:10 EDT",18696,Unallocated,Allocated,unknown,"/img_imagen_victima.img/vol_vol5/usr/share/vim/vim81/doc/cmdline.txt",,,application/x-sharedlib,txt
debug.txt,"2025-05-26 04:09:37 EDT","2025-06-21 14:50:11 EDT","2025-06-21 14:50:10 EDT","2025-06-21 14:50:10 EDT",18696,Unallocated,Allocated,unknown,"/img_imagen_victima.img/vol_vol5/usr/share/vim/vim81/doc/debug.txt",,,application/x-sharedlib,txt
debugger.txt,"2025-05-26 04:09:37 EDT","2025-06-21 14:50:11 EDT","2025-06-21 14:50:10 EDT","2025-06-21 14:50:10 EDT",18696,Unallocated,Allocated,unknown,"/img_imagen_victima.img/vol_vol5/usr/share/vim/vim81/doc/debugger.txt",,,application/x-sharedlib,txt
develop.txt,"2025-05-26 04:09:37 EDT","2025-06-21 14:50:11 EDT","2025-06-21 14:50:10 EDT","2025-06-21 14:50:10 EDT",18696,Unallocated,Allocated,unknown,"/img_imagen_victima.img/vol_vol5/usr/share/vim/vim81/doc/develop.txt",,,application/x-sharedlib,txt
diff.txt,"2025-05-26 04:09:37 EDT","2025-06-21 14:50:11 EDT","2025-06-21 14:50:10 EDT","2025-06-21 14:50:10 EDT",18696,Unallocated,Allocated,unknown,"/img_imagen_victima.img/vol_vol5/usr/share/vim/vim81/doc/diff.txt",,,application/x-sharedlib,txt
digraph.txt,"2025-05-26 04:09:37 EDT","2025-06-21 14:50:11 EDT","2025-06-21 14:50:10 EDT","2025-06-21 14:50:10 EDT",18696,Unallocated,Allocated,unknown,"/img_imagen_victima.img/vol_vol5/usr/share/vim/vim81/doc/digraph.txt",,,application/x-sharedlib,txt
editing.txt,"2025-05-26 04:09:37 EDT","2025-06-21 14:50:11 EDT","2025-06-21 14:50:10 EDT","2025-06-21 14:50:10 EDT",18696,Unallocated,Allocated,unknown,"/img_imagen_victima.img/vol_vol5/usr/share/vim/vim81/doc/editing.txt",,,application/x-sharedlib,txt
eval.txt,"2025-05-26 04:09:37 EDT","2025-06-21 14:50:11 EDT","2025-06-21 14:50:10 EDT","2025-06-21 14:50:10 EDT",18696,Unallocated,Allocated,unknown,"/img_imagen_victima.img/vol_vol5/usr/share/vim/vim81/doc/eval.txt",,,application/x-sharedlib,txt
farsi.txt,"2025-05-26 04:09:37 EDT","2025-06-21 14:50:11 EDT","2025-06-21 14:50:10 EDT","2025-06-21 14:50:10 EDT",18696,Unallocated,Allocated,unknown,"/img_imagen_victima.img/vol_vol5/usr/share/vim/vim81/doc/farsi.txt",,,application/x-sharedlib,txt
filetype.txt,"2025-05-26 04:09:37 EDT","2025-06-21 14:50:11 EDT","2025-06-21 14:50:10 EDT","2025-06-21 14:50:10 EDT",18696,Unallocated,Allocated,unknown,"/img_imagen_victima.img/vol_vol5/usr/share/vim/vim81/doc/filetype.txt",,,application/x-sharedlib,txt
fold.txt,"2025-05-26 04:09:37 EDT","2025-06-21 14:50:11 EDT","2025-06-21 14:50:10 EDT","2025-06-21 14:50:10 EDT",18696,Unallocated,Allocated,unknown,"/img_imagen_victima.img/vol_vol5/usr/share/vim/vim81/doc/fold.txt",,,application/x-sharedlib,txt
ft_ada.txt,"2025-05-26 04:09:37 EDT","2025-06-21 14:50:11 EDT","2025-06-21 14:50:10 EDT","2025-06-21 14:50:10 EDT",18696,Unallocated,Allocated,unknown,"/img_imagen_victima.img/vol_vol5/usr/share/vim/vim81/doc/ft_ada.txt",,,application/x-sharedlib,txt
ft_rust.txt,"2025-05-26 04:09:37 EDT","2025-06-21 14:50:11 EDT","2025-06-21 14:50:10 EDT","2025-06-21 14:50:10 EDT",18696,Unallocated,Allocated,unknown,"/img_imagen_victima.img/vol_vol5/usr/share/vim/vim81/doc/ft_rust.txt",,,application/x-sharedlib,txt
ft_sql.txt,"2025-05-26 04:09:37 EDT","2025-06-21 14:50:11 EDT","2025-06-21 14:50:10 EDT","2025-06-21 14:50:10 EDT",18696,Unallocated,Allocated,unknown,"/img_imagen_victima.img/vol_vol5/usr/share/vim/vim81/doc/ft_sql.txt",,,application/x-sharedlib,txt
gui.txt,"2025-05-26 04:09:37 EDT","2025-06-21 14:50:11 EDT","2025-06-21 14:50:10 EDT","2025-06-21 14:50:10 EDT",18696,Unallocated,Allocated,unknown,"/img_imagen_victima.img/vol_vol5/usr/share/vim/vim81/doc/gui.txt",,,application/x-sharedlib,txt
gui_w32.txt,"2025-05-26 04:09:37 EDT","2025-06-21 14:50:11 EDT","2025-06-21 14:50:10 EDT","2025-06-21 14:50:10 EDT",18696,Unallocated,Allocated,unknown,"/img_imagen_victima.img/vol_vol5/usr/share/vim/vim81/doc/gui_w32.txt",,,application/x-sharedlib,txt
gui_x11.txt,"2025-05-26 04:09:37 EDT","2025-06-21 14:50:11 EDT","2025-06-21 14:50:10 EDT","2025-06-21 14:50:10 EDT",18696,Unallocated,Allocated,unknown,"/img_imagen_victima.img/vol_vol5/usr/share/vim/vim81/doc/gui_x11.txt",,,application/x-sharedlib,txt
hangulin.txt,"2025-05-26 04:09:37 EDT","2025-06-21 14:50:11 EDT","2025-06-21 14:50:10 EDT","2025-06-21 14:50:10 EDT",18696,Unallocated,Allocated,unknown,"/img_imagen_victima.img/vol_vol5/usr/share/vim/vim81/doc/hangulin.txt",,,application/x-sharedlib,txt
hebrew.txt,"2025-05-26 04:09:37 EDT","2025-06-21 14:50:11 EDT","2025-06-21 14:50:10 EDT","2025-06-21 14:50:10 EDT",18696,Unallocated,Allocated,unknown,"/img_imagen_victima.img/vol_vol5/usr/share/vim/vim81/doc/hebrew.txt",,,application/x-sharedlib,txt
help.txt,"2025-05-26 04:09:37 EDT","2025-06-21 14:50:11 EDT","2025-06-21 14:50:10 EDT","2025-06-21 14:50:10 EDT",18696,Unallocated,Allocated,unknown,"/img_imagen_victima.img/vol_vol5/usr/share/vim/vim81/doc/help.txt",,,application/x-sharedlib,txt
pi_getscript.txt,"2025-05-26 04:09:37 EDT","2025-06-21 14:50:11 EDT","2025-06-21 14:50:10 EDT","2025-06-21 14:50:10 EDT",18696,Unallocated,Allocated,unknown,"/img_imagen_victima.img/vol_vol5/usr/share/vim/vim81/doc/pi_getscript.txt",,,application/x-sharedlib,txt
helphelp.txt,"2025-05-26 04:09:37 EDT","2025-06-21 14:50:11 EDT","2025-06-21 14:50:10 EDT","2025-06-21 14:50:10 EDT",18696,Unallocated,Allocated,unknown,"/img_imagen_victima.img/vol_vol5/usr/share/vim/vim81/doc/helphelp.txt",,,application/x-sharedlib,txt
howto.txt,"2025-05-26 04:09:37 EDT","2025-06-21 14:50:11 EDT","2025-06-21 14:50:10 EDT","2025-06-21 14:50:10 EDT",18696,Unallocated,Allocated,unknown,"/img_imagen_victima.img/vol_vol5/usr/share/vim/vim81/doc/howto.txt",,,application/x-sharedlib,txt
if_cscop.txt,"2025-05-26 04:09:37 EDT","2025-06-21 14:50:11 EDT","2025-06-21 14:50:10 EDT","2025-06-21 14:50:10 EDT",18696,Unallocated,Allocated,unknown,"/img_imagen_victima.img/vol_vol5/usr/share/vim/vim81/doc/if_cscop.txt",,,application/x-sharedlib,txt
if_lua.txt,"2025-05-26 04:09:37 EDT","2025-06-21 14:50:11 EDT","2025-06-21 14:50:10 EDT","2025-06-21 14:50:10 EDT",100616,Unallocated,Allocated,unknown,"/img_imagen_victima.img/vol_vol5/usr/share/vim/vim81/doc/if_lua.txt",,,application/x-sharedlib,txt
if_mzsch.txt,"2025-05-26 04:09:37 EDT","2025-06-21 14:50:11 EDT","2025-06-21 14:50:10 EDT","2025-06-21 14:50:10 EDT",76040,Unallocated,Allocated,unknown,"/img_imagen_victima.img/vol_vol5/usr/share/vim/vim81/doc/if_mzsch.txt",,,application/x-sharedlib,txt
if_ole.txt,"2025-05-26 04:09:37 EDT","2025-06-21 14:50:11 EDT","2025-06-21 14:50:10 EDT","2025-06-21 14:50:10 EDT",121096,Unallocated,Allocated,unknown,"/img_imagen_victima.img/vol_vol5/usr/share/vim/vim81/doc/if_ole.txt",,,application/x-sharedlib,txt
if_perl.txt,"2025-05-26 04:09:37 EDT","2025-06-21 14:50:11 EDT","2025-06-21 14:50:10 EDT","2025-06-21 14:50:10 EDT",88328,Unallocated,Allocated,unknown,"/img_imagen_victima.img/vol_vol5/usr/share/vim/vim81/doc/if_perl.txt",,,application/x-sharedlib,txt
if_pyth.txt,"2025-05-26 04:09:37 EDT","2025-06-21 14:50:11 EDT","2025-06-21 14:50:10 EDT","2025-06-21 14:50:10 EDT",117000,Unallocated,Allocated,unknown,"/img_imagen_victima.img/vol_vol5/usr/share/vim/vim81/doc/if_pyth.txt",,,application/x-sharedlib,txt
if_ruby.txt,"2025-05-26 04:09:37 EDT","2025-06-21 14:50:11 EDT","2025-06-21 14:50:10 EDT","2025-06-21 14:50:10 EDT",100616,Unallocated,Allocated,unknown,"/img_imagen_victima.img/vol_vol5/usr/share/vim/vim81/doc/if_ruby.txt",,,application/x-sharedlib,txt
if_sniff.txt,"2025-05-26 04:09:37 EDT","2025-06-21 14:50:11 EDT","2025-06-21 14:50:10 EDT","2025-06-21 14:50:10 EDT",76040,Unallocated,Allocated,unknown,"/img_imagen_victima.img/vol_vol5/usr/share/vim/vim81/doc/if_sniff.txt",,,application/x-sharedlib,txt
if_tcl.txt,"2025-05-26 04:09:37 EDT","2025-06-21 14:50:11 EDT","2025-06-21 14:50:10 EDT","2025-06-21 14:50:10 EDT",18696,Unallocated,Allocated,unknown,"/img_imagen_victima.img/vol_vol5/usr/share/vim/vim81/doc/if_tcl.txt",,,application/x-sharedlib,txt
indent.txt,"2025-05-26 04:09:37 EDT","2025-06-21 14:50:11 EDT","2025-06-21 14:50:10 EDT","2025-06-21 14:50:10 EDT",18696,Unallocated,Allocated,unknown,"/img_imagen_victima.img/vol_vol5/usr/share/vim/vim81/doc/indent.txt",,,application/x-sharedlib,txt
index.txt,"2025-05-26 04:09:37 EDT","2025-06-21 14:50:11 EDT","2025-06-21 14:50:10 EDT","2025-06-21 14:50:10 EDT",18696,Unallocated,Allocated,unknown,"/img_imagen_victima.img/vol_vol5/usr/share/vim/vim81/doc/index.txt",,,application/x-sharedlib,txt
insert.txt,"2025-05-26 04:09:37 EDT","2025-06-21 14:50:11 EDT","2025-06-21 14:50:10 EDT","2025-06-21 14:50:10 EDT",18696,Unallocated,Allocated,unknown,"/img_imagen_victima.img/vol_vol5/usr/share/vim/vim81/doc/insert.txt",,,application/x-sharedlib,txt
intro.txt,"2025-05-26 04:09:37 EDT","2025-06-21 14:50:11 EDT","2025-06-21 14:50:10 EDT","2025-06-21 14:50:10 EDT",18696,Unallocated,Allocated,unknown,"/img_imagen_victima.img/vol_vol5/usr/share/vim/vim81/doc/intro.txt",,,application/x-sharedlib,txt
map.txt,"2025-05-26 04:09:37 EDT","2025-06-21 14:50:11 EDT","2025-06-21 14:50:10 EDT","2025-06-21 14:50:10 EDT",18696,Unallocated,Allocated,unknown,"/img_imagen_victima.img/vol_vol5/usr/share/vim/vim81/doc/map.txt",,,application/x-sharedlib,txt
mbyte.txt,"2025-05-26 04:09:37 EDT","2025-06-21 14:50:11 EDT","2025-06-21 14:50:10 EDT","2025-06-21 14:50:10 EDT",47376,Unallocated,Allocated,unknown,"/img_imagen_victima.img/vol_vol5/usr/share/vim/vim81/doc/mbyte.txt",,,application/x-sharedlib,txt
message.txt,"2025-05-26 04:09:37 EDT","2025-06-21 14:50:11 EDT","2025-06-21 14:50:10 EDT","2025-06-21 14:50:10 EDT",35080,Unallocated,Allocated,unknown,"/img_imagen_victima.img/vol_vol5/usr/share/vim/vim81/doc/message.txt",,,application/x-sharedlib,txt
mlang.txt,"2025-05-26 04:09:37 EDT","2025-06-21 14:50:11 EDT","2025-06-21 14:50:10 EDT","2025-06-21 14:50:10 EDT",30984,Unallocated,Allocated,unknown,"/img_imagen_victima.img/vol_vol5/usr/share/vim/vim81/doc/mlang.txt",,,application/x-sharedlib,txt
motion.txt,"2025-05-26 04:09:37 EDT","2025-06-21 14:50:11 EDT","2025-06-21 14:50:10 EDT","2025-06-21 14:50:10 EDT",51496,Unallocated,Allocated,unknown,"/img_imagen_victima.img/vol_vol5/usr/share/vim/vim81/doc/motion.txt",,,application/x-sharedlib,txt
netbeans.txt,"2025-05-26 04:09:37 EDT","2025-06-21 14:50:11 EDT","2025-06-21 14:50:10 EDT","2025-06-21 14:50:10 EDT",22792,Unallocated,Allocated,unknown,"/img_imagen_victima.img/vol_vol5/usr/share/vim/vim81/doc/netbeans.txt",,,application/x-sharedlib,txt
options.txt,"2025-05-26 04:09:37 EDT","2025-06-21 14:50:11 EDT","2025-06-21 14:50:10 EDT","2025-06-21 14:50:10 EDT",18696,Unallocated,Allocated,unknown,"/img_imagen_victima.img/vol_vol5/usr/share/vim/vim81/doc/options.txt",,,application/x-sharedlib,txt
os_390.txt,"2025-05-26 04:09:37 EDT","2025-06-21 14:50:11 EDT","2025-06-21 14:50:10 EDT","2025-06-21 14:50:10 EDT",18696,Unallocated,Allocated,unknown,"/img_imagen_victima.img/vol_vol5/usr/share/vim/vim81/doc/os_390.txt",,,application/x-sharedlib,txt
os_amiga.txt,"2025-05-26 04:09:37 EDT","2025-06-21 14:50:11 EDT","2025-06-21 14:50:10 EDT","2025-06-21 14:50:10 EDT",31016,Unallocated,Allocated,unknown,"/img_imagen_victima.img/vol_vol5/usr/share/vim/vim81/doc/os_amiga.txt",,,application/x-sharedlib,txt
os_beos.txt,"2025-05-26 04:09:37 EDT","2025-06-21 14:50:11 EDT","2025-06-21 14:50:10 EDT","2025-06-21 14:50:10 EDT",18696,Unallocated,Allocated,unknown,"/img_imagen_victima.img/vol_vol5/usr/share/vim/vim81/doc/os_beos.txt",,,application/x-sharedlib,txt
os_dos.txt,"2025-05-26 04:09:37 EDT","2025-06-21 14:50:11 EDT","2025-06-21 14:50:10 EDT","2025-06-21 14:50:10 EDT",18696,Unallocated,Allocated,unknown,"/img_imagen_victima.img/vol_vol5/usr/share/vim/vim81/doc/os_dos.txt",,,application/x-sharedlib,txt
os_mac.txt,"2025-05-26 04:09:37 EDT","2025-06-21 14:50:11 EDT","2025-06-21 14:50:10 EDT","2025-06-21 14:50:10 EDT",18696,Unallocated,Allocated,unknown,"/img_imagen_victima.img/vol_vol5/usr/share/vim/vim81/doc/os_mac.txt",,,application/x-sharedlib,txt
os_mint.txt,"2025-05-26 04:09:37 EDT","2025-06-21 14:50:11 EDT","2025-06-21 14:50:10 EDT","2025-06-21 14:50:10 EDT",18696,Unallocated,Allocated,unknown,"/img_imagen_victima.img/vol_vol5/usr/share/vim/vim81/doc/os_mint.txt",,,application/x-sharedlib,txt
os_msdos.txt,"2025-05-26 04:09:37 EDT","2025-06-21 14:50:11 EDT","2025-06-21 14:50:10 EDT","2025-06-21 14:50:10 EDT",18696,Unallocated,Allocated,unknown,"/img_imagen_victima.img/vol_vol5/usr/share/vim/vim81/doc/os_msdos.txt",,,application/x-sharedlib,txt
os_os2.txt,"2025-05-26 04:09:37 EDT","2025-06-21 14:50:11 EDT","2025-06-21 14:50:10 EDT","2025-06-21 14:50:10 EDT",18696,Unallocated,Allocated,unknown,"/img_imagen_victima.img/vol_vol5/usr/share/vim/vim81/doc/os_os2.txt",,,application/x-sharedlib,txt
os_qnx.txt,"2025-05-26 04:09:37 EDT","2025-06-21 14:50:11 EDT","2025-06-21 14:50:10 EDT","2025-06-21 14:50:10 EDT",18696,Unallocated,Allocated,unknown,"/img_imagen_victima.img/vol_vol5/usr/share/vim/vim81/doc/os_qnx.txt",,,application/x-sharedlib,txt
os_risc.txt,"2025-05-26 04:09:37 EDT","2025-06-21 14:50:11 EDT","2025-06-21 14:50:10 EDT","2025-06-21 14:50:10 EDT",18696,Unallocated,Allocated,unknown,"/img_imagen_victima.img/vol_vol5/usr/share/vim/vim81/doc/os_risc.txt",,,application/x-sharedlib,txt
os_unix.txt,"2025-05-26 04:09:37 EDT","2025-06-21 14:50:11 EDT","2025-06-21 14:50:10 EDT","2025-06-21 14:50:10 EDT",18696,Unallocated,Allocated,unknown,"/img_imagen_victima.img/vol_vol5/usr/share/vim/vim81/doc/os_unix.txt",,,application/x-sharedlib,txt
os_vms.txt,"2025-05-26 04:09:37 EDT","2025-06-21 14:50:11 EDT","2025-06-21 14:50:10 EDT","2025-06-21 14:50:10 EDT",18696,Unallocated,Allocated,unknown,"/img_imagen_victima.img/vol_vol5/usr/share/vim/vim81/doc/os_vms.txt",,,application/x-sharedlib,txt
os_win32.txt,"2025-05-26 04:09:37 EDT","2025-06-21 14:50:11 EDT","2025-06-21 14:50:10 EDT","2025-06-21 14:50:10 EDT",18696,Unallocated,Allocated,unknown,"/img_imagen_victima.img/vol_vol5/usr/share/vim/vim81/doc/os_win32.txt",,,application/x-sharedlib,txt
pattern.txt,"2025-05-26 04:09:37 EDT","2025-06-21 14:50:11 EDT","2025-06-21 14:50:10 EDT","2025-06-21 14:50:10 EDT",18696,Unallocated,Allocated,unknown,"/img_imagen_victima.img/vol_vol5/usr/share/vim/vim81/doc/pattern.txt",,,application/x-sharedlib,txt
pi_logipat.txt,"2025-05-26 04:09:37 EDT","2025-06-21 14:50:11 EDT","2025-06-21 14:50:10 EDT","2025-06-21 14:50:10 EDT",18696,Unallocated,Allocated,unknown,"/img_imagen_victima.img/vol_vol5/usr/share/vim/vim81/doc/pi_logipat.txt",,,application/x-sharedlib,txt
pi_gzip.txt,"2025-05-26 04:09:37 EDT","2025-06-21 14:50:11 EDT","2025-06-21 14:50:10 EDT","2025-06-21 14:50:10 EDT",18696,Unallocated,Allocated,unknown,"/img_imagen_victima.img/vol_vol5/usr/share/vim/vim81/doc/pi_gzip.txt",,,application/x-sharedlib,txt
pi_vimball.txt,"2025-05-26 04:09:37 EDT","2025-06-21 14:50:11 EDT","2025-06-21 14:50:10 EDT","2025-06-21 14:50:10 EDT",18696,Unallocated,Allocated,unknown,"/img_imagen_victima.img/vol_vol5/usr/share/vim/vim81/doc/pi_vimball.txt",,,application/x-sharedlib,txt
pi_netrw.txt,"2025-05-26 04:09:37 EDT","2025-06-21 14:50:11 EDT","2025-06-21 14:50:10 EDT","2025-06-21 14:50:10 EDT",18696,Unallocated,Allocated,unknown,"/img_imagen_victima.img/vol_vol5/usr/share/vim/vim81/doc/pi_netrw.txt",,,application/x-sharedlib,txt
pi_paren.txt,"2025-05-26 04:09:37 EDT","2025-06-21 14:50:11 EDT","2025-06-21 14:50:10 EDT","2025-06-21 14:50:10 EDT",18696,Unallocated,Allocated,unknown,"/img_imagen_victima.img/vol_vol5/usr/share/vim/vim81/doc/pi_paren.txt",,,application/x-sharedlib,txt
pi_spec.txt,"2025-05-26 04:09:37 EDT","2025-06-21 14:50:11 EDT","2025-06-21 14:50:10 EDT","2025-06-21 14:50:10 EDT",18696,Unallocated,Allocated,unknown,"/img_imagen_victima.img/vol_vol5/usr/share/vim/vim81/doc/pi_spec.txt",,,application/x-sharedlib,txt
pi_tar.txt,"2025-05-26 04:09:37 EDT","2025-06-21 14:50:11 EDT","2025-06-21 14:50:10 EDT","2025-06-21 14:50:10 EDT",18696,Unallocated,Allocated,unknown,"/img_imagen_victima.img/vol_vol5/usr/share/vim/vim81/doc/pi_tar.txt",,,application/x-sharedlib,txt
pi_zip.txt,"2025-05-26 04:09:37 EDT","2025-06-21 14:50:11 EDT","2025-06-21 14:50:10 EDT","2025-06-21 14:50:10 EDT",18696,Unallocated,Allocated,unknown,"/img_imagen_victima.img/vol_vol5/usr/share/vim/vim81/doc/pi_zip.txt",,,application/x-sharedlib,txt
popup.txt,"2025-05-26 04:09:37 EDT","2025-06-21 14:50:11 EDT","2025-06-21 14:50:10 EDT","2025-06-21 14:50:10 EDT",18696,Unallocated,Allocated,unknown,"/img_imagen_victima.img/vol_vol5/usr/share/vim/vim81/doc/popup.txt",,,application/x-sharedlib,txt
print.txt,"2025-05-26 04:09:37 EDT","2025-06-21 14:50:11 EDT","2025-06-21 14:50:10 EDT","2025-06-21 14:50:10 EDT",26888,Unallocated,Allocated,unknown,"/img_imagen_victima.img/vol_vol5/usr/share/vim/vim81/doc/print.txt",,,application/x-sharedlib,txt
quickfix.txt,"2025-05-26 04:09:37 EDT","2025-06-21 14:50:11 EDT","2025-06-21 14:50:10 EDT","2025-06-21 14:50:10 EDT",26888,Unallocated,Allocated,unknown,"/img_imagen_victima.img/vol_vol5/usr/share/vim/vim81/doc/quickfix.txt",,,application/x-sharedlib,txt
quickref.txt,"2025-05-26 04:09:37 EDT","2025-06-21 14:50:11 EDT","2025-06-21 14:50:10 EDT","2025-06-21 14:50:10 EDT",22792,Unallocated,Allocated,unknown,"/img_imagen_victima.img/vol_vol5/usr/share/vim/vim81/doc/quickref.txt",,,application/x-sharedlib,txt
quotes.txt,"2025-05-26 04:09:37 EDT","2025-06-21 14:50:11 EDT","2025-06-21 14:50:10 EDT","2025-06-21 14:50:10 EDT",18696,Unallocated,Allocated,unknown,"/img_imagen_victima.img/vol_vol5/usr/share/vim/vim81/doc/quotes.txt",,,application/x-sharedlib,txt
recover.txt,"2025-05-26 04:09:37 EDT","2025-06-21 14:50:11 EDT","2025-06-21 14:50:10 EDT","2025-06-21 14:50:10 EDT",18696,Unallocated,Allocated,unknown,"/img_imagen_victima.img/vol_vol5/usr/share/vim/vim81/doc/recover.txt",,,application/x-sharedlib,txt
remote.txt,"2025-05-26 04:09:37 EDT","2025-06-21 14:50:11 EDT","2025-06-21 14:50:10 EDT","2025-06-21 14:50:10 EDT",18696,Unallocated,Allocated,unknown,"/img_imagen_victima.img/vol_vol5/usr/share/vim/vim81/doc/remote.txt",,,application/x-sharedlib,txt
repeat.txt,"2025-05-26 04:09:37 EDT","2025-06-21 14:50:11 EDT","2025-06-21 14:50:10 EDT","2025-06-21 14:50:10 EDT",18696,Unallocated,Allocated,unknown,"/img_imagen_victima.img/vol_vol5/usr/share/vim/vim81/doc/repeat.txt",,,application/x-sharedlib,txt
rileft.txt,"2025-05-26 04:09:37 EDT","2025-06-21 14:50:11 EDT","2025-06-21 14:50:10 EDT","2025-06-21 14:50:10 EDT",18696,Unallocated,Allocated,unknown,"/img_imagen_victima.img/vol_vol5/usr/share/vim/vim81/doc/rileft.txt",,,application/x-sharedlib,txt
russian.txt,"2025-05-26 04:09:37 EDT","2025-06-21 14:50:11 EDT","2025-06-21 14:50:10 EDT","2025-06-21 14:50:10 EDT",18696,Unallocated,Allocated,unknown,"/img_imagen_victima.img/vol_vol5/usr/share/vim/vim81/doc/russian.txt",,,application/x-sharedlib,txt
scroll.txt,"2025-05-26 04:09:37 EDT","2025-06-21 14:50:11 EDT","2025-06-21 14:50:10 EDT","2025-06-21 14:50:10 EDT",18696,Unallocated,Allocated,unknown,"/img_imagen_victima.img/vol_vol5/usr/share/vim/vim81/doc/scroll.txt",,,application/x-sharedlib,txt
sign.txt,"2025-05-26 04:09:37 EDT","2025-06-21 14:50:11 EDT","2025-06-21 14:50:10 EDT","2025-06-21 14:50:10 EDT",18696,Unallocated,Allocated,unknown,"/img_imagen_victima.img/vol_vol5/usr/share/vim/vim81/doc/sign.txt",,,application/x-sharedlib,txt
spell.txt,"2025-05-26 04:09:37 EDT","2025-06-21 14:50:11 EDT","2025-06-21 14:50:10 EDT","2025-06-21 14:50:10 EDT",18696,Unallocated,Allocated,unknown,"/img_imagen_victima.img/vol_vol5/usr/share/vim/vim81/doc/spell.txt",,,application/x-sharedlib,txt
sponsor.txt,"2025-05-26 04:09:37 EDT","2025-06-21 14:50:11 EDT","2025-06-21 14:50:10 EDT","2025-06-21 14:50:10 EDT",18696,Unallocated,Allocated,unknown,"/img_imagen_victima.img/vol_vol5/usr/share/vim/vim81/doc/sponsor.txt",,,application/x-sharedlib,txt
starting.txt,"2025-05-26 04:09:37 EDT","2025-06-21 14:50:11 EDT","2025-06-21 14:50:10 EDT","2025-06-21 14:50:10 EDT",18696,Unallocated,Allocated,unknown,"/img_imagen_victima.img/vol_vol5/usr/share/vim/vim81/doc/starting.txt",,,application/x-sharedlib,txt
syntax.txt,"2025-05-26 04:09:37 EDT","2025-06-21 14:50:11 EDT","2025-06-21 14:50:10 EDT","2025-06-21 14:50:10 EDT",18696,Unallocated,Allocated,unknown,"/img_imagen_victima.img/vol_vol5/usr/share/vim/vim81/doc/syntax.txt",,,application/x-sharedlib,txt
tabpage.txt,"2025-05-26 04:09:37 EDT","2025-06-21 14:50:11 EDT","2025-06-21 14:50:10 EDT","2025-06-21 14:50:10 EDT",18696,Unallocated,Allocated,unknown,"/img_imagen_victima.img/vol_vol5/usr/share/vim/vim81/doc/tabpage.txt",,,application/x-sharedlib,txt
tagsrch.txt,"2025-05-26 04:09:37 EDT","2025-06-21 14:50:11 EDT","2025-06-21 14:50:10 EDT","2025-06-21 14:50:10 EDT",18696,Unallocated,Allocated,unknown,"/img_imagen_victima.img/vol_vol5/usr/share/vim/vim81/doc/tagsrch.txt",,,application/x-sharedlib,txt
term.txt,"2025-05-26 04:09:37 EDT","2025-06-21 14:50:11 EDT","2025-06-21 14:50:10 EDT","2025-06-21 14:50:10 EDT",18696,Unallocated,Allocated,unknown,"/img_imagen_victima.img/vol_vol5/usr/share/vim/vim81/doc/term.txt",,,application/x-sharedlib,txt
terminal.txt,"2025-05-26 04:09:37 EDT","2025-06-21 14:50:11 EDT","2025-06-21 14:50:10 EDT","2025-06-21 14:50:10 EDT",18696,Unallocated,Allocated,unknown,"/img_imagen_victima.img/vol_vol5/usr/share/vim/vim81/doc/terminal.txt",,,application/x-sharedlib,txt
testing.txt,"2025-05-26 04:09:37 EDT","2025-06-21 14:50:11 EDT","2025-06-21 14:50:10 EDT","2025-06-21 14:50:10 EDT",18696,Unallocated,Allocated,unknown,"/img_imagen_victima.img/vol_vol5/usr/share/vim/vim81/doc/testing.txt",,,application/x-sharedlib,txt
textprop.txt,"2025-05-26 04:09:37 EDT","2025-06-21 14:50:11 EDT","2025-06-21 14:50:10 EDT","2025-06-21 14:50:10 EDT",22792,Unallocated,Allocated,unknown,"/img_imagen_victima.img/vol_vol5/usr/share/vim/vim81/doc/textprop.txt",,,application/x-sharedlib,txt
tips.txt,"2025-05-26 04:09:37 EDT","2025-06-21 14:50:11 EDT","2025-06-21 14:50:10 EDT","2025-06-21 14:50:10 EDT",100616,Unallocated,Allocated,unknown,"/img_imagen_victima.img/vol_vol5/usr/share/vim/vim81/doc/tips.txt",,,application/x-sharedlib,txt
todo.txt,"2025-05-26 04:09:37 EDT","2025-06-21 14:50:11 EDT","2025-06-21 14:50:10 EDT","2025-06-21 14:50:10 EDT",26888,Unallocated,Allocated,unknown,"/img_imagen_victima.img/vol_vol5/usr/share/vim/vim81/doc/todo.txt",,,application/x-sharedlib,txt
uganda.txt,"2025-05-26 04:09:37 EDT","2025-06-21 14:50:11 EDT","2025-06-21 14:50:10 EDT","2025-06-21 14:50:10 EDT",18704,Unallocated,Allocated,unknown,"/img_imagen_victima.img/vol_vol5/usr/share/vim/vim81/doc/uganda.txt",,,application/x-sharedlib,txt
undo.txt,"2025-05-26 04:09:37 EDT","2025-06-21 14:50:11 EDT","2025-06-21 14:50:10 EDT","2025-06-21 14:50:10 EDT",18696,Unallocated,Allocated,unknown,"/img_imagen_victima.img/vol_vol5/usr/share/vim/vim81/doc/undo.txt",,,application/x-sharedlib,txt
usr_01.txt,"2025-05-26 04:09:37 EDT","2025-06-21 14:50:11 EDT","2025-06-21 14:50:10 EDT","2025-06-21 14:50:10 EDT",26888,Unallocated,Allocated,unknown,"/img_imagen_victima.img/vol_vol5/usr/share/vim/vim81/doc/usr_01.txt",,,application/x-sharedlib,txt
usr_02.txt,"2025-05-26 04:09:37 EDT","2025-06-21 14:50:11 EDT","2025-06-21 14:50:10 EDT","2025-06-21 14:50:10 EDT",76040,Unallocated,Allocated,unknown,"/img_imagen_victima.img/vol_vol5/usr/share/vim/vim81/doc/usr_02.txt",,,application/x-sharedlib,txt
usr_03.txt,"2025-05-26 04:09:37 EDT","2025-06-21 14:50:11 EDT","2025-06-21 14:50:10 EDT","2025-06-21 14:50:10 EDT",18712,Unallocated,Allocated,unknown,"/img_imagen_victima.img/vol_vol5/usr/share/vim/vim81/doc/usr_03.txt",,,application/x-sharedlib,txt
usr_04.txt,"2025-05-26 04:09:37 EDT","2025-06-21 14:50:11 EDT","2025-06-21 14:50:10 EDT","2025-06-21 14:50:10 EDT",18720,Unallocated,Allocated,unknown,"/img_imagen_victima.img/vol_vol5/usr/share/vim/vim81/doc/usr_04.txt",,,application/x-sharedlib,txt
usr_05.txt,"2025-05-26 04:09:37 EDT","2025-06-21 14:50:11 EDT","2025-06-21 14:50:10 EDT","2025-06-21 14:50:10 EDT",18720,Unallocated,Allocated,unknown,"/img_imagen_victima.img/vol_vol5/usr/share/vim/vim81/doc/usr_05.txt",,,application/x-sharedlib,txt
usr_06.txt,"2025-05-26 04:09:37 EDT","2025-06-21 14:50:11 EDT","2025-06-21 14:50:10 EDT","2025-06-21 14:50:10 EDT",30992,Unallocated,Allocated,unknown,"/img_imagen_victima.img/vol_vol5/usr/share/vim/vim81/doc/usr_06.txt",,,application/x-sharedlib,txt
usr_07.txt,"2025-05-26 04:09:37 EDT","2025-06-21 14:50:11 EDT","2025-06-21 14:50:10 EDT","2025-06-21 14:50:10 EDT",18696,Unallocated,Allocated,unknown,"/img_imagen_victima.img/vol_vol5/usr/share/vim/vim81/doc/usr_07.txt",,,application/x-sharedlib,txt
usr_08.txt,"2025-05-26 04:09:37 EDT","2025-06-21 14:50:11 EDT","2025-06-21 14:50:10 EDT","2025-06-21 14:50:10 EDT",56353,Unallocated,Allocated,unknown,"/img_imagen_victima.img/vol_vol5/usr/share/vim/vim81/doc/usr_08.txt",,,text/plain,txt
usr_09.txt,"2025-05-26 04:09:37 EDT","2025-06-21 14:50:11 EDT","2025-08-07 06:52:37 EDT","2025-06-21 14:50:10 EDT",27002,Unallocated,Allocated,unknown,"/img_imagen_victima.img/vol_vol5/usr/share/vim/vim81/doc/usr_09.txt",,,text/plain,txt
usr_10.txt,"2025-05-26 04:09:37 EDT","2025-06-21 14:50:11 EDT","2025-06-21 14:50:10 EDT","2025-06-21 14:50:10 EDT",473096,Unallocated,Allocated,unknown,"/img_imagen_victima.img/vol_vol5/usr/share/vim/vim81/doc/usr_10.txt",,,application/x-sharedlib,txt
usr_11.txt,"2025-05-26 04:09:37 EDT","2025-06-21 14:50:11 EDT","2025-06-21 14:50:10 EDT","2025-06-21 14:50:10 EDT",71688,Unallocated,Allocated,unknown,"/img_imagen_victima.img/vol_vol5/usr/share/vim/vim81/doc/usr_11.txt",,,application/x-sharedlib,txt
usr_12.txt,"2025-05-26 04:09:37 EDT","2025-06-21 14:50:11 EDT","2025-06-21 14:50:10 EDT","2025-06-21 14:50:10 EDT",63496,Unallocated,Allocated,unknown,"/img_imagen_victima.img/vol_vol5/usr/share/vim/vim81/doc/usr_12.txt",,,application/x-sharedlib,txt
usr_20.txt,"2025-05-26 04:09:37 EDT","2025-06-21 14:50:11 EDT","2025-06-21 14:50:10 EDT","2025-06-21 14:50:10 EDT",104456,Unallocated,Allocated,unknown,"/img_imagen_victima.img/vol_vol5/usr/share/vim/vim81/doc/usr_20.txt",,,application/x-sharedlib,txt
usr_21.txt,"2025-05-26 04:09:37 EDT","2025-06-21 14:50:11 EDT","2025-06-21 14:50:10 EDT","2025-06-21 14:50:10 EDT",129032,Unallocated,Allocated,unknown,"/img_imagen_victima.img/vol_vol5/usr/share/vim/vim81/doc/usr_21.txt",,,application/x-sharedlib,txt
usr_22.txt,"2025-05-26 04:09:37 EDT","2025-06-21 14:50:11 EDT","2025-06-21 14:50:10 EDT","2025-06-21 14:50:10 EDT",51208,Unallocated,Allocated,unknown,"/img_imagen_victima.img/vol_vol5/usr/share/vim/vim81/doc/usr_22.txt",,,application/x-sharedlib,txt
usr_23.txt,"2025-05-26 04:09:37 EDT","2025-06-21 14:50:11 EDT","2025-06-21 14:50:10 EDT","2025-06-21 14:50:10 EDT",1704,Unallocated,Allocated,unknown,"/img_imagen_victima.img/vol_vol5/usr/share/vim/vim81/doc/usr_23.txt",,,application/x-gzip,txt
usr_24.txt,"2025-05-26 04:09:37 EDT","2025-06-21 14:50:11 EDT","2025-06-21 14:50:10 EDT","2025-06-21 14:50:10 EDT",98891,Unallocated,Allocated,unknown,"/img_imagen_victima.img/vol_vol5/usr/share/vim/vim81/doc/usr_24.txt",,,application/x-gzip,txt
usr_25.txt,"2025-05-26 04:09:37 EDT","2025-06-21 14:50:11 EDT","2025-06-21 14:50:10 EDT","2025-06-21 14:50:10 EDT",2648,Unallocated,Allocated,unknown,"/img_imagen_victima.img/vol_vol5/usr/share/vim/vim81/doc/usr_25.txt",,,application/x-gzip,txt
usr_26.txt,"2020-02-01 06:52:50 EST","2025-06-21 14:50:11 EDT","2025-06-21 14:50:10 EDT","2025-06-21 14:50:10 EDT",2357,Unallocated,Allocated,unknown,"/img_imagen_victima.img/vol_vol5/usr/share/vim/vim81/doc/usr_26.txt",,,application/x-gzip,txt
usr_27.txt,"2025-05-26 04:09:37 EDT","2025-06-21 14:50:11 EDT","2025-06-21 14:50:10 EDT","2025-06-21 14:50:10 EDT",2182,Unallocated,Allocated,unknown,"/img_imagen_victima.img/vol_vol5/usr/share/vim/vim81/doc/usr_27.txt",,,application/x-gzip,txt
usr_28.txt,"2023-07-26 03:44:39 EDT","2025-06-21 14:50:11 EDT","2025-06-21 14:50:10 EDT","2025-06-21 14:50:10 EDT",25467,Unallocated,Allocated,unknown,"/img_imagen_victima.img/vol_vol5/usr/share/vim/vim81/doc/usr_28.txt",,,text/plain,txt
usr_29.txt,"2025-05-26 04:09:37 EDT","2025-06-21 14:50:11 EDT","2025-06-21 14:50:10 EDT","2025-06-21 14:50:10 EDT",560,Unallocated,Allocated,unknown,"/img_imagen_victima.img/vol_vol5/usr/share/vim/vim81/doc/usr_29.txt",,,text/plain,txt
usr_30.txt,"2025-05-26 04:09:37 EDT","2025-06-21 14:50:11 EDT","2025-06-21 14:50:12 EDT","2025-06-21 14:50:10 EDT",10,Unallocated,Allocated,unknown,"/img_imagen_victima.img/vol_vol5/usr/share/vim/vim81/doc/usr_30.txt",,,application/octet-stream,txt
usr_31.txt,"2020-02-16 23:47:35 EST","2025-06-21 14:55:40 EDT","2025-06-21 14:55:38 EDT","2025-06-21 14:55:39 EDT",342,Unallocated,Allocated,unknown,"/img_imagen_victima.img/vol_vol5/usr/share/vim/vim81/doc/usr_31.txt",,,text/plain,txt
usr_32.txt,"2025-05-26 04:09:37 EDT","2025-06-21 14:50:11 EDT","2025-06-21 14:50:12 EDT","2025-06-21 14:50:10 EDT",23,Unallocated,Allocated,unknown,"/img_imagen_victima.img/vol_vol5/usr/share/vim/vim81/doc/usr_32.txt",,,application/octet-stream,txt
usr_40.txt,"2020-02-16 23:47:35 EST","2025-06-21 14:55:40 EDT","2025-06-21 14:55:38 EDT","2025-06-21 14:55:39 EDT",421,Unallocated,Allocated,unknown,"/img_imagen_victima.img/vol_vol5/usr/share/vim/vim81/doc/usr_40.txt",,,text/plain,txt
usr_41.txt,"2025-05-26 04:09:37 EDT","2025-06-21 14:50:11 EDT","2025-06-21 14:50:12 EDT","2025-06-21 14:50:10 EDT",14,Unallocated,Allocated,unknown,"/img_imagen_victima.img/vol_vol5/usr/share/vim/vim81/doc/usr_41.txt",,,application/octet-stream,txt
usr_42.txt,"2020-02-16 23:47:35 EST","2025-06-21 14:55:40 EDT","2025-06-21 14:55:38 EDT","2025-06-21 14:55:39 EDT",21253,Unallocated,Allocated,unknown,"/img_imagen_victima.img/vol_vol5/usr/share/vim/vim81/doc/usr_42.txt",,,text/plain,txt
usr_43.txt,"2025-05-26 04:09:37 EDT","2025-06-21 14:50:11 EDT","2025-08-07 06:52:33 EDT","2025-06-21 14:50:10 EDT",12,Unallocated,Allocated,unknown,"/img_imagen_victima.img/vol_vol5/usr/share/vim/vim81/doc/usr_43.txt",,,application/octet-stream,txt
usr_44.txt,"2020-02-16 23:47:35 EST","2025-06-21 14:55:40 EDT","2025-06-21 14:55:38 EDT","2025-06-21 14:55:39 EDT",254,Unallocated,Allocated,unknown,"/img_imagen_victima.img/vol_vol5/usr/share/vim/vim81/doc/usr_44.txt",,,text/plain,txt
usr_45.txt,"2025-05-26 04:09:37 EDT","2025-06-21 14:50:11 EDT","2025-08-07 06:52:33 EDT","2025-06-21 14:50:10 EDT",13,Unallocated,Allocated,unknown,"/img_imagen_victima.img/vol_vol5/usr/share/vim/vim81/doc/usr_45.txt",,,application/octet-stream,txt
usr_90.txt,"2020-02-16 23:47:35 EST","2025-06-21 14:55:40 EDT","2025-06-21 14:55:38 EDT","2025-06-21 14:55:39 EDT",656,Unallocated,Allocated,unknown,"/img_imagen_victima.img/vol_vol5/usr/share/vim/vim81/doc/usr_90.txt",,,text/plain,txt
usr_toc.txt,"2025-05-26 04:09:37 EDT","2025-06-21 14:50:11 EDT","2025-08-07 06:52:33 EDT","2025-06-21 14:50:10 EDT",12,Unallocated,Allocated,unknown,"/img_imagen_victima.img/vol_vol5/usr/share/vim/vim81/doc/usr_toc.txt",,,application/octet-stream,txt
various.txt,"2020-02-16 23:47:35 EST","2025-06-21 14:55:40 EDT","2025-06-21 14:55:38 EDT","2025-06-21 14:55:39 EDT",859,Unallocated,Allocated,unknown,"/img_imagen_victima.img/vol_vol5/usr/share/vim/vim81/doc/various.txt",,,text/plain,txt
version4.txt,"2025-05-26 04:09:37 EDT","2025-06-21 14:50:11 EDT","2025-06-21 14:50:12 EDT","2025-06-21 14:50:10 EDT",15,Unallocated,Allocated,unknown,"/img_imagen_victima.img/vol_vol5/usr/share/vim/vim81/doc/version4.txt",,,application/octet-stream,txt
version5.txt,"2020-02-16 23:47:35 EST","2025-06-21 14:55:40 EDT","2025-06-21 14:55:38 EDT","2025-06-21 14:55:39 EDT",1912,Unallocated,Allocated,unknown,"/img_imagen_victima.img/vol_vol5/usr/share/vim/vim81/doc/version5.txt",,,text/plain,txt
version6.txt,"2025-05-26 04:09:37 EDT","2025-06-21 14:50:11 EDT","2025-08-07 06:52:43 EDT","2025-06-21 14:50:10 EDT",14,Unallocated,Allocated,unknown,"/img_imagen_victima.img/vol_vol5/usr/share/vim/vim81/doc/version6.txt",,,application/octet-stream,txt
version7.txt,"2020-02-16 23:47:35 EST","2025-06-21 14:55:40 EDT","2025-06-21 14:55:38 EDT","2025-06-21 14:55:39 EDT",1466,Unallocated,Allocated,unknown,"/img_imagen_victima.img/vol_vol5/usr/share/vim/vim81/doc/version7.txt",,,text/plain,txt
version8.txt,"2025-05-26 04:09:37 EDT","2025-06-21 14:50:11 EDT","2025-06-21 14:50:12 EDT","2025-06-21 14:50:10 EDT",21,Unallocated,Allocated,unknown,"/img_imagen_victima.img/vol_vol5/usr/share/vim/vim81/doc/version8.txt",,,application/octet-stream,txt
vi_diff.txt,"2020-02-16 23:47:35 EST","2025-06-21 14:55:40 EDT","2025-06-21 14:55:38 EDT","2025-06-21 14:55:39 EDT",1686,Unallocated,Allocated,unknown,"/img_imagen_victima.img/vol_vol5/usr/share/vim/vim81/doc/vi_diff.txt",,,text/plain,txt
visual.txt,"2020-02-16 23:47:35 EST","2025-06-21 14:55:40 EDT","2025-06-21 14:55:38 EDT","2025-06-21 14:55:39 EDT",20348,Unallocated,Allocated,unknown,"/img_imagen_victima.img/vol_vol5/usr/share/vim/vim81/doc/visual.txt",,,text/plain,txt
windows.txt,"2025-05-26 04:09:37 EDT","2025-06-21 14:50:11 EDT","2025-08-07 06:52:33 EDT","2025-06-21 14:50:10 EDT",20,Unallocated,Allocated,unknown,"/img_imagen_victima.img/vol_vol5/usr/share/vim/vim81/doc/windows.txt",,,application/octet-stream,txt
workshop.txt,"2020-02-16 23:47:35 EST","2025-06-21 14:55:40 EDT","2025-06-21 14:55:38 EDT","2025-06-21 14:55:39 EDT",15197,Unallocated,Allocated,unknown,"/img_imagen_victima.img/vol_vol5/usr/share/vim/vim81/doc/workshop.txt",,,text/plain,txt
autocmd.txt,"2025-04-02 12:39:51 EDT","2025-06-21 14:49:21 EDT","2025-06-21 14:49:19 EDT","2025-06-21 14:49:20 EDT",69821,Allocated,Allocated,unknown,"/img_imagen_victima.img/vol_vol5/usr/share/vim/vim81/doc/autocmd.txt",,,text/plain,txt
debugger.txt,"2025-04-02 12:39:51 EDT","2025-06-21 14:49:22 EDT","2025-06-21 14:49:19 EDT","2025-06-21 14:49:20 EDT",5879,Allocated,Allocated,unknown,"/img_imagen_victima.img/vol_vol5/usr/share/vim/vim81/doc/debugger.txt",,,text/plain,txt
editing.txt,"2025-04-02 12:39:51 EDT","2025-06-21 14:49:22 EDT","2025-06-21 14:49:19 EDT","2025-06-21 14:49:20 EDT",73069,Allocated,Allocated,unknown,"/img_imagen_victima.img/vol_vol5/usr/share/vim/vim81/doc/editing.txt",,,text/plain,txt
fold.txt,"2025-04-02 12:39:51 EDT","2025-06-21 14:49:22 EDT","2025-06-21 14:49:19 EDT","2025-06-21 14:49:20 EDT",23689,Allocated,Allocated,unknown,"/img_imagen_victima.img/vol_vol5/usr/share/vim/vim81/doc/fold.txt",,,text/plain,txt
ft_ada.txt,"2025-04-02 12:39:51 EDT","2025-06-21 14:49:22 EDT","2025-06-21 14:49:19 EDT","2025-06-21 14:49:20 EDT",18246,Allocated,Allocated,unknown,"/img_imagen_victima.img/vol_vol5/usr/share/vim/vim81/doc/ft_ada.txt",,,text/plain,txt
ft_rust.txt,"2025-04-02 12:39:51 EDT","2025-06-21 14:49:22 EDT","2025-06-21 14:49:19 EDT","2025-06-21 14:49:20 EDT",9596,Allocated,Allocated,unknown,"/img_imagen_victima.img/vol_vol5/usr/share/vim/vim81/doc/ft_rust.txt",,,text/plain,txt
if_mzsch.txt,"2025-04-02 12:39:51 EDT","2025-06-21 14:49:22 EDT","2025-06-21 14:49:19 EDT","2025-06-21 14:49:20 EDT",11963,Allocated,Allocated,unknown,"/img_imagen_victima.img/vol_vol5/usr/share/vim/vim81/doc/if_mzsch.txt",,,text/plain,txt
message.txt,"2025-04-02 12:39:51 EDT","2025-06-21 14:49:22 EDT","2025-06-21 14:49:19 EDT","2025-06-21 14:49:20 EDT",31228,Allocated,Allocated,unknown,"/img_imagen_victima.img/vol_vol5/usr/share/vim/vim81/doc/message.txt",,,text/plain,txt
netbeans.txt,"2025-04-02 12:39:51 EDT","2025-06-21 14:49:22 EDT","2025-06-21 14:49:19 EDT","2025-06-21 14:49:20 EDT",37573,Allocated,Allocated,unknown,"/img_imagen_victima.img/vol_vol5/usr/share/vim/vim81/doc/netbeans.txt",,,text/plain,txt
os_390.txt,"2025-04-02 12:39:51 EDT","2025-06-21 14:49:22 EDT","2025-06-21 14:49:19 EDT","2025-06-21 14:49:20 EDT",4750,Allocated,Allocated,unknown,"/img_imagen_victima.img/vol_vol5/usr/share/vim/vim81/doc/os_390.txt",,,text/plain,txt
os_beos.txt,"2025-04-02 12:39:51 EDT","2025-06-21 14:49:22 EDT","2025-06-21 14:49:19 EDT","2025-06-21 14:49:20 EDT",10988,Allocated,Allocated,unknown,"/img_imagen_victima.img/vol_vol5/usr/share/vim/vim81/doc/os_beos.txt",,,text/plain,txt
os_mint.txt,"2025-04-02 12:39:51 EDT","2025-06-21 14:49:22 EDT","2025-06-21 14:49:19 EDT","2025-06-21 14:49:20 EDT",1407,Allocated,Allocated,unknown,"/img_imagen_victima.img/vol_vol5/usr/share/vim/vim81/doc/os_mint.txt",,,text/plain,txt
pi_gzip.txt,"2025-04-02 12:39:51 EDT","2025-06-21 14:49:22 EDT","2025-06-21 14:49:19 EDT","2025-06-21 14:49:20 EDT",1294,Allocated,Allocated,unknown,"/img_imagen_victima.img/vol_vol5/usr/share/vim/vim81/doc/pi_gzip.txt",,,text/plain,txt
pi_netrw.txt,"2025-04-02 12:39:51 EDT","2025-06-21 14:49:22 EDT","2025-06-21 14:49:19 EDT","2025-06-21 14:49:20 EDT",176566,Allocated,Allocated,unknown,"/img_imagen_victima.img/vol_vol5/usr/share/vim/vim81/doc/pi_netrw.txt",,,text/plain,txt
pi_paren.txt,"2025-04-02 12:39:51 EDT","2025-06-21 14:49:22 EDT","2025-06-21 14:49:19 EDT","2025-06-21 14:49:20 EDT",2274,Allocated,Allocated,unknown,"/img_imagen_victima.img/vol_vol5/usr/share/vim/vim81/doc/pi_paren.txt",,,text/plain,txt
pi_tar.txt,"2025-04-02 12:39:51 EDT","2025-06-21 14:49:22 EDT","2025-06-21 14:49:19 EDT","2025-06-21 14:49:20 EDT",6662,Allocated,Allocated,unknown,"/img_imagen_victima.img/vol_vol5/usr/share/vim/vim81/doc/pi_tar.txt",,,text/plain,txt
popup.txt,"2025-04-02 12:39:51 EDT","2025-06-21 14:49:22 EDT","2025-06-21 14:49:19 EDT","2025-06-21 14:49:20 EDT",36537,Allocated,Allocated,unknown,"/img_imagen_victima.img/vol_vol5/usr/share/vim/vim81/doc/popup.txt",,,text/plain,txt
recover.txt,"2025-04-02 12:39:51 EDT","2025-06-21 14:49:22 EDT","2025-06-21 14:49:19 EDT","2025-06-21 14:49:20 EDT",10705,Allocated,Allocated,unknown,"/img_imagen_victima.img/vol_vol5/usr/share/vim/vim81/doc/recover.txt",,,text/plain,txt
repeat.txt,"2025-04-02 12:39:51 EDT","2025-06-21 14:49:22 EDT","2025-06-21 14:49:19 EDT","2025-06-21 14:49:20 EDT",41020,Allocated,Allocated,unknown,"/img_imagen_victima.img/vol_vol5/usr/share/vim/vim81/doc/repeat.txt",,,text/plain,txt
textprop.txt,"2025-04-02 12:39:51 EDT","2025-06-21 14:49:22 EDT","2025-06-21 14:49:19 EDT","2025-06-21 14:49:20 EDT",13870,Allocated,Allocated,unknown,"/img_imagen_victima.img/vol_vol5/usr/share/vim/vim81/doc/textprop.txt",,,text/plain,txt
usr_04.txt,"2025-04-02 12:39:51 EDT","2025-06-21 14:49:22 EDT","2025-06-21 14:49:19 EDT","2025-06-21 14:49:20 EDT",19087,Allocated,Allocated,unknown,"/img_imagen_victima.img/vol_vol5/usr/share/vim/vim81/doc/usr_04.txt",,,text/plain,txt
usr_05.txt,"2025-04-02 12:39:51 EDT","2025-06-21 14:49:22 EDT","2025-06-21 14:49:19 EDT","2025-06-21 14:49:20 EDT",27058,Allocated,Allocated,unknown,"/img_imagen_victima.img/vol_vol5/usr/share/vim/vim81/doc/usr_05.txt",,,text/plain,txt
usr_10.txt,"2025-04-02 12:39:51 EDT","2025-06-21 14:49:22 EDT","2025-06-21 14:49:19 EDT","2025-06-21 14:49:20 EDT",29185,Allocated,Allocated,unknown,"/img_imagen_victima.img/vol_vol5/usr/share/vim/vim81/doc/usr_10.txt",,,text/plain,txt
usr_21.txt,"2025-04-02 12:39:51 EDT","2025-06-21 14:49:22 EDT","2025-06-21 14:49:19 EDT","2025-06-21 14:49:20 EDT",18456,Allocated,Allocated,unknown,"/img_imagen_victima.img/vol_vol5/usr/share/vim/vim81/doc/usr_21.txt",,,text/plain,txt
usr_23.txt,"2025-04-02 12:39:51 EDT","2025-06-21 14:49:22 EDT","2025-06-21 14:49:19 EDT","2025-06-21 14:49:20 EDT",12705,Allocated,Allocated,unknown,"/img_imagen_victima.img/vol_vol5/usr/share/vim/vim81/doc/usr_23.txt",,,text/plain,txt
usr_42.txt,"2025-04-02 12:39:51 EDT","2025-06-21 14:49:22 EDT","2025-06-21 14:49:19 EDT","2025-06-21 14:49:20 EDT",13854,Allocated,Allocated,unknown,"/img_imagen_victima.img/vol_vol5/usr/share/vim/vim81/doc/usr_42.txt",,,text/plain,txt
usr_90.txt,"2025-04-02 12:39:51 EDT","2025-06-21 14:49:22 EDT","2025-06-21 14:49:19 EDT","2025-06-21 14:49:20 EDT",17580,Allocated,Allocated,unknown,"/img_imagen_victima.img/vol_vol5/usr/share/vim/vim81/doc/usr_90.txt",,,text/plain,txt
version4.txt,"2025-04-02 12:39:51 EDT","2025-06-21 14:49:22 EDT","2025-06-21 14:49:19 EDT","2025-06-21 14:49:20 EDT",13911,Allocated,Allocated,unknown,"/img_imagen_victima.img/vol_vol5/usr/share/vim/vim81/doc/version4.txt",,,text/plain,txt
visual.txt,"2025-04-02 12:39:51 EDT","2025-06-21 14:49:22 EDT","2025-06-21 14:49:19 EDT","2025-06-21 14:49:20 EDT",21775,Allocated,Allocated,unknown,"/img_imagen_victima.img/vol_vol5/usr/share/vim/vim81/doc/visual.txt",,,text/plain,txt
workshop.txt,"2025-04-02 12:39:51 EDT","2025-06-21 14:49:22 EDT","2025-06-21 14:49:19 EDT","2025-06-21 14:49:20 EDT",371,Allocated,Allocated,unknown,"/img_imagen_victima.img/vol_vol5/usr/share/vim/vim81/doc/workshop.txt",,,text/plain,txt
usr_07.txt,"2025-04-02 12:39:51 EDT","2025-06-21 14:49:22 EDT","2025-06-21 14:49:19 EDT","2025-06-21 14:49:20 EDT",15989,Allocated,Allocated,unknown,"/img_imagen_victima.img/vol_vol5/usr/share/vim/vim81/doc/usr_07.txt",,,text/plain,txt
usr_03.txt,"2025-04-02 12:39:51 EDT","2025-06-21 14:49:22 EDT","2025-06-21 14:49:19 EDT","2025-06-21 14:49:20 EDT",23610,Allocated,Allocated,unknown,"/img_imagen_victima.img/vol_vol5/usr/share/vim/vim81/doc/usr_03.txt",,,text/plain,txt
sponsor.txt,"2025-04-02 12:39:51 EDT","2025-06-21 14:49:22 EDT","2025-06-21 14:49:19 EDT","2025-06-21 14:49:20 EDT",7203,Allocated,Allocated,unknown,"/img_imagen_victima.img/vol_vol5/usr/share/vim/vim81/doc/sponsor.txt",,,text/plain,txt
version8.txt,"2025-04-02 12:39:51 EDT","2025-06-21 14:49:22 EDT","2025-06-21 14:49:19 EDT","2025-06-21 14:49:20 EDT",1323626,Allocated,Allocated,unknown,"/img_imagen_victima.img/vol_vol5/usr/share/vim/vim81/doc/version8.txt",,,text/plain,txt
map.txt,"2025-04-02 12:39:51 EDT","2025-06-21 14:49:22 EDT","2025-06-21 14:49:19 EDT","2025-06-21 14:49:20 EDT",66344,Allocated,Allocated,unknown,"/img_imagen_victima.img/vol_vol5/usr/share/vim/vim81/doc/map.txt",,,text/plain,txt
motion.txt,"2025-04-02 12:39:51 EDT","2025-06-21 14:49:22 EDT","2025-06-21 14:49:19 EDT","2025-06-21 14:49:20 EDT",51086,Allocated,Allocated,unknown,"/img_imagen_victima.img/vol_vol5/usr/share/vim/vim81/doc/motion.txt",,,text/plain,txt
usr_09.txt,"2025-04-02 12:39:51 EDT","2025-06-21 14:49:22 EDT","2025-06-21 14:49:19 EDT","2025-06-21 14:49:20 EDT",11502,Allocated,Allocated,unknown,"/img_imagen_victima.img/vol_vol5/usr/share/vim/vim81/doc/usr_09.txt",,,text/plain,txt
indent.txt,"2025-04-02 12:39:51 EDT","2025-06-21 14:49:22 EDT","2025-06-21 14:49:19 EDT","2025-06-21 14:49:20 EDT",41698,Allocated,Allocated,unknown,"/img_imagen_victima.img/vol_vol5/usr/share/vim/vim81/doc/indent.txt",,,text/plain,txt
version5.txt,"2025-04-02 12:39:51 EDT","2025-06-21 14:49:22 EDT","2025-06-21 14:49:19 EDT","2025-06-21 14:49:20 EDT",308541,Allocated,Allocated,unknown,"/img_imagen_victima.img/vol_vol5/usr/share/vim/vim81/doc/version5.txt",,,text/plain,txt
usr_32.txt,"2025-04-02 12:39:51 EDT","2025-06-21 14:49:22 EDT","2025-06-21 14:49:19 EDT","2025-06-21 14:49:20 EDT",5378,Allocated,Allocated,unknown,"/img_imagen_victima.img/vol_vol5/usr/share/vim/vim81/doc/usr_32.txt",,,text/plain,txt
os_qnx.txt,"2025-04-02 12:39:51 EDT","2025-06-21 14:49:22 EDT","2025-06-21 14:49:19 EDT","2025-06-21 14:49:20 EDT",4071,Allocated,Allocated,unknown,"/img_imagen_victima.img/vol_vol5/usr/share/vim/vim81/doc/os_qnx.txt",,,text/plain,txt
todo.txt,"2025-04-02 12:39:51 EDT","2025-06-21 14:49:22 EDT","2025-06-21 14:49:19 EDT","2025-06-21 14:49:20 EDT",308789,Allocated,Allocated,unknown,"/img_imagen_victima.img/vol_vol5/usr/share/vim/vim81/doc/todo.txt",,,text/plain,txt
hebrew.txt,"2025-04-02 12:39:51 EDT","2025-06-21 14:49:22 EDT","2025-06-21 14:49:19 EDT","2025-06-21 14:49:20 EDT",5666,Allocated,Allocated,unknown,"/img_imagen_victima.img/vol_vol5/usr/share/vim/vim81/doc/hebrew.txt",,,text/plain,txt
usr_45.txt,"2025-04-02 12:39:51 EDT","2025-06-21 14:49:22 EDT","2025-06-21 14:49:19 EDT","2025-06-21 14:49:20 EDT",17650,Allocated,Allocated,unknown,"/img_imagen_victima.img/vol_vol5/usr/share/vim/vim81/doc/usr_45.txt",,,text/plain,txt
usr_29.txt,"2025-04-02 12:39:51 EDT","2025-06-21 14:49:22 EDT","2025-06-21 14:49:19 EDT","2025-06-21 14:49:20 EDT",20121,Allocated,Allocated,unknown,"/img_imagen_victima.img/vol_vol5/usr/share/vim/vim81/doc/usr_29.txt",,,text/plain,txt
os_amiga.txt,"2025-04-02 12:39:51 EDT","2025-06-21 14:49:22 EDT","2025-06-21 14:49:19 EDT","2025-06-21 14:49:20 EDT",5466,Allocated,Allocated,unknown,"/img_imagen_victima.img/vol_vol5/usr/share/vim/vim81/doc/os_amiga.txt",,,text/plain,txt
pi_zip.txt,"2025-04-02 12:39:51 EDT","2025-06-21 14:49:22 EDT","2025-06-21 14:49:19 EDT","2025-06-21 14:49:20 EDT",7040,Allocated,Allocated,unknown,"/img_imagen_victima.img/vol_vol5/usr/share/vim/vim81/doc/pi_zip.txt",,,text/plain,txt
channel.txt,"2025-04-02 12:39:51 EDT","2025-06-21 14:49:21 EDT","2025-06-21 14:49:19 EDT","2025-06-21 14:49:20 EDT",48550,Allocated,Allocated,unknown,"/img_imagen_victima.img/vol_vol5/usr/share/vim/vim81/doc/channel.txt",,,text/plain,txt
if_ole.txt,"2025-04-02 12:39:51 EDT","2025-06-21 14:49:22 EDT","2025-06-21 14:49:19 EDT","2025-06-21 14:49:20 EDT",7362,Allocated,Allocated,unknown,"/img_imagen_victima.img/vol_vol5/usr/share/vim/vim81/doc/if_ole.txt",,,text/plain,txt
debug.txt,"2025-04-02 12:39:51 EDT","2025-06-21 14:49:22 EDT","2025-06-21 14:49:19 EDT","2025-06-21 14:49:20 EDT",6896,Allocated,Allocated,unknown,"/img_imagen_victima.img/vol_vol5/usr/share/vim/vim81/doc/debug.txt",,,text/plain,txt
hangulin.txt,"2025-04-02 12:39:51 EDT","2025-06-21 14:49:22 EDT","2025-06-21 14:49:19 EDT","2025-06-21 14:49:20 EDT",3296,Allocated,Allocated,unknown,"/img_imagen_victima.img/vol_vol5/usr/share/vim/vim81/doc/hangulin.txt",,,text/plain,txt
usr_30.txt,"2025-04-02 12:39:51 EDT","2025-06-21 14:49:22 EDT","2025-06-21 14:49:19 EDT","2025-06-21 14:49:20 EDT",22661,Allocated,Allocated,unknown,"/img_imagen_victima.img/vol_vol5/usr/share/vim/vim81/doc/usr_30.txt",,,text/plain,txt
diff.txt,"2025-04-02 12:39:51 EDT","2025-06-21 14:49:22 EDT","2025-06-21 14:49:19 EDT","2025-06-21 14:49:20 EDT",16820,Allocated,Allocated,unknown,"/img_imagen_victima.img/vol_vol5/usr/share/vim/vim81/doc/diff.txt",,,text/plain,txt
sign.txt,"2025-04-02 12:39:51 EDT","2025-06-21 14:49:22 EDT","2025-06-21 14:49:19 EDT","2025-06-21 14:49:20 EDT",24920,Allocated,Allocated,unknown,"/img_imagen_victima.img/vol_vol5/usr/share/vim/vim81/doc/sign.txt",,,text/plain,txt
develop.txt,"2025-04-02 12:39:51 EDT","2025-06-21 14:49:22 EDT","2025-06-21 14:49:19 EDT","2025-06-21 14:49:20 EDT",22694,Allocated,Allocated,unknown,"/img_imagen_victima.img/vol_vol5/usr/share/vim/vim81/doc/develop.txt",,,text/plain,txt
if_tcl.txt,"2025-04-02 12:39:51 EDT","2025-06-21 14:49:22 EDT","2025-06-21 14:49:19 EDT","2025-06-21 14:49:20 EDT",22968,Allocated,Allocated,unknown,"/img_imagen_victima.img/vol_vol5/usr/share/vim/vim81/doc/if_tcl.txt",,,text/plain,txt
vi_diff.txt,"2025-04-02 12:39:51 EDT","2025-06-21 14:49:22 EDT","2025-06-21 14:49:19 EDT","2025-06-21 14:49:20 EDT",57621,Allocated,Allocated,unknown,"/img_imagen_victima.img/vol_vol5/usr/share/vim/vim81/doc/vi_diff.txt",,,text/plain,txt
undo.txt,"2025-04-02 12:39:51 EDT","2025-06-21 14:49:22 EDT","2025-06-21 14:49:19 EDT","2025-06-21 14:49:20 EDT",16585,Allocated,Allocated,unknown,"/img_imagen_victima.img/vol_vol5/usr/share/vim/vim81/doc/undo.txt",,,text/plain,txt
if_perl.txt,"2025-04-02 12:39:51 EDT","2025-06-21 14:49:22 EDT","2025-06-21 14:49:19 EDT","2025-06-21 14:49:20 EDT",11273,Allocated,Allocated,unknown,"/img_imagen_victima.img/vol_vol5/usr/share/vim/vim81/doc/if_perl.txt",,,text/plain,txt
gui.txt,"2025-04-02 12:39:51 EDT","2025-06-21 14:49:22 EDT","2025-06-21 14:49:19 EDT","2025-06-21 14:49:20 EDT",52135,Allocated,Allocated,unknown,"/img_imagen_victima.img/vol_vol5/usr/share/vim/vim81/doc/gui.txt",,,text/plain,txt
os_mac.txt,"2025-04-02 12:39:51 EDT","2025-06-21 14:49:22 EDT","2025-06-21 14:49:19 EDT","2025-06-21 14:49:20 EDT",6856,Allocated,Allocated,unknown,"/img_imagen_victima.img/vol_vol5/usr/share/vim/vim81/doc/os_mac.txt",,,text/plain,txt
arabic.txt,"2025-04-02 12:39:51 EDT","2025-06-21 14:49:21 EDT","2025-06-21 14:49:19 EDT","2025-06-21 14:49:20 EDT",11900,Allocated,Allocated,unknown,"/img_imagen_victima.img/vol_vol5/usr/share/vim/vim81/doc/arabic.txt",,,text/plain,txt
helphelp.txt,"2025-04-02 12:39:51 EDT","2025-06-21 14:49:22 EDT","2025-06-21 14:49:19 EDT","2025-06-21 14:49:20 EDT",14432,Allocated,Allocated,unknown,"/img_imagen_victima.img/vol_vol5/usr/share/vim/vim81/doc/helphelp.txt",,,text/plain,txt
os_win32.txt,"2025-04-02 12:39:51 EDT","2025-06-21 14:49:22 EDT","2025-06-21 14:49:19 EDT","2025-06-21 14:49:20 EDT",13352,Allocated,Allocated,unknown,"/img_imagen_victima.img/vol_vol5/usr/share/vim/vim81/doc/os_win32.txt",,,text/plain,txt
version6.txt,"2025-04-02 12:39:51 EDT","2025-06-21 14:49:22 EDT","2025-06-21 14:49:19 EDT","2025-06-21 14:49:20 EDT",577055,Allocated,Allocated,unknown,"/img_imagen_victima.img/vol_vol5/usr/share/vim/vim81/doc/version6.txt",,,text/plain,txt
cmdline.txt,"2025-04-02 12:39:51 EDT","2025-06-21 14:49:21 EDT","2025-06-21 14:49:19 EDT","2025-06-21 14:49:20 EDT",48010,Allocated,Allocated,unknown,"/img_imagen_victima.img/vol_vol5/usr/share/vim/vim81/doc/cmdline.txt",,,text/plain,txt
scroll.txt,"2025-04-02 12:39:51 EDT","2025-06-21 14:49:22 EDT","2025-06-21 14:49:19 EDT","2025-06-21 14:49:20 EDT",13781,Allocated,Allocated,unknown,"/img_imagen_victima.img/vol_vol5/usr/share/vim/vim81/doc/scroll.txt",,,text/plain,txt
usr_28.txt,"2025-04-02 12:39:51 EDT","2025-06-21 14:49:22 EDT","2025-06-21 14:49:19 EDT","2025-06-21 14:49:20 EDT",16020,Allocated,Allocated,unknown,"/img_imagen_victima.img/vol_vol5/usr/share/vim/vim81/doc/usr_28.txt",,,text/plain,txt
os_dos.txt,"2025-04-02 12:39:51 EDT","2025-06-21 14:49:22 EDT","2025-06-21 14:49:19 EDT","2025-06-21 14:49:20 EDT",12026,Allocated,Allocated,unknown,"/img_imagen_victima.img/vol_vol5/usr/share/vim/vim81/doc/os_dos.txt",,,text/plain,txt
testing.txt,"2025-04-02 12:39:51 EDT","2025-06-21 14:49:22 EDT","2025-06-21 14:49:19 EDT","2025-06-21 14:49:20 EDT",12929,Allocated,Allocated,unknown,"/img_imagen_victima.img/vol_vol5/usr/share/vim/vim81/doc/testing.txt",,,text/plain,txt
eval.txt,"2025-04-02 12:39:51 EDT","2025-06-21 14:49:22 EDT","2025-06-21 14:49:19 EDT","2025-06-21 14:49:20 EDT",492432,Allocated,Allocated,unknown,"/img_imagen_victima.img/vol_vol5/usr/share/vim/vim81/doc/eval.txt",,,text/plain,txt
terminal.txt,"2025-04-02 12:39:51 EDT","2025-06-21 14:49:22 EDT","2025-06-21 14:49:19 EDT","2025-06-21 14:49:20 EDT",53712,Allocated,Allocated,unknown,"/img_imagen_victima.img/vol_vol5/usr/share/vim/vim81/doc/terminal.txt",,,text/plain,txt
tips.txt,"2025-04-02 12:39:51 EDT","2025-06-21 14:49:22 EDT","2025-06-21 14:49:19 EDT","2025-06-21 14:49:20 EDT",20278,Allocated,Allocated,unknown,"/img_imagen_victima.img/vol_vol5/usr/share/vim/vim81/doc/tips.txt",,,text/plain,txt
usr_31.txt,"2025-04-02 12:39:51 EDT","2025-06-21 14:49:22 EDT","2025-06-21 14:49:19 EDT","2025-06-21 14:49:20 EDT",10399,Allocated,Allocated,unknown,"/img_imagen_victima.img/vol_vol5/usr/share/vim/vim81/doc/usr_31.txt",,,text/plain,txt
pi_getscript.txt,"2025-04-02 12:39:51 EDT","2025-06-21 14:49:22 EDT","2025-06-21 14:49:19 EDT","2025-06-21 14:49:20 EDT",21083,Allocated,Allocated,unknown,"/img_imagen_victima.img/vol_vol5/usr/share/vim/vim81/doc/pi_getscript.txt",,,text/plain,txt
quickref.txt,"2025-04-02 12:39:51 EDT","2025-06-21 14:49:22 EDT","2025-06-21 14:49:19 EDT","2025-06-21 14:49:20 EDT",71981,Allocated,Allocated,unknown,"/img_imagen_victima.img/vol_vol5/usr/share/vim/vim81/doc/quickref.txt",,,text/plain,txt
usr_11.txt,"2025-04-02 12:39:51 EDT","2025-06-21 14:49:22 EDT","2025-06-21 14:49:19 EDT","2025-06-21 14:49:20 EDT",12924,Allocated,Allocated,unknown,"/img_imagen_victima.img/vol_vol5/usr/share/vim/vim81/doc/usr_11.txt",,,text/plain,txt
version7.txt,"2025-04-02 12:39:51 EDT","2025-06-21 14:49:22 EDT","2025-06-21 14:49:19 EDT","2025-06-21 14:49:20 EDT",674772,Allocated,Allocated,unknown,"/img_imagen_victima.img/vol_vol5/usr/share/vim/vim81/doc/version7.txt",,,text/plain,txt
gui_x11.txt,"2025-04-02 12:39:51 EDT","2025-06-21 14:49:22 EDT","2025-06-21 14:49:19 EDT","2025-06-21 14:49:20 EDT",29773,Allocated,Allocated,unknown,"/img_imagen_victima.img/vol_vol5/usr/share/vim/vim81/doc/gui_x11.txt",,,text/plain,txt
remote.txt,"2025-04-02 12:39:51 EDT","2025-06-21 14:49:22 EDT","2025-06-21 14:49:19 EDT","2025-06-21 14:49:20 EDT",8417,Allocated,Allocated,unknown,"/img_imagen_victima.img/vol_vol5/usr/share/vim/vim81/doc/remote.txt",,,text/plain,txt
spell.txt,"2025-04-02 12:39:51 EDT","2025-06-21 14:49:22 EDT","2025-06-21 14:49:19 EDT","2025-06-21 14:49:20 EDT",63877,Allocated,Allocated,unknown,"/img_imagen_victima.img/vol_vol5/usr/share/vim/vim81/doc/spell.txt",,,text/plain,txt
tabpage.txt,"2025-04-02 12:39:51 EDT","2025-06-21 14:49:22 EDT","2025-06-21 14:49:19 EDT","2025-06-21 14:49:20 EDT",16897,Allocated,Allocated,unknown,"/img_imagen_victima.img/vol_vol5/usr/share/vim/vim81/doc/tabpage.txt",,,text/plain,txt
if_pyth.txt,"2025-04-02 12:39:51 EDT","2025-06-21 14:49:22 EDT","2025-06-21 14:49:19 EDT","2025-06-21 14:49:20 EDT",38336,Allocated,Allocated,unknown,"/img_imagen_victima.img/vol_vol5/usr/share/vim/vim81/doc/if_pyth.txt",,,text/plain,txt
pi_vimball.txt,"2025-04-02 12:39:51 EDT","2025-06-21 14:49:22 EDT","2025-06-21 14:49:19 EDT","2025-06-21 14:49:20 EDT",11858,Allocated,Allocated,unknown,"/img_imagen_victima.img/vol_vol5/usr/share/vim/vim81/doc/pi_vimball.txt",,,text/plain,txt
various.txt,"2025-04-02 12:39:51 EDT","2025-06-21 14:49:22 EDT","2025-06-21 14:49:19 EDT","2025-06-21 14:49:20 EDT",30327,Allocated,Allocated,unknown,"/img_imagen_victima.img/vol_vol5/usr/share/vim/vim81/doc/various.txt",,,text/plain,txt
if_ruby.txt,"2025-04-02 12:39:51 EDT","2025-06-21 14:49:22 EDT","2025-06-21 14:49:19 EDT","2025-06-21 14:49:20 EDT",8534,Allocated,Allocated,unknown,"/img_imagen_victima.img/vol_vol5/usr/share/vim/vim81/doc/if_ruby.txt",,,text/plain,txt
usr_25.txt,"2025-04-02 12:39:51 EDT","2025-06-21 14:49:22 EDT","2025-06-21 14:49:19 EDT","2025-06-21 14:49:20 EDT",19176,Allocated,Allocated,unknown,"/img_imagen_victima.img/vol_vol5/usr/share/vim/vim81/doc/usr_25.txt",,,text/plain,txt
help.txt,"2025-04-02 12:39:51 EDT","2025-06-21 14:49:22 EDT","2025-06-21 14:49:19 EDT","2025-06-21 14:49:20 EDT",8894,Allocated,Allocated,unknown,"/img_imagen_victima.img/vol_vol5/usr/share/vim/vim81/doc/help.txt",,,text/plain,txt
usr_toc.txt,"2025-04-02 12:39:51 EDT","2025-06-21 14:49:22 EDT","2025-06-21 14:49:19 EDT","2025-06-21 14:49:20 EDT",9264,Allocated,Allocated,unknown,"/img_imagen_victima.img/vol_vol5/usr/share/vim/vim81/doc/usr_toc.txt",,,text/plain,txt
quickfix.txt,"2025-04-02 12:39:51 EDT","2025-06-21 14:49:22 EDT","2025-06-21 14:49:19 EDT","2025-06-21 14:49:20 EDT",79082,Allocated,Allocated,unknown,"/img_imagen_victima.img/vol_vol5/usr/share/vim/vim81/doc/quickfix.txt",,,text/plain,txt
intro.txt,"2025-04-02 12:39:51 EDT","2025-06-21 14:49:22 EDT","2025-06-21 14:49:19 EDT","2025-06-21 14:49:20 EDT",38846,Allocated,Allocated,unknown,"/img_imagen_victima.img/vol_vol5/usr/share/vim/vim81/doc/intro.txt",,,text/plain,txt
if_sniff.txt,"2025-04-02 12:39:51 EDT","2025-06-21 14:49:22 EDT","2025-06-21 14:49:19 EDT","2025-06-21 14:49:20 EDT",271,Allocated,Allocated,unknown,"/img_imagen_victima.img/vol_vol5/usr/share/vim/vim81/doc/if_sniff.txt",,,text/plain,txt
ft_sql.txt,"2025-04-02 12:39:51 EDT","2025-06-21 14:49:22 EDT","2025-06-21 14:49:19 EDT","2025-06-21 14:49:20 EDT",30699,Allocated,Allocated,unknown,"/img_imagen_victima.img/vol_vol5/usr/share/vim/vim81/doc/ft_sql.txt",,,text/plain,txt
usr_24.txt,"2025-04-02 12:39:51 EDT","2025-06-21 14:49:22 EDT","2025-06-21 14:49:19 EDT","2025-06-21 14:49:20 EDT",20874,Allocated,Allocated,unknown,"/img_imagen_victima.img/vol_vol5/usr/share/vim/vim81/doc/usr_24.txt",,,text/plain,txt
pi_spec.txt,"2025-04-02 12:39:51 EDT","2025-06-21 14:49:22 EDT","2025-06-21 14:49:19 EDT","2025-06-21 14:49:20 EDT",4127,Allocated,Allocated,unknown,"/img_imagen_victima.img/vol_vol5/usr/share/vim/vim81/doc/pi_spec.txt",,,text/plain,txt
filetype.txt,"2025-04-02 12:39:51 EDT","2025-06-21 14:49:22 EDT","2025-06-21 14:49:19 EDT","2025-06-21 14:49:20 EDT",27251,Allocated,Allocated,unknown,"/img_imagen_victima.img/vol_vol5/usr/share/vim/vim81/doc/filetype.txt",,,text/plain,txt
usr_41.txt,"2025-04-02 12:39:51 EDT","2025-06-21 14:49:22 EDT","2025-06-21 14:49:19 EDT","2025-06-21 14:49:20 EDT",93419,Allocated,Allocated,unknown,"/img_imagen_victima.img/vol_vol5/usr/share/vim/vim81/doc/usr_41.txt",,,text/plain,txt
usr_26.txt,"2025-04-02 12:39:51 EDT","2025-06-21 14:49:22 EDT","2025-06-21 14:49:19 EDT","2025-06-21 14:49:20 EDT",8259,Allocated,Allocated,unknown,"/img_imagen_victima.img/vol_vol5/usr/share/vim/vim81/doc/usr_26.txt",,,text/plain,txt
os_vms.txt,"2025-04-02 12:39:51 EDT","2025-06-21 14:49:22 EDT","2025-06-21 14:49:19 EDT","2025-06-21 14:49:20 EDT",32551,Allocated,Allocated,unknown,"/img_imagen_victima.img/vol_vol5/usr/share/vim/vim81/doc/os_vms.txt",,,text/plain,txt
rileft.txt,"2025-04-02 12:39:51 EDT","2025-06-21 14:49:22 EDT","2025-06-21 14:49:19 EDT","2025-06-21 14:49:20 EDT",4939,Allocated,Allocated,unknown,"/img_imagen_victima.img/vol_vol5/usr/share/vim/vim81/doc/rileft.txt",,,text/plain,txt
os_risc.txt,"2025-04-02 12:39:51 EDT","2025-06-21 14:49:22 EDT","2025-06-21 14:49:19 EDT","2025-06-21 14:49:20 EDT",328,Allocated,Allocated,unknown,"/img_imagen_victima.img/vol_vol5/usr/share/vim/vim81/doc/os_risc.txt",,,text/plain,txt
quotes.txt,"2025-04-02 12:39:51 EDT","2025-06-21 14:49:22 EDT","2025-06-21 14:49:19 EDT","2025-06-21 14:49:20 EDT",12748,Allocated,Allocated,unknown,"/img_imagen_victima.img/vol_vol5/usr/share/vim/vim81/doc/quotes.txt",,,text/plain,txt
usr_12.txt,"2025-04-02 12:39:51 EDT","2025-06-21 14:49:22 EDT","2025-06-21 14:49:19 EDT","2025-06-21 14:49:20 EDT",13429,Allocated,Allocated,unknown,"/img_imagen_victima.img/vol_vol5/usr/share/vim/vim81/doc/usr_12.txt",,,text/plain,txt
print.txt,"2025-04-02 12:39:51 EDT","2025-06-21 14:49:22 EDT","2025-06-21 14:49:19 EDT","2025-06-21 14:49:20 EDT",31207,Allocated,Allocated,unknown,"/img_imagen_victima.img/vol_vol5/usr/share/vim/vim81/doc/print.txt",,,text/plain,txt
usr_06.txt,"2025-04-02 12:39:51 EDT","2025-06-21 14:49:22 EDT","2025-06-21 14:49:19 EDT","2025-06-21 14:49:20 EDT",9611,Allocated,Allocated,unknown,"/img_imagen_victima.img/vol_vol5/usr/share/vim/vim81/doc/usr_06.txt",,,text/plain,txt
usr_27.txt,"2025-04-02 12:39:51 EDT","2025-06-21 14:49:22 EDT","2025-06-21 14:49:19 EDT","2025-06-21 14:49:20 EDT",17722,Allocated,Allocated,unknown,"/img_imagen_victima.img/vol_vol5/usr/share/vim/vim81/doc/usr_27.txt",,,text/plain,txt
usr_44.txt,"2025-04-02 12:39:51 EDT","2025-06-21 14:49:22 EDT","2025-06-21 14:49:19 EDT","2025-06-21 14:49:20 EDT",29216,Allocated,Allocated,unknown,"/img_imagen_victima.img/vol_vol5/usr/share/vim/vim81/doc/usr_44.txt",,,text/plain,txt
index.txt,"2025-04-02 12:39:51 EDT","2025-06-21 14:49:22 EDT","2025-06-21 14:49:19 EDT","2025-06-21 14:49:20 EDT",79569,Allocated,Allocated,unknown,"/img_imagen_victima.img/vol_vol5/usr/share/vim/vim81/doc/index.txt",,,text/plain,txt
usr_40.txt,"2025-04-02 12:39:51 EDT","2025-06-21 14:49:22 EDT","2025-06-21 14:49:19 EDT","2025-06-21 14:49:20 EDT",23189,Allocated,Allocated,unknown,"/img_imagen_victima.img/vol_vol5/usr/share/vim/vim81/doc/usr_40.txt",,,text/plain,txt
usr_08.txt,"2025-04-02 12:39:51 EDT","2025-06-21 14:49:22 EDT","2025-06-21 14:49:19 EDT","2025-06-21 14:49:20 EDT",19379,Allocated,Allocated,unknown,"/img_imagen_victima.img/vol_vol5/usr/share/vim/vim81/doc/usr_08.txt",,,text/plain,txt
if_cscop.txt,"2025-04-02 12:39:51 EDT","2025-06-21 14:49:22 EDT","2025-06-21 14:49:19 EDT","2025-06-21 14:49:20 EDT",19325,Allocated,Allocated,unknown,"/img_imagen_victima.img/vol_vol5/usr/share/vim/vim81/doc/if_cscop.txt",,,text/plain,txt
usr_43.txt,"2025-04-02 12:39:51 EDT","2025-06-21 14:49:22 EDT","2025-06-21 14:49:19 EDT","2025-06-21 14:49:20 EDT",7409,Allocated,Allocated,unknown,"/img_imagen_victima.img/vol_vol5/usr/share/vim/vim81/doc/usr_43.txt",,,text/plain,txt
usr_22.txt,"2025-04-02 12:39:51 EDT","2025-06-21 14:49:22 EDT","2025-06-21 14:49:19 EDT","2025-06-21 14:49:20 EDT",15000,Allocated,Allocated,unknown,"/img_imagen_victima.img/vol_vol5/usr/share/vim/vim81/doc/usr_22.txt",,,text/plain,txt
os_msdos.txt,"2025-04-02 12:39:51 EDT","2025-06-21 14:49:22 EDT","2025-06-21 14:49:19 EDT","2025-06-21 14:49:20 EDT",523,Allocated,Allocated,unknown,"/img_imagen_victima.img/vol_vol5/usr/share/vim/vim81/doc/os_msdos.txt",,,text/plain,txt
tagsrch.txt,"2025-04-02 12:39:51 EDT","2025-06-21 14:49:22 EDT","2025-06-21 14:49:19 EDT","2025-06-21 14:49:20 EDT",39135,Allocated,Allocated,unknown,"/img_imagen_victima.img/vol_vol5/usr/share/vim/vim81/doc/tagsrch.txt",,,text/plain,txt
pi_logipat.txt,"2025-04-02 12:39:51 EDT","2025-06-21 14:49:22 EDT","2025-06-21 14:49:19 EDT","2025-06-21 14:49:20 EDT",4191,Allocated,Allocated,unknown,"/img_imagen_victima.img/vol_vol5/usr/share/vim/vim81/doc/pi_logipat.txt",,,text/plain,txt
russian.txt,"2025-04-02 12:39:51 EDT","2025-06-21 14:49:22 EDT","2025-06-21 14:49:19 EDT","2025-06-21 14:49:20 EDT",3024,Allocated,Allocated,unknown,"/img_imagen_victima.img/vol_vol5/usr/share/vim/vim81/doc/russian.txt",,,text/plain,txt
digraph.txt,"2025-04-02 12:39:51 EDT","2025-06-21 14:49:22 EDT","2025-06-21 14:49:19 EDT","2025-06-21 14:49:20 EDT",61879,Allocated,Allocated,unknown,"/img_imagen_victima.img/vol_vol5/usr/share/vim/vim81/doc/digraph.txt",,,text/plain,txt
starting.txt,"2025-04-02 12:39:51 EDT","2025-06-21 14:49:22 EDT","2025-06-21 14:49:19 EDT","2025-06-21 14:49:20 EDT",73296,Allocated,Allocated,unknown,"/img_imagen_victima.img/vol_vol5/usr/share/vim/vim81/doc/starting.txt",,,text/plain,txt
gui_w32.txt,"2025-04-02 12:39:51 EDT","2025-06-21 14:49:22 EDT","2025-06-21 14:49:19 EDT","2025-06-21 14:49:20 EDT",19365,Allocated,Allocated,unknown,"/img_imagen_victima.img/vol_vol5/usr/share/vim/vim81/doc/gui_w32.txt",,,text/plain,txt
syntax.txt,"2025-04-02 12:39:51 EDT","2025-06-21 14:49:22 EDT","2025-06-21 14:49:19 EDT","2025-06-21 14:49:20 EDT",221438,Allocated,Allocated,unknown,"/img_imagen_victima.img/vol_vol5/usr/share/vim/vim81/doc/syntax.txt",,,text/plain,txt
farsi.txt,"2025-04-02 12:39:51 EDT","2025-06-21 14:49:22 EDT","2025-06-21 14:49:19 EDT","2025-06-21 14:49:20 EDT",523,Allocated,Allocated,unknown,"/img_imagen_victima.img/vol_vol5/usr/share/vim/vim81/doc/farsi.txt",,,text/plain,txt
usr_01.txt,"2025-04-02 12:39:51 EDT","2025-06-21 14:49:22 EDT","2025-06-21 14:49:19 EDT","2025-06-21 14:49:20 EDT",7095,Allocated,Allocated,unknown,"/img_imagen_victima.img/vol_vol5/usr/share/vim/vim81/doc/usr_01.txt",,,text/plain,txt
uganda.txt,"2025-04-02 12:39:51 EDT","2025-06-21 14:49:22 EDT","2025-06-21 14:49:19 EDT","2025-06-21 14:49:20 EDT",14029,Allocated,Allocated,unknown,"/img_imagen_victima.img/vol_vol5/usr/share/vim/vim81/doc/uganda.txt",,,text/plain,txt
if_lua.txt,"2025-04-02 12:39:51 EDT","2025-06-21 14:49:22 EDT","2025-06-21 14:49:19 EDT","2025-06-21 14:49:20 EDT",15596,Allocated,Allocated,unknown,"/img_imagen_victima.img/vol_vol5/usr/share/vim/vim81/doc/if_lua.txt",,,text/plain,txt
mbyte.txt,"2025-04-02 12:39:51 EDT","2025-06-21 14:49:22 EDT","2025-06-21 14:49:19 EDT","2025-06-21 14:49:20 EDT",59650,Allocated,Allocated,unknown,"/img_imagen_victima.img/vol_vol5/usr/share/vim/vim81/doc/mbyte.txt",,,text/plain,txt
usr_02.txt,"2025-04-02 12:39:51 EDT","2025-06-21 14:49:22 EDT","2025-06-21 14:49:19 EDT","2025-06-21 14:49:20 EDT",24344,Allocated,Allocated,unknown,"/img_imagen_victima.img/vol_vol5/usr/share/vim/vim81/doc/usr_02.txt",,,text/plain,txt
term.txt,"2025-04-02 12:39:51 EDT","2025-06-21 14:49:22 EDT","2025-06-21 14:49:19 EDT","2025-06-21 14:49:20 EDT",46907,Allocated,Allocated,unknown,"/img_imagen_victima.img/vol_vol5/usr/share/vim/vim81/doc/term.txt",,,text/plain,txt
howto.txt,"2025-04-02 12:39:51 EDT","2025-06-21 14:49:22 EDT","2025-06-21 14:49:19 EDT","2025-06-21 14:49:20 EDT",2916,Allocated,Allocated,unknown,"/img_imagen_victima.img/vol_vol5/usr/share/vim/vim81/doc/howto.txt",,,text/plain,txt
windows.txt,"2025-04-02 12:39:51 EDT","2025-06-21 14:49:22 EDT","2025-06-21 14:49:19 EDT","2025-06-21 14:49:20 EDT",54925,Allocated,Allocated,unknown,"/img_imagen_victima.img/vol_vol5/usr/share/vim/vim81/doc/windows.txt",,,text/plain,txt
os_unix.txt,"2025-04-02 12:39:51 EDT","2025-06-21 14:49:22 EDT","2025-06-21 14:49:19 EDT","2025-06-21 14:49:20 EDT",2600,Allocated,Allocated,unknown,"/img_imagen_victima.img/vol_vol5/usr/share/vim/vim81/doc/os_unix.txt",,,text/plain,txt
os_os2.txt,"2025-04-02 12:39:51 EDT","2025-06-21 14:49:22 EDT","2025-06-21 14:49:19 EDT","2025-06-21 14:49:20 EDT",299,Allocated,Allocated,unknown,"/img_imagen_victima.img/vol_vol5/usr/share/vim/vim81/doc/os_os2.txt",,,text/plain,txt
mlang.txt,"2025-04-02 12:39:51 EDT","2025-06-21 14:49:22 EDT","2025-06-21 14:49:19 EDT","2025-06-21 14:49:20 EDT",7867,Allocated,Allocated,unknown,"/img_imagen_victima.img/vol_vol5/usr/share/vim/vim81/doc/mlang.txt",,,text/plain,txt
insert.txt,"2025-04-02 12:39:51 EDT","2025-06-21 14:49:22 EDT","2025-06-21 14:49:19 EDT","2025-06-21 14:49:20 EDT",84303,Allocated,Allocated,unknown,"/img_imagen_victima.img/vol_vol5/usr/share/vim/vim81/doc/insert.txt",,,text/plain,txt
usr_20.txt,"2025-04-02 12:39:51 EDT","2025-06-21 14:49:22 EDT","2025-06-21 14:49:19 EDT","2025-06-21 14:49:20 EDT",13708,Allocated,Allocated,unknown,"/img_imagen_victima.img/vol_vol5/usr/share/vim/vim81/doc/usr_20.txt",,,text/plain,txt
pattern.txt,"2025-04-02 12:39:51 EDT","2025-06-21 14:49:22 EDT","2025-06-21 14:49:19 EDT","2025-06-21 14:49:20 EDT",59685,Allocated,Allocated,unknown,"/img_imagen_victima.img/vol_vol5/usr/share/vim/vim81/doc/pattern.txt",,,text/plain,txt
options.txt,"2025-04-02 12:39:51 EDT","2025-06-21 14:49:22 EDT","2025-06-21 14:49:19 EDT","2025-06-21 14:49:20 EDT",387455,Allocated,Allocated,unknown,"/img_imagen_victima.img/vol_vol5/usr/share/vim/vim81/doc/options.txt",,,text/plain,txt
change.txt,"2025-04-02 12:39:51 EDT","2025-06-21 14:49:21 EDT","2025-06-21 14:49:19 EDT","2025-06-21 14:49:20 EDT",76688,Allocated,Allocated,unknown,"/img_imagen_victima.img/vol_vol5/usr/share/vim/vim81/doc/change.txt",,,text/plain,txt
README.txt,"2025-04-02 12:39:51 EDT","2025-06-21 14:49:22 EDT","2025-06-21 14:49:19 EDT","2025-06-21 14:49:20 EDT",869,Allocated,Allocated,unknown,"/img_imagen_victima.img/vol_vol5/usr/share/vim/vim81/ftplugin/README.txt",,,text/plain,txt
README.txt,"2025-04-02 12:39:51 EDT","2025-06-21 14:49:22 EDT","2025-06-21 14:49:19 EDT","2025-06-21 14:49:20 EDT",1689,Allocated,Allocated,unknown,"/img_imagen_victima.img/vol_vol5/usr/share/vim/vim81/indent/README.txt",,,text/plain,txt
README.txt,"2025-04-22 06:20:10 EDT","2025-06-21 14:55:50 EDT","2025-06-21 14:55:47 EDT","2025-06-21 14:55:48 EDT",248,Unallocated,Allocated,unknown,"/img_imagen_victima.img/vol_vol5/usr/share/vim/vim81/keymap/README.txt",,,text/plain,txt
README.txt,"2025-04-02 12:39:51 EDT","2025-06-21 14:49:23 EDT","2025-06-21 14:49:19 EDT","2025-06-21 14:49:20 EDT",955,Allocated,Allocated,unknown,"/img_imagen_victima.img/vol_vol5/usr/share/vim/vim81/keymap/README.txt",,,text/plain,txt
README.txt,"2025-02-26 12:43:37 EST","2025-06-21 14:55:40 EDT","2025-06-21 14:55:38 EDT","2025-06-21 14:55:39 EDT",3,Unallocated,Allocated,unknown,"/img_imagen_victima.img/vol_vol5/usr/share/vim/vim81/lang/README.txt",,,application/octet-stream,txt
README.txt,"2025-04-02 12:39:51 EDT","2025-06-21 14:49:23 EDT","2025-06-21 14:49:19 EDT","2025-06-21 14:49:20 EDT",1720,Allocated,Allocated,unknown,"/img_imagen_victima.img/vol_vol5/usr/share/vim/vim81/lang/README.txt",,,text/plain,txt
README.txt,"2025-04-02 12:39:51 EDT","2025-06-21 14:49:23 EDT","2025-06-21 14:49:19 EDT","2025-06-21 14:49:21 EDT",1862,Allocated,Allocated,unknown,"/img_imagen_victima.img/vol_vol5/usr/share/vim/vim81/macros/maze/README.txt",,,text/plain,txt
README.txt,"2025-04-02 12:39:51 EDT","2025-06-21 14:49:23 EDT","2025-06-21 14:49:19 EDT","2025-06-21 14:49:21 EDT",1580,Allocated,Allocated,unknown,"/img_imagen_victima.img/vol_vol5/usr/share/vim/vim81/macros/urm/README.txt",,,text/plain,txt
README.txt,"2025-04-02 12:39:51 EDT","2025-06-21 14:49:23 EDT","2025-06-21 14:49:19 EDT","2025-06-21 14:49:21 EDT",1120,Allocated,Allocated,unknown,"/img_imagen_victima.img/vol_vol5/usr/share/vim/vim81/macros/README.txt",,,text/plain,txt
matchit.txt,"2025-04-02 12:39:51 EDT","2025-06-21 14:49:24 EDT","2025-06-21 14:49:19 EDT","2025-06-21 14:49:21 EDT",18644,Allocated,Allocated,unknown,"/img_imagen_victima.img/vol_vol5/usr/share/vim/vim81/pack/dist/opt/matchit/doc/matchit.txt",,,text/plain,txt
README.txt,"2025-04-02 12:39:51 EDT","2025-06-21 14:49:24 EDT","2025-06-21 14:49:19 EDT","2025-06-21 14:49:21 EDT",976,Allocated,Allocated,unknown,"/img_imagen_victima.img/vol_vol5/usr/share/vim/vim81/plugin/README.txt",,,text/plain,txt
README.txt,"2025-04-02 12:39:51 EDT","2025-06-21 14:49:24 EDT","2025-06-21 14:49:19 EDT","2025-06-21 14:49:21 EDT",1403,Allocated,Allocated,unknown,"/img_imagen_victima.img/vol_vol5/usr/share/vim/vim81/syntax/README.txt",,,text/plain,txt
README.el.cp737.txt,"2025-04-22 06:20:10 EDT","2025-06-21 14:55:52 EDT","2025-06-21 14:55:47 EDT","2025-06-21 14:55:48 EDT",1078,Unallocated,Allocated,unknown,"/img_imagen_victima.img/vol_vol5/usr/share/vim/vim81/tutor/README.el.cp737.txt",,,text/plain,txt
README.el.txt,"2025-04-22 06:20:10 EDT","2025-06-21 14:55:52 EDT","2025-06-21 14:55:47 EDT","2025-06-21 14:55:48 EDT",752,Unallocated,Allocated,unknown,"/img_imagen_victima.img/vol_vol5/usr/share/vim/vim81/tutor/README.el.txt",,,text/plain,txt
README.txt,"2025-04-22 06:20:10 EDT","2025-06-21 14:55:52 EDT","2025-06-21 14:55:47 EDT","2025-06-21 14:55:48 EDT",1130,Unallocated,Allocated,unknown,"/img_imagen_victima.img/vol_vol5/usr/share/vim/vim81/tutor/README.txt",,,text/plain,txt
README.el.cp737.txt,"2025-04-02 12:39:51 EDT","2025-06-21 14:49:25 EDT","2025-06-21 14:49:19 EDT","2025-06-21 14:49:21 EDT",1079,Allocated,Allocated,unknown,"/img_imagen_victima.img/vol_vol5/usr/share/vim/vim81/tutor/README.el.cp737.txt",,,application/octet-stream,txt
README.el.txt,"2025-04-02 12:39:51 EDT","2025-06-21 14:49:25 EDT","2025-06-21 14:49:19 EDT","2025-06-21 14:49:21 EDT",1079,Allocated,Allocated,unknown,"/img_imagen_victima.img/vol_vol5/usr/share/vim/vim81/tutor/README.el.txt",,,text/plain,txt
README.txt,"2025-04-02 12:39:51 EDT","2025-06-21 14:49:25 EDT","2025-06-21 14:49:19 EDT","2025-06-21 14:49:21 EDT",1539,Allocated,Allocated,unknown,"/img_imagen_victima.img/vol_vol5/usr/share/vim/vim81/tutor/README.txt",,,text/plain,txt
rgb.txt,"2025-04-02 12:39:51 EDT","2025-06-21 14:49:24 EDT","2025-06-21 14:49:19 EDT","2025-06-21 14:49:21 EDT",17780,Allocated,Allocated,unknown,"/img_imagen_victima.img/vol_vol5/usr/share/vim/vim81/rgb.txt",,,text/plain,txt
partner-jet-setup.txt,"2019-11-24 19:32:01 EST","2025-06-21 14:36:31 EDT","2025-06-21 14:35:58 EDT","2025-06-21 14:36:29 EDT",1771,Allocated,Allocated,unknown,"/img_imagen_victima.img/vol_vol5/usr/src/linux-headers-5.4.0-216/arch/sh/include/mach-ecovec24/mach/partner-jet-setup.txt",,,text/plain,txt
partner-jet-setup.txt,"2019-11-24 19:32:01 EST","2025-06-21 14:36:31 EDT","2025-06-21 14:35:58 EDT","2025-06-21 14:36:29 EDT",3138,Allocated,Allocated,unknown,"/img_imagen_victima.img/vol_vol5/usr/src/linux-headers-5.4.0-216/arch/sh/include/mach-kfr2r09/mach/partner-jet-setup.txt",,,text/plain,txt
spelling.txt,"2019-11-24 19:32:01 EST","2025-06-21 14:36:31 EDT","2025-06-21 14:35:58 EDT","2025-06-21 14:36:31 EDT",29454,Allocated,Allocated,unknown,"/img_imagen_victima.img/vol_vol5/usr/src/linux-headers-5.4.0-216/scripts/spelling.txt",,,text/plain,txt
creds.txt,"2025-06-23 12:43:04 EDT","2025-06-23 12:43:31 EDT","2025-08-01 11:34:58 EDT","2025-06-23 12:43:04 EDT",19,Allocated,Allocated,unknown,"/img_imagen_victima.img/vol_vol5/var/backups/.logs/creds.txt",,,text/plain,txt
user-data.txt,"2025-08-07 06:52:42 EDT","2025-08-07 06:52:42 EDT","2025-08-01 11:34:55 EDT","2025-06-21 15:04:09 EDT",365,Allocated,Allocated,unknown,"/img_imagen_victima.img/vol_vol5/var/lib/cloud/instances/iid-datasource-none/user-data.txt",,,text/plain,txt
vendor-data.txt,"2025-08-07 06:52:42 EDT","2025-08-07 06:52:42 EDT","2025-08-01 11:34:55 EDT","2025-06-21 15:04:09 EDT",0,Allocated,Allocated,unknown,"/img_imagen_victima.img/vol_vol5/var/lib/cloud/instances/iid-datasource-none/vendor-data.txt",,,application/octet-stream,txt
vendor-data2.txt,"2025-08-07 06:52:42 EDT","2025-08-07 06:52:42 EDT","2025-08-01 11:34:55 EDT","2025-06-21 15:04:09 EDT",0,Allocated,Allocated,unknown,"/img_imagen_victima.img/vol_vol5/var/lib/cloud/instances/iid-datasource-none/vendor-data2.txt",,,application/octet-stream,txt
cloud-config.txt,"2025-08-07 06:52:42 EDT","2025-08-07 06:52:42 EDT","2025-08-07 06:52:42 EDT","2025-06-21 15:04:09 EDT",415,Allocated,Allocated,unknown,"/img_imagen_victima.img/vol_vol5/var/lib/cloud/instances/iid-datasource-none/cloud-config.txt",,,text/plain,txt
installer-journal.txt,"2025-06-21 14:57:14 EDT","2025-06-21 14:57:14 EDT","2025-08-01 03:56:37 EDT","2025-06-21 14:57:14 EDT",471259,Allocated,Allocated,unknown,"/img_imagen_victima.img/vol_vol5/var/log/installer/installer-journal.txt",,,text/plain,txt
"cis_mysql5-6_enterprise_rcl.txt","2025-04-30 06:51:56 EDT","2025-06-23 09:27:53 EDT","2025-08-01 11:34:58 EDT","2025-06-23 09:27:51 EDT",10297,Allocated,Allocated,unknown,"/img_imagen_victima.img/vol_vol5/var/ossec/etc/shared/cis_mysql5-6_enterprise_rcl.txt",,,text/plain,txt
cis_rhel7_linux_rcl.txt,"2025-04-30 06:51:56 EDT","2025-06-23 09:27:53 EDT","2025-08-01 11:34:58 EDT","2025-06-23 09:27:51 EDT",36957,Allocated,Allocated,unknown,"/img_imagen_victima.img/vol_vol5/var/ossec/etc/shared/cis_rhel7_linux_rcl.txt",,,text/plain,txt
cis_rhel6_linux_rcl.txt,"2025-04-30 06:51:56 EDT","2025-06-23 09:27:53 EDT","2025-08-01 11:34:58 EDT","2025-06-23 09:27:51 EDT",33870,Allocated,Allocated,unknown,"/img_imagen_victima.img/vol_vol5/var/ossec/etc/shared/cis_rhel6_linux_rcl.txt",,,text/plain,txt
"cis_mysql5-6_community_rcl.txt","2025-04-30 06:51:56 EDT","2025-06-23 09:27:53 EDT","2025-08-01 11:34:58 EDT","2025-06-23 09:27:51 EDT",7609,Allocated,Allocated,unknown,"/img_imagen_victima.img/vol_vol5/var/ossec/etc/shared/cis_mysql5-6_community_rcl.txt",,,text/plain,txt
cis_sles12_linux_rcl.txt,"2025-04-30 06:51:56 EDT","2025-06-23 09:27:53 EDT","2025-08-01 11:34:58 EDT","2025-06-23 09:27:51 EDT",35081,Allocated,Allocated,unknown,"/img_imagen_victima.img/vol_vol5/var/ossec/etc/shared/cis_sles12_linux_rcl.txt",,,text/plain,txt
cis_rhel5_linux_rcl.txt,"2025-04-30 06:51:56 EDT","2025-06-23 09:27:53 EDT","2025-08-01 11:34:58 EDT","2025-06-23 09:27:51 EDT",35781,Allocated,Allocated,unknown,"/img_imagen_victima.img/vol_vol5/var/ossec/etc/shared/cis_rhel5_linux_rcl.txt",,,text/plain,txt
win_audit_rcl.txt,"2025-04-30 06:51:56 EDT","2025-06-23 09:27:53 EDT","2025-08-01 11:34:58 EDT","2025-06-23 09:27:51 EDT",4277,Allocated,Allocated,unknown,"/img_imagen_victima.img/vol_vol5/var/ossec/etc/shared/win_audit_rcl.txt",,,text/plain,txt
win_malware_rcl.txt,"2025-04-30 06:51:56 EDT","2025-06-23 09:27:53 EDT","2025-08-01 11:34:58 EDT","2025-06-23 09:27:51 EDT",7300,Allocated,Allocated,unknown,"/img_imagen_victima.img/vol_vol5/var/ossec/etc/shared/win_malware_rcl.txt",,,text/plain,txt
system_audit_ssh.txt,"2025-04-30 06:51:56 EDT","2025-06-23 09:27:53 EDT","2025-08-01 11:34:58 EDT","2025-06-23 09:27:51 EDT",3285,Allocated,Allocated,unknown,"/img_imagen_victima.img/vol_vol5/var/ossec/etc/shared/system_audit_ssh.txt",,,text/plain,txt
"cis_win2012r2_domainL1_rcl.txt","2025-04-30 06:51:56 EDT","2025-06-23 09:27:53 EDT","2025-08-01 11:34:58 EDT","2025-06-23 09:27:51 EDT",94877,Allocated,Allocated,unknown,"/img_imagen_victima.img/vol_vol5/var/ossec/etc/shared/cis_win2012r2_domainL1_rcl.txt",,,text/plain,txt
rootkit_files.txt,"2025-04-30 06:51:56 EDT","2025-06-23 09:27:53 EDT","2025-08-01 11:34:58 EDT","2025-06-23 09:27:51 EDT",16174,Allocated,Allocated,unknown,"/img_imagen_victima.img/vol_vol5/var/ossec/etc/shared/rootkit_files.txt",,,text/plain,txt
win_applications_rcl.txt,"2025-04-30 06:51:56 EDT","2025-06-23 09:27:53 EDT","2025-08-01 11:34:58 EDT","2025-06-23 09:27:51 EDT",5214,Allocated,Allocated,unknown,"/img_imagen_victima.img/vol_vol5/var/ossec/etc/shared/win_applications_rcl.txt",,,text/plain,txt
system_audit_rcl.txt,"2025-04-30 06:51:56 EDT","2025-06-23 09:27:53 EDT","2025-08-01 11:34:58 EDT","2025-06-23 09:27:51 EDT",4466,Allocated,Allocated,unknown,"/img_imagen_victima.img/vol_vol5/var/ossec/etc/shared/system_audit_rcl.txt",,,text/plain,txt
cis_sles11_linux_rcl.txt,"2025-04-30 06:51:56 EDT","2025-06-23 09:27:53 EDT","2025-08-01 11:34:58 EDT","2025-06-23 09:27:51 EDT",34376,Allocated,Allocated,unknown,"/img_imagen_victima.img/vol_vol5/var/ossec/etc/shared/cis_sles11_linux_rcl.txt",,,text/plain,txt
"cis_win2012r2_memberL1_rcl.txt","2025-04-30 06:51:56 EDT","2025-06-23 09:27:53 EDT","2025-08-01 11:34:58 EDT","2025-06-23 09:27:51 EDT",100530,Allocated,Allocated,unknown,"/img_imagen_victima.img/vol_vol5/var/ossec/etc/shared/cis_win2012r2_memberL1_rcl.txt",,,text/plain,txt
"cis_win2012r2_domainL2_rcl.txt","2025-04-30 06:51:56 EDT","2025-06-23 09:27:53 EDT","2025-08-01 11:34:58 EDT","2025-06-23 09:27:51 EDT",28006,Allocated,Allocated,unknown,"/img_imagen_victima.img/vol_vol5/var/ossec/etc/shared/cis_win2012r2_domainL2_rcl.txt",,,text/plain,txt
cis_apache2224_rcl.txt,"2025-04-30 06:51:56 EDT","2025-06-23 09:27:53 EDT","2025-08-01 11:34:58 EDT","2025-06-23 09:27:51 EDT",28411,Allocated,Allocated,unknown,"/img_imagen_victima.img/vol_vol5/var/ossec/etc/shared/cis_apache2224_rcl.txt",,,text/plain,txt
cis_debian_linux_rcl.txt,"2025-04-30 06:51:56 EDT","2025-06-23 09:27:53 EDT","2025-08-01 11:34:58 EDT","2025-06-23 09:27:51 EDT",12576,Allocated,Allocated,unknown,"/img_imagen_victima.img/vol_vol5/var/ossec/etc/shared/cis_debian_linux_rcl.txt",,,text/plain,txt
cis_rhel_linux_rcl.txt,"2025-04-30 06:51:56 EDT","2025-06-23 09:27:53 EDT","2025-08-01 11:34:58 EDT","2025-06-23 09:27:51 EDT",17658,Allocated,Allocated,unknown,"/img_imagen_victima.img/vol_vol5/var/ossec/etc/shared/cis_rhel_linux_rcl.txt",,,text/plain,txt
rootkit_trojans.txt,"2025-04-30 06:51:56 EDT","2025-06-23 09:27:53 EDT","2025-08-01 11:34:58 EDT","2025-06-23 09:27:51 EDT",5547,Allocated,Allocated,unknown,"/img_imagen_victima.img/vol_vol5/var/ossec/etc/shared/rootkit_trojans.txt",,,text/plain,txt
"cis_win2012r2_memberL2_rcl.txt","2025-04-30 06:51:56 EDT","2025-06-23 09:27:53 EDT","2025-08-01 11:34:58 EDT","2025-06-23 09:27:51 EDT",376002,Allocated,Allocated,unknown,"/img_imagen_victima.img/vol_vol5/var/ossec/etc/shared/cis_win2012r2_memberL2_rcl.txt",,,text/plain,txt
crashdb-conf.txt,"0000-00-00 00:00:00","0000-00-00 00:00:00","0000-00-00 00:00:00","0000-00-00 00:00:00",5455,Allocated,Allocated,unknown,"/img_imagen_victima.img/vol_vol5/usr/share/doc/apport/crashdb-conf.txt.gz/crashdb-conf.txt",,,text/plain,txt
package-hooks.txt,"0000-00-00 00:00:00","0000-00-00 00:00:00","0000-00-00 00:00:00","0000-00-00 00:00:00",5265,Allocated,Allocated,unknown,"/img_imagen_victima.img/vol_vol5/usr/share/doc/apport/package-hooks.txt.gz/package-hooks.txt",,,text/plain,txt
users-and-groups.txt,"0000-00-00 00:00:00","0000-00-00 00:00:00","0000-00-00 00:00:00","0000-00-00 00:00:00",15735,Allocated,Allocated,unknown,"/img_imagen_victima.img/vol_vol5/usr/share/doc/base-passwd/users-and-groups.txt.gz/users-and-groups.txt",,,text/plain,txt
mdev.txt,"0000-00-00 00:00:00","0000-00-00 00:00:00","0000-00-00 00:00:00","0000-00-00 00:00:00",5560,Allocated,Allocated,unknown,"/img_imagen_victima.img/vol_vol5/usr/share/doc/busybox-static/mdev.txt.gz/mdev.txt",,,text/plain,txt
cloud-config-chef.txt,"0000-00-00 00:00:00","0000-00-00 00:00:00","0000-00-00 00:00:00","0000-00-00 00:00:00",5928,Allocated,Allocated,unknown,"/img_imagen_victima.img/vol_vol5/usr/share/doc/cloud-init/examples/cloud-config-chef.txt.gz/cloud-config-chef.txt",,,text/plain,txt
"cloud-config-ansible-controller.txt","0000-00-00 00:00:00","0000-00-00 00:00:00","0000-00-00 00:00:00","0000-00-00 00:00:00",7361,Allocated,Allocated,unknown,"/img_imagen_victima.img/vol_vol5/usr/share/doc/cloud-init/examples/cloud-config-ansible-controller.txt.gz/cloud-config-ansible-controller.txt",,,text/plain,txt
cloud-config-apt.txt,"0000-00-00 00:00:00","0000-00-00 00:00:00","0000-00-00 00:00:00","0000-00-00 00:00:00",13822,Allocated,Allocated,unknown,"/img_imagen_victima.img/vol_vol5/usr/share/doc/cloud-init/examples/cloud-config-apt.txt.gz/cloud-config-apt.txt",,,text/plain,txt
"cloud-config-user-groups.txt","0000-00-00 00:00:00","0000-00-00 00:00:00","0000-00-00 00:00:00","0000-00-00 00:00:00",6951,Allocated,Allocated,unknown,"/img_imagen_victima.img/vol_vol5/usr/share/doc/cloud-init/examples/cloud-config-user-groups.txt.gz/cloud-config-user-groups.txt",,,text/plain,txt
cloud-config.txt,"0000-00-00 00:00:00","0000-00-00 00:00:00","0000-00-00 00:00:00","0000-00-00 00:00:00",20230,Allocated,Allocated,unknown,"/img_imagen_victima.img/vol_vol5/usr/share/doc/cloud-init/examples/cloud-config.txt.gz/cloud-config.txt",,,text/plain,txt
"cloud-config-disk-setup.txt","0000-00-00 00:00:00","0000-00-00 00:00:00","0000-00-00 00:00:00","0000-00-00 00:00:00",8912,Allocated,Allocated,unknown,"/img_imagen_victima.img/vol_vol5/usr/share/doc/cloud-init/examples/cloud-config-disk-setup.txt.gz/cloud-config-disk-setup.txt",,,text/plain,txt
cloud-config-chef.txt,"0000-00-00 00:00:00","0000-00-00 00:00:00","0000-00-00 00:00:00","0000-00-00 00:00:00",4355,Allocated,Allocated,unknown,"/img_imagen_victima.img/vol_vol5/usr/share/doc/cloud-init/examples/cloud-config-chef.txt.gz/cloud-config-chef.txt",,,text/plain,txt
README.txt,"0000-00-00 00:00:00","0000-00-00 00:00:00","0000-00-00 00:00:00","0000-00-00 00:00:00",4317,Allocated,Allocated,unknown,"/img_imagen_victima.img/vol_vol5/usr/share/doc/hdparm/wiper/README.txt.gz/README.txt",,,text/plain,txt
iso8859-10.txt,"0000-00-00 00:00:00","0000-00-00 00:00:00","0000-00-00 00:00:00","0000-00-00 00:00:00",6887,Allocated,Allocated,unknown,"/img_imagen_victima.img/vol_vol5/usr/share/doc/kbd/charsets/iso8859-10.txt.gz/iso8859-10.txt",,,text/plain,txt
cp1252.txt,"0000-00-00 00:00:00","0000-00-00 00:00:00","0000-00-00 00:00:00","0000-00-00 00:00:00",7427,Allocated,Allocated,unknown,"/img_imagen_victima.img/vol_vol5/usr/share/doc/kbd/charsets/cp1252.txt.gz/cp1252.txt",,,text/plain,txt
iso8859-1.txt,"0000-00-00 00:00:00","0000-00-00 00:00:00","0000-00-00 00:00:00","0000-00-00 00:00:00",6477,Allocated,Allocated,unknown,"/img_imagen_victima.img/vol_vol5/usr/share/doc/kbd/charsets/iso8859-1.txt.gz/iso8859-1.txt",,,text/plain,txt
iso8859-11.txt,"0000-00-00 00:00:00","0000-00-00 00:00:00","0000-00-00 00:00:00","0000-00-00 00:00:00",5680,Allocated,Allocated,unknown,"/img_imagen_victima.img/vol_vol5/usr/share/doc/kbd/charsets/iso8859-11.txt.gz/iso8859-11.txt",,,text/plain,txt
iso8859-13.txt,"0000-00-00 00:00:00","0000-00-00 00:00:00","0000-00-00 00:00:00","0000-00-00 00:00:00",6617,Allocated,Allocated,unknown,"/img_imagen_victima.img/vol_vol5/usr/share/doc/kbd/charsets/iso8859-13.txt.gz/iso8859-13.txt",,,text/plain,txt
iso8859-14.txt,"0000-00-00 00:00:00","0000-00-00 00:00:00","0000-00-00 00:00:00","0000-00-00 00:00:00",7007,Allocated,Allocated,unknown,"/img_imagen_victima.img/vol_vol5/usr/share/doc/kbd/charsets/iso8859-14.txt.gz/iso8859-14.txt",,,text/plain,txt
iso8859-15.txt,"0000-00-00 00:00:00","0000-00-00 00:00:00","0000-00-00 00:00:00","0000-00-00 00:00:00",6567,Allocated,Allocated,unknown,"/img_imagen_victima.img/vol_vol5/usr/share/doc/kbd/charsets/iso8859-15.txt.gz/iso8859-15.txt",,,text/plain,txt
iso8859-2.txt,"0000-00-00 00:00:00","0000-00-00 00:00:00","0000-00-00 00:00:00","0000-00-00 00:00:00",6762,Allocated,Allocated,unknown,"/img_imagen_victima.img/vol_vol5/usr/share/doc/kbd/charsets/iso8859-2.txt.gz/iso8859-2.txt",,,text/plain,txt
iso8859-3.txt,"0000-00-00 00:00:00","0000-00-00 00:00:00","0000-00-00 00:00:00","0000-00-00 00:00:00",6461,Allocated,Allocated,unknown,"/img_imagen_victima.img/vol_vol5/usr/share/doc/kbd/charsets/iso8859-3.txt.gz/iso8859-3.txt",,,text/plain,txt
iso8859-4.txt,"0000-00-00 00:00:00","0000-00-00 00:00:00","0000-00-00 00:00:00","0000-00-00 00:00:00",6734,Allocated,Allocated,unknown,"/img_imagen_victima.img/vol_vol5/usr/share/doc/kbd/charsets/iso8859-4.txt.gz/iso8859-4.txt",,,text/plain,txt
iso8859-5.txt,"0000-00-00 00:00:00","0000-00-00 00:00:00","0000-00-00 00:00:00","0000-00-00 00:00:00",6373,Allocated,Allocated,unknown,"/img_imagen_victima.img/vol_vol5/usr/share/doc/kbd/charsets/iso8859-5.txt.gz/iso8859-5.txt",,,text/plain,txt
iso8859-6.txt,"0000-00-00 00:00:00","0000-00-00 00:00:00","0000-00-00 00:00:00","0000-00-00 00:00:00",4281,Allocated,Allocated,unknown,"/img_imagen_victima.img/vol_vol5/usr/share/doc/kbd/charsets/iso8859-6.txt.gz/iso8859-6.txt",,,text/plain,txt
iso8859-7.txt,"0000-00-00 00:00:00","0000-00-00 00:00:00","0000-00-00 00:00:00","0000-00-00 00:00:00",6135,Allocated,Allocated,unknown,"/img_imagen_victima.img/vol_vol5/usr/share/doc/kbd/charsets/iso8859-7.txt.gz/iso8859-7.txt",,,text/plain,txt
iso8859-8.txt,"0000-00-00 00:00:00","0000-00-00 00:00:00","0000-00-00 00:00:00","0000-00-00 00:00:00",4408,Allocated,Allocated,unknown,"/img_imagen_victima.img/vol_vol5/usr/share/doc/kbd/charsets/iso8859-8.txt.gz/iso8859-8.txt",,,text/plain,txt
iso8859-9.txt,"0000-00-00 00:00:00","0000-00-00 00:00:00","0000-00-00 00:00:00","0000-00-00 00:00:00",6514,Allocated,Allocated,unknown,"/img_imagen_victima.img/vol_vol5/usr/share/doc/kbd/charsets/iso8859-9.txt.gz/iso8859-9.txt",,,text/plain,txt
kernel.txt,"0000-00-00 00:00:00","0000-00-00 00:00:00","0000-00-00 00:00:00","0000-00-00 00:00:00",16137,Allocated,Allocated,unknown,"/img_imagen_victima.img/vol_vol5/usr/share/doc/libfuse2/kernel.txt.gz/kernel.txt",,,text/plain,txt
LZO.TXT,"0000-00-00 00:00:00","0000-00-00 00:00:00","0000-00-00 00:00:00","0000-00-00 00:00:00",13009,Allocated,Allocated,unknown,"/img_imagen_victima.img/vol_vol5/usr/share/doc/liblzo2-2/LZO.TXT.gz/LZO.TXT",,,text/plain,txt
slang.txt,"0000-00-00 00:00:00","0000-00-00 00:00:00","0000-00-00 00:00:00","0000-00-00 00:00:00",266471,Allocated,Allocated,unknown,"/img_imagen_victima.img/vol_vol5/usr/share/doc/libslang2/slang.txt.gz/slang.txt",,,text/plain,txt
slangfun.txt,"0000-00-00 00:00:00","0000-00-00 00:00:00","0000-00-00 00:00:00","0000-00-00 00:00:00",297990,Allocated,Allocated,unknown,"/img_imagen_victima.img/vol_vol5/usr/share/doc/libslang2/slangfun.txt.gz/slangfun.txt",,,text/plain,txt
mdmon-design.txt,"0000-00-00 00:00:00","0000-00-00 00:00:00","0000-00-00 00:00:00","0000-00-00 00:00:00",6308,Allocated,Allocated,unknown,"/img_imagen_victima.img/vol_vol5/usr/share/doc/mdadm/mdmon-design.txt.gz/mdmon-design.txt",,,text/plain,txt
"external-reshape-design.txt","0000-00-00 00:00:00","0000-00-00 00:00:00","0000-00-00 00:00:00","0000-00-00 00:00:00",13398,Allocated,Allocated,unknown,"/img_imagen_victima.img/vol_vol5/usr/share/doc/mdadm/external-reshape-design.txt.gz/external-reshape-design.txt",,,text/plain,txt
certificates.txt,"0000-00-00 00:00:00","0000-00-00 00:00:00","0000-00-00 00:00:00","0000-00-00 00:00:00",4743,Allocated,Allocated,unknown,"/img_imagen_victima.img/vol_vol5/usr/share/doc/openssl/HOWTO/certificates.txt.gz/certificates.txt",,,text/plain,txt
pkg_resources.txt,"0000-00-00 00:00:00","0000-00-00 00:00:00","0000-00-00 00:00:00","0000-00-00 00:00:00",93626,Allocated,Allocated,unknown,"/img_imagen_victima.img/vol_vol5/usr/share/doc/python3-pkg-resources/pkg_resources.txt.gz/pkg_resources.txt",,,text/plain,txt
sedfaq.txt,"0000-00-00 00:00:00","0000-00-00 00:00:00","0000-00-00 00:00:00","0000-00-00 00:00:00",163726,Allocated,Allocated,unknown,"/img_imagen_victima.img/vol_vol5/usr/share/doc/sed/sedfaq.txt.gz/sedfaq.txt",,,text/plain,txt
howto-pull-request.txt,"0000-00-00 00:00:00","0000-00-00 00:00:00","0000-00-00 00:00:00","0000-00-00 00:00:00",10026,Allocated,Allocated,unknown,"/img_imagen_victima.img/vol_vol5/usr/share/doc/util-linux/howto-pull-request.txt.gz/howto-pull-request.txt",,,text/plain,txt
howto-contribute.txt,"0000-00-00 00:00:00","0000-00-00 00:00:00","0000-00-00 00:00:00","0000-00-00 00:00:00",7946,Allocated,Allocated,unknown,"/img_imagen_victima.img/vol_vol5/usr/share/doc/util-linux/howto-contribute.txt.gz/howto-contribute.txt",,,text/plain,txt
howto-man-page.txt,"0000-00-00 00:00:00","0000-00-00 00:00:00","0000-00-00 00:00:00","0000-00-00 00:00:00",4941,Allocated,Allocated,unknown,"/img_imagen_victima.img/vol_vol5/usr/share/doc/util-linux/howto-man-page.txt.gz/howto-man-page.txt",,,text/troff,txt
howto-usage-function.txt,"0000-00-00 00:00:00","0000-00-00 00:00:00","0000-00-00 00:00:00","0000-00-00 00:00:00",5319,Allocated,Allocated,unknown,"/img_imagen_victima.img/vol_vol5/usr/share/doc/util-linux/howto-usage-function.txt.gz/howto-usage-function.txt",,,text/plain,txt
parse-date.txt,"0000-00-00 00:00:00","0000-00-00 00:00:00","0000-00-00 00:00:00","0000-00-00 00:00:00",20178,Allocated,Allocated,unknown,"/img_imagen_victima.img/vol_vol5/usr/share/doc/util-linux/parse-date.txt.gz/parse-date.txt",,,text/plain,txt
poeigl.txt,"0000-00-00 00:00:00","0000-00-00 00:00:00","0000-00-00 00:00:00","0000-00-00 00:00:00",20068,Allocated,Allocated,unknown,"/img_imagen_victima.img/vol_vol5/usr/share/doc/util-linux/poeigl.txt.gz/poeigl.txt",,,text/plain,txt
libpng-manual.txt,"0000-00-00 00:00:00","0000-00-00 00:00:00","0000-00-00 00:00:00","0000-00-00 00:00:00",228495,Allocated,Allocated,unknown,"/img_imagen_victima.img/vol_vol5/usr/share/doc/libpng16-16/libpng-manual.txt.gz/libpng-manual.txt",,,text/plain,txt
developer-guide.txt,"0000-00-00 00:00:00","0000-00-00 00:00:00","0000-00-00 00:00:00","0000-00-00 00:00:00",5537,Allocated,Allocated,unknown,"/img_imagen_victima.img/vol_vol5/usr/share/doc/python3-setuptools/developer-guide.txt.gz/developer-guide.txt",,,text/plain,txt
easy_install.txt,"0000-00-00 00:00:00","0000-00-00 00:00:00","0000-00-00 00:00:00","0000-00-00 00:00:00",52176,Allocated,Allocated,unknown,"/img_imagen_victima.img/vol_vol5/usr/share/doc/python3-setuptools/easy_install.txt.gz/easy_install.txt",,,text/plain,txt
formats.txt,"0000-00-00 00:00:00","0000-00-00 00:00:00","0000-00-00 00:00:00","0000-00-00 00:00:00",30982,Allocated,Allocated,unknown,"/img_imagen_victima.img/vol_vol5/usr/share/doc/python3-setuptools/formats.txt.gz/formats.txt",,,text/plain,txt
setuptools.txt,"0000-00-00 00:00:00","0000-00-00 00:00:00","0000-00-00 00:00:00","0000-00-00 00:00:00",118234,Allocated,Allocated,unknown,"/img_imagen_victima.img/vol_vol5/usr/share/doc/python3-setuptools/setuptools.txt.gz/setuptools.txt",,,text/plain,txt
README.txt,"0000-00-00 00:00:00","0000-00-00 00:00:00","0000-00-00 00:00:00","0000-00-00 00:00:00",25819,Allocated,Allocated,unknown,"/img_imagen_victima.img/vol_vol5/usr/share/doc/python3-wadllib/README.txt.gz/README.txt",,,text/html,txt
test.txt,"0000-00-00 00:00:00","0000-00-00 00:00:00","0000-00-00 00:00:00","0000-00-00 00:00:00",38899,Allocated,Allocated,unknown,"/img_imagen_victima.img/vol_vol5/usr/share/doc/screen/terminfo/test.txt.gz/test.txt",,,text/plain,txt
faq.txt,"0000-00-00 00:00:00","0000-00-00 00:00:00","0000-00-00 00:00:00","0000-00-00 00:00:00",9411,Allocated,Allocated,unknown,"/img_imagen_victima.img/vol_vol5/usr/share/doc/xz-utils/faq.txt.gz/faq.txt",,,text/plain,txt
history.txt,"0000-00-00 00:00:00","0000-00-00 00:00:00","0000-00-00 00:00:00","0000-00-00 00:00:00",7427,Allocated,Allocated,unknown,"/img_imagen_victima.img/vol_vol5/usr/share/doc/xz-utils/history.txt.gz/history.txt",,,text/plain,txt
lvm2-raid.txt,"0000-00-00 00:00:00","0000-00-00 00:00:00","0000-00-00 00:00:00","0000-00-00 00:00:00",23009,Allocated,Allocated,unknown,"/img_imagen_victima.img/vol_vol5/usr/share/doc/lvm2/lvm2-raid.txt.gz/lvm2-raid.txt",,,text/plain,txt
lvm_fault_handling.txt,"0000-00-00 00:00:00","0000-00-00 00:00:00","0000-00-00 00:00:00","0000-00-00 00:00:00",11322,Allocated,Allocated,unknown,"/img_imagen_victima.img/vol_vol5/usr/share/doc/lvm2/lvm_fault_handling.txt.gz/lvm_fault_handling.txt",,,text/plain,txt
lvm-disk-reading.txt,"0000-00-00 00:00:00","0000-00-00 00:00:00","0000-00-00 00:00:00","0000-00-00 00:00:00",10089,Allocated,Allocated,unknown,"/img_imagen_victima.img/vol_vol5/usr/share/doc/lvm2/lvm-disk-reading.txt.gz/lvm-disk-reading.txt",,,text/plain,txt
lvmetad_design.txt,"0000-00-00 00:00:00","0000-00-00 00:00:00","0000-00-00 00:00:00","0000-00-00 00:00:00",10472,Allocated,Allocated,unknown,"/img_imagen_victima.img/vol_vol5/usr/share/doc/lvm2/lvmetad_design.txt.gz/lvmetad_design.txt",,,text/plain,txt
refactoring.txt,"0000-00-00 00:00:00","0000-00-00 00:00:00","0000-00-00 00:00:00","0000-00-00 00:00:00",5865,Allocated,Allocated,unknown,"/img_imagen_victima.img/vol_vol5/usr/share/doc/lvm2/refactoring.txt.gz/refactoring.txt",,,text/plain,txt
tagging.txt,"0000-00-00 00:00:00","0000-00-00 00:00:00","0000-00-00 00:00:00","0000-00-00 00:00:00",5347,Allocated,Allocated,unknown,"/img_imagen_victima.img/vol_vol5/usr/share/doc/lvm2/tagging.txt.gz/tagging.txt",,,text/plain,txt
unit-tests.txt,"0000-00-00 00:00:00","0000-00-00 00:00:00","0000-00-00 00:00:00","0000-00-00 00:00:00",9096,Allocated,Allocated,unknown,"/img_imagen_victima.img/vol_vol5/usr/share/doc/lvm2/unit-tests.txt.gz/unit-tests.txt",,,text/plain,txt
man-db-manual.txt,"0000-00-00 00:00:00","0000-00-00 00:00:00","0000-00-00 00:00:00","0000-00-00 00:00:00",70554,Allocated,Allocated,unknown,"/img_imagen_victima.img/vol_vol5/usr/share/doc/man-db/man-db-manual.txt.gz/man-db-manual.txt",,,text/plain,txt
python-policy.txt,"0000-00-00 00:00:00","0000-00-00 00:00:00","0000-00-00 00:00:00","0000-00-00 00:00:00",34482,Allocated,Allocated,unknown,"/img_imagen_victima.img/vol_vol5/usr/share/doc/python3/python-policy.txt.gz/python-policy.txt",,,text/plain,txt
